Workbook

Sheet comments
A1: 999 | B1: This is the 'threshold' for the difference between the TOTALS and the sum of their parts
B2: formulae are written in BLUE
B3: All Text and figures are formatted to 'ARIEL' - font size 10 (Headers are BOLD and font size 14)
B4: Titles and headings should be in BOLD
B6: Due to the amalgamation of tables 1.1 and 1.2 all subsequent tables have been renumbered
B7: i.e. Table 1.3 became 1.2, Table 1.4 became 1.3 etc.

Sheet T12.1 - T12.3a
A2: Table 12.1 Trips per person per year by main mode
A4: Scottish residents: average per head of population *
C6: 1995 | E6: 1998 | G6: 2002 | I6: 2004 | K6: 2005 | M6: 2006
C7: / 1997 | E7: / 2000 | G7: / 2003 | I7: / 2005 | K7: / 2006 | M7: / 2007
A9: Walk (1) | C9: 300.63025 | E9: 302.38334 | G9: 289.25548 | I9: 242.13133 | K9: 248.36098
A10: Bicycle | C10: 8.6983851 | E10: 13.634431 | G10: 9.1875457 | I10: 10.304629 | K10: 8.2680609
A11: Driver of car, van or lorry | C11: 388.20494 | E11: 432.73755 | G11: 395.47993 | I11: 406.56784 | K11: 407.74083
A12: Passenger in car, van or lorry | C12: 229.82106 | E12: 219.43389 | G12: 214.15986 | I12: 229.44826 | K12: 225.32205
A13: Motorcycle / moped | C13: 1.3336041 | E13: 1.203069 | G13: 2.3798107 | I13: 0.77829025 | K13: #DIV/0!
A14: Other private transport | C14: 11.103423 | E14: 10.201899 | G14: 10.104487 | I14: 9.1877285 | K14: #DIV/0!
A15: Other private transport (eg motorcycle, private hire bus) | C15: 12.437027 | E15: 11.404968 | G15: 12.484298 | I15: 9.9660188 | K15: 11.035503
A16: Local bus | C16: 86.264589 | E16: 82.778034 | G16: 82.984144 | I16: 81.165354 | K16: 80.097205
A17: Non-local bus | C17: 1.8842372 | E17: 3.0208179 | G17: 0.57930659 | I17: 0.44633675 | K17: 15.457035
A18: Surface Rail | C18: 9.3519143 | E18: 14.570385 | G18: 11.885574 | I18: 15.947234 | K18: 15.457035
A19: Taxi / minicab | C19: 12.592509 | E19: 19.365835 | G19: 15.846041 | I19: 15.863262 | K19: 15.677132
A20: Other public transport | C20: 4.5122588 | E20: 2.1913418 | G20: 3.140612 | I20: 1.6815548 | K20: 0
A21: Other public transport (eg air, ferry, non-local bus) | C21: 6.396496 | E21: 5.2121596 | G21: 3.7199186 | I21: 2.1278915 | K21: 2.4426083
A22: All modes | C22: 1054.3972 | E22: 1101.5206 | G22: 1035.0028 | I22: 1013.5218 | K22: 1014.4014
C23: =IF(ABS(C22-(SUM(C9:C21)-C13-C14-C17-C20))>comments!$A$1,'T12.1 - T12.3a'!C22-(SUM(C9:C21)-C13-C14-C17-C20)," ") | E23: =IF(ABS(E22-(SUM(E9:E21)-E13-E14-E17-E20))>comments!$A$1,'T12.1 - T12.3a'!E22-(SUM(E9:E21)-E13-E14-E17-E20)," ") | G23: =IF(ABS(G22-(SUM(G9:G21)-G13-G14-G17-G20))>comments!$A$1,'T12.1 - T12.3a'!G22-(SUM(G9:G21)-G13-G14-G17-G20)," ") | I23: =IF(ABS(I22-(SUM(I9:I21)-I13-I14-I17-I20))>comments!$A$1,'T12.1 - T12.3a'!I22-(SUM(I9:I21)-I13-I14-I17-I20)," ")
A25: Sample size (number of people) | C25: 2024 | E25: 1926 | G25: 3396 | I25: 3766 | K25: 3723
A27: * Some of the results are based upon a small number of trips in the sample, and so may be subject to large percentage sampling errors.
A28: As a result, there may be some apparently large, and potentially misleading, percentage changes between periods.
A29: As mentioned in the text, NTS results for Scotland should be regarded as broad indicators rather than precise measures.
A30: The figures for 1995/97 onwards are based on weighted data, so are not directly comparable with earlier results (which are based on
A31: unweighted data) which can be found in the previous edition or in the "Travel by Scottish residents" bulletin.
A32: (1) Short walks are believed to be under-recorded in 2002/03 compared with earlier years.
A35: Table 12.2 Average distance travelled per person per year by main mode
A37: Scottish residents: average per head of population *
C39: 1995 | E39: 1998 | G39: 2002 | I39: 2004 | K39: 2005 | M39: 2006
C40: / 1997 | E40: / 2000 | G40: / 2003 | I40: / 2005 | K40: / 2006 | M40: / 2007
M41: miles
A42: Walk (1) | C42: 182.7773 | E42: 185.79268 | G42: 199.23 | I42: 169.2292 | K42: 190.9626
A43: Bicycle | C43: 25.536002 | E43: 30.095233 | G43: 27.598551 | I43: 24.827444 | K43: 22.822146
A44: Driver of car, van or lorry | C44: 3316.4356 | E44: 3737.7596 | G44: 3275.2022 | I44: 3548.6476 | K44: 3595.3512
A45: Passenger in car, van or lorry | C45: 1998.7991 | E45: 2000.6704 | G45: 2058.1865 | I45: 2071.6572 | K45: 2079.9246
A46: Motorcycle / moped | C46: 18.866136 | E46: 12.999113 | G46: 20.230333 | I46: 16.582167 | K46: 170.67517
A47: Other private transport | C47: 141.14759 | E47: 179.36652 | G47: 162.73221 | I47: 155.12225 | K47: 407.20551
A48: Other private transport (eg motorcycle, private hire bus) | C48: 160.01373 | E48: 192.36563 | G48: 182.96254 | I48: 171.70442 | K48: 170.67517
A49: Local bus | C49: 434.78147 | E49: 447.29347 | G49: 379.5538 | I49: 440.95692 | K49: 407.20551
A50: Non-local bus | C50: 94.870975 | E50: 117.03001 | G50: 54.650708 | I50: 35.433252 | K50: 433.33542
A51: Surface Rail | C51: 268.06021 | E51: 524.51778 | G51: 339.30061 | I51: 465.1284 | K51: 408.10795
A52: Taxi / minicab | C52: 39.147081 | E52: 79.189939 | G52: 54.960196 | I52: 61.013598 | K52: 67.539639
A53: Other public transport | C53: 375.96298 | E53: 235.02336 | G53: 361.15991 | I53: 343.71031 | K53: 0
... A55: All modes | C55: 6896.3845 | E55: 7549.7382 | G55: 6932.805 | I55: 7332.3083 | K55: 7375.9242
C56: =IF(ABS(C55-(SUM(C42:C54)-C46-C47-C50-C53))>comments!$A$1,'T12.1 - T12.3a'!C55-(SUM(C42:C54)-C46-C47-C50-C53)," ") | E56: =IF(ABS(E55-(SUM(E42:E54)-E46-E47-E50-E53))>comments!$A$1,'T12.1 - T12.3a'!E55-(SUM(E42:E54)-E46-E47-E50-E53)," ") | G56: =IF(ABS(G55-(SUM(G42:G54)-G46-G47-G50-G53))>comments!$A$1,'T12.1 - T12.3a'!G55-(SUM(G42:G54)-G46-G47-G50-G53)," ") | I56: =IF(ABS(I55-(SUM(I42:I54)-I46-I47-I50-I53))>comments!$A$1,'T12.1 - T12.3a'!I55-(SUM(I42:I54)-I46-I47-I50-I53)," ") | K56: =IF(ABS(K55-(SUM(K42:K54)-K46-K47-K50-K53))>comments!$A$1,'T12.1 - T12.3a'!K55-(SUM(K42:K54)-K46-K47-K50-K53)," ") | L56: =IF(ABS(L55-(SUM(L42:L54)-L46-L47-L50-L53))>comments!$A$1,'T12.1 - T12.3a'!L55-(SUM(L42:L54)-L46-L47-L50-L53)," ") | M56: =IF(ABS(M55-(SUM(M42:M54)-M46-M47-M50-M53))>comments!$A$1,'T12.1 - T12.3a'!M55-(SUM(M42:M54)-M46-M47-M50-M53)," ")
A57: * See footnotes for table 12.1
A60: Table 12.3 Average length of trip by main mode
A62: Scottish residents *
C64: 1995 | E64: 1998 | G64: 2002 | I64: 2004 | K64: 2005 | M64: 2006
C65: / 1997 | E65: / 2000 | G65: / 2003 | I65: / 2005 | K65: / 2006 | M65: / 2007
M66: miles
A67: Walk (1) | C67: 0.60798039 | E67: 0.61442763 | G67: 0.68876829 | I67: 0.69891491 | K67: 0.67634476
A68: Bicycle | C68: 2.9357176 | E68: 2.2072966 | G68: 3.003909 | I68: 2.4093485 | K68: 2.7007184
A69: Driver of car, van or lorry | C69: 8.5430023 | E69: 8.6374747 | G69: 8.2815888 | I69: 8.7283037 | K69: 8.7674539
A70: Passenger in car, van or lorry | C70: 8.6971974 | E70: 9.1174174 | G70: 9.6105151 | I70: 9.0288643 | K70: 9.1412
A71: Motorcycle / moped | C71: 14.14673 | E71: 10.804961 | G71: 8.5008159 | I71: 21.30589 | K71: 15.528722
A72: Other private transport | C72: 12.712079 | E72: 17.58168 | G72: 16.104945 | I72: 16.883634 | K72: 5.1089236
A73: Other private transport (eg motorcycle, private hire bus) | C73: 12.865915 | E73: 16.866828 | G73: 14.655413 | I73: 17.228988 | K73: 15.528722
A74: Local bus | C74: 5.040092 | E74: 5.4035286 | G74: 4.5738111 | I74: 5.432822 | K74: 5.1089236
A75: Non-local bus | C75: 50.349805 | E75: 38.741166 | G75: 94.338144 | I75: 79.386814 | K75: 190.08648
A76: Surface Rail | C76: 28.663672 | E76: 35.998896 | G76: 28.547263 | I76: 29.166714 | K76: 28.852296
A77: Taxi / minicab | C77: 3.1087595 | E77: 4.0891569 | G77: 3.4683866 | I77: 3.8462202 | K77: 3.8398847
A78: Other public transport | C78: 83.32035 | E78: 107.25089 | G78: 114.99667 | I78: 204.40031 | K78: #DIV/0!
A79: Other public transport (eg air, ferry, non-local bus) | C79: 73.608106 | E79: 67.544625 | G79: 111.7795 | I79: 178.17805 | K79: 190.08648
A80: All modes | C80: 6.5405947 | E80: 6.8539237 | G80: 6.6983443 | I80: 7.2344849 | K80: 7.2712082
A82: * See footnotes for table 12.1

Sheet T12.4 - T12.6a
A2: Table 12.4 Trips per person per year by purpose
A4: Scottish residents: average per head of population *
F6: 1995 | H6: 1998 | J6: 2002 | L6: 2004 | N6: 2005 | P6: 2006
F7: / 1997 | H7: / 2000 | J7: / 2003 | L7: / 2005 | N7: / 2006 | P7: / 2007
A9: Commuting | F9: 177.20956 | H9: 177.55942 | J9: 173.89741 | L9: 169.71569 | N9: 158.76595
A10: Business | F10: 38.661624 | H10: 33.032604 | J10: 28.35457 | L10: 34.703061 | N10: 36.469452
A11: Education | F11: 72.090211 | H11: 70.769954 | J11: 81.888918 | L11: 64.321967 | N11: 61.329295
A12: Escort education | F12: 35.819973 | H12: 25.605178 | J12: 31.121441 | L12: 29.452022 | N12: 27.699403
A13: Shopping | F13: 231.78873 | H13: 249.50404 | J13: 207.48162 | L13: 206.55421 | N13: 216.42857
A14: Other escort | F14: 88.923454 | H14: 80.864849 | J14: 98.467998 | L14: 104.17833 | N14: 100.47477
A15: Other personal business | F15: 101.6631 | H15: 114.92832 | J15: 106.6635 | L15: 102.07162 | N15: 106.52062
A16: Visting friends at home | F16: 139.1461 | H16: 136.42082 | J16: 119.25933 | L16: 118.09662 | N16: 118.52942
A17: Visiting friends elsewhere | F17: 36.945509 | H17: 41.742234 | J17: 43.826389 | L17: 36.056444 | N17: 36.647205
A18: Sport / entertainment | F18: 60.702117 | H18: 78.106677 | J18: 71.775605 | L18: 73.718037 | N18: 65.489584
A19: Holiday / day trip | F19: 21.652168 | H19: 27.662436 | J19: 28.746605 | L19: 30.807524 | N19: 34.932815
A20: Other (including "just walk") | F20: 49.794627 | H20: 65.324332 | J20: 43.519565 | L20: 43.846155 | N20: 51.114179
A21: All purposes | F21: 1054.3969 | H21: 1101.5209 | J21: 1035.003 | L21: 1013.5217 | N21: 1014.4016
F22: =IF(ABS(F21-SUM(F9:F20))>comments!$A$1,'T12.4 - T12.6a'!F21-SUM(F9:F20)," ") | H22: =IF(ABS(H21-SUM(H9:H20))>comments!$A$1,'T12.4 - T12.6a'!H21-SUM(H9:H20)," ") | J22: =IF(ABS(J21-SUM(J9:J20))>comments!$A$1,'T12.4 - T12.6a'!J21-SUM(J9:J20)," ") | L22: =IF(ABS(L21-SUM(L9:L20))>comments!$A$1,'T12.4 - T12.6a'!L21-SUM(L9:L20)," ") | N22: =IF(ABS(N21-SUM(N9:N20))>comments!$A$1,'T12.4 - T12.6a'!N21-SUM(N9:N20)," ") | O22: =IF(ABS(O21-SUM(O9:O20))>comments!$A$1,'T12.4 - T12.6a'!O21-SUM(O9:O20)," ") | P22: =IF(ABS(P21-SUM(P9:P20))>comments!$A$1,'T12.4 - T12.6a'!P21-SUM(P9:P20)," ")
A24: Sample size (number of people) | F24: 2024 | H24: 1926 | J24: 3396 | L24: 3766 | N24: 3723
A26: * See footnotes for table 12.1
A28: Table 12.5 Average distance travelled per person per year by purpose
A30: Scottish residents: average per head of population *
F32: 1995 | H32: 1998 | J32: 2002 | L32: 2004 | N32: 2005 | P32: 2006
F33: / 1997 | H33: / 2000 | J33: / 2003 | L33: / 2005 | N33: / 2006 | P33: / 2007
N34: miles
A35: Commuting | F35: 1400.5298 | H35: 1469.5448 | J35: 1322.775 | L35: 1368.5121 | N35: 1305.9154
A36: Business | F36: 683.21327 | H36: 738.41193 | J36: 656.19628 | L36: 819.91174 | N36: 815.59541
A37: Education | F37: 177.69947 | H37: 230.33105 | J37: 208.31287 | L37: 219.26833 | N37: 223.29978
A38: Escort education | F38: 73.490255 | H38: 62.937518 | J38: 54.601684 | L38: 63.583257 | N38: 57.32216
A39: Shopping | F39: 978.49162 | H39: 1132.3436 | J39: 981.57785 | L39: 1011.1709 | N39: 1033.0671
A40: Other escort | F40: 504.93829 | H40: 471.80424 | J40: 516.18966 | L40: 587.37246 | N40: 555.57107
A41: Other personal business | F41: 472.0952 | H41: 598.18525 | J41: 501.20879 | L41: 506.28433 | N41: 537.06229
A42: Visting friends at home | F42: 1135.2696 | H42: 1039.0146 | J42: 1029.9342 | L42: 1139.8493 | N42: 1092.2214
A43: Visiting friends elsewhere | F43: 188.49183 | H43: 221.50091 | J43: 228.68535 | L43: 217.30071 | N43: 237.65143
A44: Sport / entertainment | F44: 428.61893 | H44: 624.09613 | J44: 515.88041 | L44: 496.15056 | N44: 446.55136
A45: Holiday / day trip | F45: 802.71004 | H45: 884.59075 | J45: 874.57813 | L45: 855.53234 | N45: 1023.2394
A46: Other (including "just walk") | F46: 50.836279 | H46: 76.97738 | J46: 42.864852 | L46: 47.372352 | N46: 48.427445
A47: All purposes | F47: 6896.3845 | H47: 7549.7383 | J47: 6932.8055 | L47: 7332.3082 | N47: 7375.9242
F48: =IF(ABS(F47-SUM(F35:F46))>comments!$A$1,'T12.4 - T12.6a'!F47-SUM(F35:F46)," ") | H48: =IF(ABS(H47-SUM(H35:H46))>comments!$A$1,'T12.4 - T12.6a'!H47-SUM(H35:H46)," ") | J48: =IF(ABS(J47-SUM(J35:J46))>comments!$A$1,'T12.4 - T12.6a'!J47-SUM(J35:J46)," ") | L48: =IF(ABS(L47-SUM(L35:L46))>comments!$A$1,'T12.4 - T12.6a'!L47-SUM(L35:L46)," ") | N48: =IF(ABS(N47-SUM(N35:N46))>comments!$A$1,'T12.4 - T12.6a'!N47-SUM(N35:N46)," ") | O48: =IF(ABS(O47-SUM(O35:O46))>comments!$A$1,'T12.4 - T12.6a'!O47-SUM(O35:O46)," ") | P48: =IF(ABS(P47-SUM(P35:P46))>comments!$A$1,'T12.4 - T12.6a'!P47-SUM(P35:P46)," ")
A49: * See footnotes for table 12.1
A51: Table 12.6 Average length of trip by purpose
A53: Scottish residents *
F55: 1995 | H55: 1998 | J55: 2002 | L55: 2004 | N55: 2005 | P55: 2006
F56: / 1997 | H56: / 2000 | J56: / 2003 | L56: / 2005 | N56: / 2006 | P56: / 2007
N57: miles
A58: Commuting | F58: 7.9032408 | H58: 8.276355 | J58: 7.6066404 | L58: 8.0635568 | N58: 8.2254122
A59: Business | F59: 17.671613 | H59: 22.354033 | J59: 23.142523 | L59: 23.626497 | N59: 22.363797
A60: Education | F60: 2.4649597 | H60: 3.2546446 | J60: 2.5438469 | L60: 3.4089183 | N60: 3.6409971
A61: Escort education | F61: 2.0516558 | H61: 2.4579996 | J61: 1.7544716 | L61: 2.1588758 | N61: 2.0694367
A62: Shopping | F62: 4.2214806 | H62: 4.5383776 | J62: 4.7309147 | L62: 4.8954265 | N62: 4.7732474
A63: Other escort | F63: 5.6783477 | H63: 5.8344787 | J63: 5.2422073 | L63: 5.6381445 | N63: 5.5294586
A64: Other personal business | F64: 4.6437222 | H64: 5.2048552 | J64: 4.6989718 | L64: 4.9600893 | N64: 5.0418624
A65: Visting friends at home | F65: 8.1588314 | H65: 7.6162468 | J65: 8.6360892 | L65: 9.6518365 | N65: 9.2147707
A66: Visiting friends elsewhere | F66: 5.1018873 | H66: 5.3063979 | J66: 5.217983 | L66: 6.0266816 | N66: 6.4848446
A67: Sport / entertainment | F67: 7.0610211 | H67: 7.9903045 | J67: 7.187406 | L67: 6.7303822 | N67: 6.8186623
A68: Holiday / day trip | F68: 37.072964 | H68: 31.978049 | J68: 30.423701 | L68: 27.77024 | N68: 29.291639
A69: Other (including "just walk") | F69: 1.020919 | H69: 1.1783876 | J69: 0.9849559 | L69: 1.080422 | N69: 0.94743661
A70: All purposes | F70: 6.5405962 | H70: 6.8539222 | J70: 6.6983437 | L70: 7.2344858 | N70: 7.2712075
A72: * See footnotes for table 12.1

Sheet T12.7-T12.9a
A2: Table 12.7 Hours travelled per person per year by purpose
A4: Scottish residents: average per head of population *
E6: 1995 | G6: 1998 | I6: 2002 | K6: 2004 | M6: 2005 | O6: 2006
E7: / 1997 | G7: / 2000 | I7: / 2003 | K7: / 2005 | M7: / 2006 | O7: / 2007
A9: Commuting | E9: 68.296466 | G9: 71.154636 | I9: 64.699944 | K9: 64.643117 | M9: 65.521389
A10: Business | E10: 20.654876 | G10: 19.845108 | I10: 15.858137 | K10: 21.928857 | M10: 23.585537
A11: Education | E11: 21.077428 | G11: 22.420638 | I11: 23.413117 | K11: 19.054895 | M11: 20.058268
A12: Escort education | E12: 6.9327867 | G12: 4.9525059 | I12: 5.486801 | K12: 5.1192568 | M12: 5.2544084
A13: Shopping | E13: 68.030176 | G13: 69.473513 | I13: 57.452517 | K13: 55.959075 | M13: 63.314558
A14: Other escort | E14: 23.690713 | G14: 21.219685 | I14: 25.926467 | K14: 26.580001 | M14: 27.46403
A15: Other personal business | E15: 28.11601 | G15: 34.060748 | I15: 28.906548 | K15: 28.046878 | M15: 31.815167
A16: Visting friends at home | E16: 52.150528 | G16: 49.084784 | I16: 44.387223 | K16: 43.147218 | M16: 45.60764
A17: Visiting friends elsewhere | E17: 11.037129 | G17: 12.927571 | I17: 13.450651 | K17: 10.991992 | M17: 12.719276
A18: Sport / entertainment | E18: 21.559486 | G18: 28.295412 | I18: 24.06488 | K18: 23.398358 | M18: 22.127121
A19: Holiday / day trip | E19: 25.410234 | G19: 29.051699 | I19: 26.017724 | K19: 24.608352 | M19: 29.743865
A20: Other (including "just walk") | E20: 20.228169 | G20: 23.496248 | I20: 16.122545 | K20: 15.590822 | M20: 18.140937
... A23: Sample size (number of people) | E23: 2024 | G23: 1926 | I23: 3396 | K23: 3766 | M23: 3723
A25: * See footnotes for table 12.1
A27: Table 12.8 Average duration of travel per trip by purpose
A29: Scottish residents: average per head of population *
E31: 1995 | G31: 1998 | I31: 2002 | K31: 2004 | M31: 2005 | O31: 2006
E32: / 1997 | G32: / 2000 | I32: / 2003 | K32: / 2005 | M32: / 2006 | O32: / 2007
M33: minutes
A34: Commuting | E34: 23.123967 | G34: 24.044223 | I34: 22.323488 | K34: 22.853438 | M34: 24.761501
A35: Business | E35: 32.05485 | G35: 36.046402 | I35: 33.556785 | K35: 37.913989 | M35: 38.803221
A36: Education | E36: 17.542543 | G36: 19.008607 | I36: 17.154788 | K36: 17.774545 | M36: 19.623511
A37: Escort education | E37: 11.612717 | G37: 11.605088 | I37: 10.578175 | K37: 10.429009 | M37: 11.381635
A38: Shopping | E38: 17.610048 | G38: 16.706787 | I38: 16.614248 | K38: 16.255028 | M38: 17.552551
A39: Other escort | E39: 15.985015 | G39: 15.744555 | I39: 15.797904 | K39: 15.308367 | M39: 16.400553
A40: Other personal business | E40: 16.593637 | G40: 17.781909 | I40: 16.260416 | K40: 16.486588 | M40: 17.920569
A41: Visting friends at home | E41: 22.487383 | G41: 21.588252 | I41: 22.331447 | K41: 21.921314 | M41: 23.086744
A42: Visiting friends elsewhere | E42: 17.924444 | G42: 18.582001 | I42: 18.414455 | K42: 18.291307 | M42: 20.824414
A43: Sport / entertainment | E43: 21.310116 | G43: 21.735974 | I43: 20.116762 | K43: 19.044206 | M43: 20.272343
A44: Holiday / day trip | E44: 70.413921 | G44: 63.013319 | I44: 54.304272 | K44: 47.926639 | M44: 51.087548
A45: Other (including "just walk") | E45: 24.373918 | G45: 21.581161 | I45: 22.227995 | K45: 21.334809 | M45: 21.294604
A46: All purposes | E46: 20.894445 | G46: 21.024524 | I46: 20.045539 | K46: 20.072713 | M46: 21.609915
A48: * See footnotes for table 12.1
A50: Table 12.9 Trips per person per year by main mode and cars available to the household
A52: Scottish residents: 2007 (average per head of population *)
J54: Number of cars available to the household
G55: No car | I55: One car | K55: 2+ cars | M55: All house-holds
A57: Walk | G57: 375.49201 | I57: 237.02684 | K57: 180.54266 | M57: 248.36098
A58: Driver of car, van or lorry | G58: 12.177263 | I58: 447.16486 | K58: 614.05307 | M58: 407.74083
A59: Passenger in car, van or lorry | G59: 115.38036 | I59: 264.26252 | K59: 251.02164 | M59: 225.32205
A60: Other private (eg bicycle, motorcycle, private hire bus) | G60: 23.316108 | I60: 21.043254 | K60: 14.79141 | M60: 19.303563
A61: Local bus | G61: 182.4763 | I61: 67.025958 | K61: 29.942335 | M61: 80.097205
A62: Other public (eg rail, taxi, air, non-local bus) | G62: 53.068183 | I62: 31.254803 | K62: 23.839684 | M62: 33.576775
A63: All modes | G63: 761.91023 | I63: 1067.7782 | K63: 1114.1908 | M63: 1014.4014
A66: Sample size (number of people) | G66: 859 | I66: 1548 | K66: 1316 | M66: 3723
A68: * See footnotes for table 12.1

Sheet Table 11.1-11.10
A1: Table 11.1 Trips per person per year by main mode
A3: Note: This table has been removed as data are no longer available for Scotland.
A5: Table 11.2 Average distance travelled per person per year by main mode
A7: Note: This table has been removed as data are no longer available for Scotland.
A9: Table 11.3 Average length of trip by main mode
A11: Note: This table has been removed as data are no longer available for Scotland.
A13: Table 11.4 Trips per person per year by purpose
A14: Note: This table has been removed as data are no longer available for Scotland.
A16: Table 11.5 Average distance travelled per person per year by purpose
A17: Note: This table has been removed as data are no longer available for Scotland.
A19: Table 11.6 Average length of trip by purpose
A20: Note: This table has been removed as data are no longer available for Scotland.
... A31: Table 11.10 Frequency of driving* for people aged 17+: 2013
C33: Per Week | E33: Per Month
H35: Holds | I35: Total | J35: Doesn't
B36: Every | C36: At least | D36: Once or | E36: At least | F36: At least | G36: Less | H36: full | I36: with | J36: have | K36: Sample
B37: day | C37: 3 times | D37: twice | E37: 2 or 3 | F37: once | G37: than | H37: licence, | I37: a full | J37: a full | K37: size
E38: times | G38: once | H38: never | I38: driving | J38: driving | K38: (=100%)
H39: drives | I39: licence | J39: licence
F41: row percentages
A42: All people aged 17+ in 2013: | B42: 42 | C42: 13 | D42: 6 | E42: 1 | F42: 0 | G42: 2 | H42: 4 | I42: 68 | J42: 32 | K42: 9838
A43: by gender:
A44: Male | B44: 49 | C44: 14 | D44: 6 | E44: 1 | F44: 0 | G44: 1 | H44: 4 | I44: 76 | J44: 24 | K44: 4405
A45: Female | B45: 36 | C45: 13 | D45: 5 | E45: 1 | F45: 1 | G45: 2 | H45: 5 | I45: 61 | J45: 39 | K45: 5433
A46: by age:
A47: 17-19 | B47: 17 | C47: 2 | D47: ** | E47: ** | F47: 0 | G47: 2 | H47: ** | I47: 26 | J47: 74 | K47: 211
A48: 20-29 | B48: 34 | C48: 8 | D48: 3 | E48: 1 | F48: 1 | G48: 2 | H48: 6 | I48: 56 | J48: 44 | K48: 1201
A49: 30-39 | B49: 51 | C49: 11 | D49: 6 | E49: 0 | F49: 0 | G49: 2 | H49: 4 | I49: 74 | J49: 26 | K49: 1337
A50: 40-49 | B50: 57 | C50: 13 | D50: 5 | E50: 1 | F50: 0 | G50: 1 | H50: 3 | I50: 80 | J50: 20 | K50: 1632
A51: 50-59 | B51: 52 | C51: 13 | D51: 7 | E51: 1 | F51: ** | G51: 1 | H51: 4 | I51: 80 | J51: 20 | K51: 1754
A52: 60-69 | B52: 39 | C52: 20 | D52: 7 | E52: 1 | F52: 1 | G52: 1 | H52: 5 | I52: 74 | J52: 26 | K52: 1703
A53: 70-79 | B53: 22 | C53: 21 | D53: 8 | E53: 1 | F53: 1 | G53: 3 | H53: 5 | I53: 60 | J53: 40 | K53: 1286
A54: 80+ | B54: 13 | C54: 12 | D54: 7 | E54: 1 | F54: ** | G54: 1 | H54: 7 | I54: 41 | J54: 59 | K54: 714
A55: by current situation:
A56: Self employed | B56: 67 | C56: 16 | D56: 7 | E56: 1 | F56: ** | G56: 1 | H56: 2 | I56: 93 | J56: 7 | K56: 602
A57: Employed full time | B57: 62 | C57: 11 | D57: 5 | E57: 1 | F57: 0 | G57: 1 | H57: 3 | I57: 84 | J57: 16 | K57: 3249
A58: Employed part time | B58: 45 | C58: 13 | D58: 3 | E58: 1 | F58: ** | G58: 1 | H58: 4 | I58: 67 | J58: 33 | K58: 993
A59: Looking after the home or family | B59: 32 | C59: 13 | D59: 4 | E59: 1 | F59: 0 | G59: 1 | H59: 3 | I59: 55 | J59: 45 | K59: 538
A60: Permanently retired from work | B60: 24 | C60: 20 | D60: 8 | E60: 1 | F60: 1 | G60: 2 | H60: 5 | I60: 62 | J60: 38 | K60: 3128
A61: Unemployed and seeking work | B61: 11 | C61: 6 | D61: 3 | E61: ** | F61: ** | G61: 2 | H61: 9 | I61: 32 | J61: 68 | K61: 475
A62: In further/higher education | B62: 13 | C62: 6 | D62: 4 | E62: 2 | F62: 2 | G62: 5 | H62: 9 | I62: 41 | J62: 59 | K62: 278
A63: Permanently sick or disabled | B63: 11 | C63: 9 | D63: 5 | E63: ** | F63: 0 | G63: 3 | H63: 11 | I63: 40 | J63: 60 | K63: 455
A64: by annual net household income:
A65: up to £10,000 p.a. | B65: 18 | C65: 11 | D65: 5 | E65: 1 | F65: 1 | G65: 3 | H65: 8 | I65: 47 | J65: 53 | K65: 1316
A66: over £10,000 - £15,000 | B66: 25 | C66: 10 | D66: 7 | E66: 1 | F66: 0 | G66: 2 | H66: 7 | I66: 52 | J66: 48 | K66: 1852
A67: over £15,000 - £20,000 | B67: 32 | C67: 13 | D67: 5 | E67: 1 | F67: 1 | G67: 2 | H67: 5 | I67: 58 | J67: 42 | K67: 1516
A68: over £20,000 - £25,000 | B68: 39 | C68: 13 | D68: 5 | E68: 2 | F68: 0 | G68: 2 | H68: 4 | I68: 65 | J68: 35 | K68: 1170
A69: over £25,000 - £30,000 | B69: 46 | C69: 15 | D69: 6 | E69: 2 | F69: 1 | G69: 1 | H69: 3 | I69: 75 | J69: 25 | K69: 896
A70: over £30,000 - £40,000 | B70: 57 | C70: 14 | D70: 5 | E70: ** | F70: 0 | G70: 1 | H70: 3 | I70: 81 | J70: 19 | K70: 1232
A71: over £40,000 p.a. | B71: 65 | C71: 15 | D71: 6 | E71: 1 | F71: ** | G71: 1 | H71: 2 | I71: 90 | J71: 10 | K71: 1556
A72: by Scottish Index of Multiple Deprivation:
A73: 1 (20 % most deprived) | B73: 27 | C73: 8 | D73: 3 | E73: 0 | F73: ** | G73: 1 | H73: 5 | I73: 44 | J73: 56 | K73: 1874
A74: 2 | B74: 36 | C74: 11 | D74: 5 | E74: 1 | F74: 1 | G74: 2 | H74: 5 | I74: 61 | J74: 39 | K74: 2012
A75: 3 | B75: 46 | C75: 14 | D75: 6 | E75: 1 | F75: 1 | G75: 2 | H75: 4 | I75: 73 | J75: 27 | K75: 2125
A76: 4 | B76: 51 | C76: 15 | D76: 7 | E76: 1 | F76: 0 | G76: 1 | H76: 4 | I76: 79 | J76: 21 | K76: 2080
A77: 5 (20% least deprived) | B77: 50 | C77: 19 | D77: 7 | E77: 1 | F77: 1 | G77: 2 | H77: 4 | I77: 84 | J77: 16 | K77: 1747
A78: by urban/rural:
A79: Large urban areas | B79: 34 | C79: 12 | D79: 6 | E79: 1 | F79: 1 | G79: 2 | H79: 6 | I79: 61 | J79: 39 | K79: 3279
A80: Other urban | B80: 42 | C80: 13 | D80: 4 | E80: 1 | F80: 0 | G80: 1 | H80: 4 | I80: 66 | J80: 34 | K80: 2977
A81: Small accessible towns | B81: 47 | C81: 15 | D81: 5 | E81: 1 | F81: ** | G81: 1 | H81: 4 | I81: 73 | J81: 27 | K81: 899
A82: Small remote towns | B82: 43 | C82: 14 | D82: 7 | E82: 1 | F82: ** | G82: 1 | H82: 3 | I82: 71 | J82: 29 | K82: 608
A83: Accessible rural | B83: 57 | C83: 16 | D83: 7 | E83: 1 | F83: ** | G83: 1 | H83: 3 | I83: 85 | J83: 15 | K83: 1048
A84: Remote rural | B84: 58 | C84: 16 | D84: 8 | E84: 1 | F84: 0 | G84: 1 | H84: 2 | I84: 87 | J84: 13 | K84: 1027
A85: Source: Scottish Household Survey
A86: *The frequency of driving is shown only for those who hold a full driving licence
A87: ** Cell value suppressed as contain less than 5 responses.

Sheet T11.11
A1: Table 11.11 Frequency of Walking in the previous seven days 1 (people aged 16+): 2012 2
B2: As means of transport | G2: Sample | H2: Just for pleasure | M2: Sample
G3: size | H3: or to keep fit 2 | M3: size
G4: (=100%) | M4: (=100%)
B5: none | C5: 1-2 days | D5: 3-5 days | E5: 6-7 days | F5: 1 + | H5: none | I5: 1-2 days | J5: 3-5 days | K5: 6-7 days | L5: 1 +
F6: days | L6: days
L7: row percentages
A9: All people in 2012: | B9: 34 | C9: 20 | D9: 23 | E9: 23 | F9: 66 | G9: 9841 | H9: 45 | I9: 19 | J9: 17 | K9: 19 | L9: 55 | M9: 9805
A10: by gender:
A11: Male | B11: 34 | C11: 19 | D11: 23 | E11: 24 | F11: 66 | G11: 4383 | H11: 44 | I11: 20 | J11: 16 | K11: 20 | L11: 56 | M11: 4369
A12: Female | B12: 35 | C12: 20 | D12: 24 | E12: 21 | F12: 65 | G12: 5458 | H12: 46 | I12: 18 | J12: 17 | K12: 19 | L12: 54 | M12: 5436
A13: by age:
A14: 16-19 | B14: 18 | C14: 19 | D14: 34 | E14: 29 | F14: 82 | G14: 272 | H14: 39 | I14: 21 | J14: 22 | K14: 19 | L14: 61 | M14: 272
A15: 20-29 | B15: 22 | C15: 18 | D15: 28 | E15: 31 | F15: 78 | G15: 1148 | H15: 43 | I15: 21 | J15: 19 | K15: 18 | L15: 57 | M15: 1137
A16: 30-39 | B16: 29 | C16: 20 | D16: 24 | E16: 27 | F16: 71 | G16: 1458 | H16: 39 | I16: 22 | J16: 18 | K16: 21 | L16: 61 | M16: 1448
A17: 40-49 | B17: 35 | C17: 24 | D17: 21 | E17: 20 | F17: 65 | G17: 1617 | H17: 41 | I17: 21 | J17: 17 | K17: 21 | L17: 59 | M17: 1612
A18: 50-59 | B18: 36 | C18: 21 | D18: 23 | E18: 20 | F18: 64 | G18: 1629 | H18: 43 | I18: 19 | J18: 16 | K18: 22 | L18: 57 | M18: 1630
A19: 60-69 | B19: 39 | C19: 19 | D19: 21 | E19: 20 | F19: 61 | G19: 1745 | H19: 47 | I19: 16 | J19: 16 | K19: 20 | L19: 53 | M19: 1740
A20: 70-79 | B20: 46 | C20: 19 | D20: 19 | E20: 15 | F20: 54 | G20: 1257 | H20: 57 | I20: 15 | J20: 12 | K20: 16 | L20: 43 | M20: 1252
A21: 80+ | B21: 65 | C21: 11 | D21: 13 | E21: 12 | F21: 35 | G21: 715 | H21: 76 | I21: 9 | J21: 7 | K21: 8 | L21: 24 | M21: 714
A22: by current situation:
A23: Self employed | B23: 38 | C23: 19 | D23: 21 | E23: 22 | F23: 62 | G23: 579 | H23: 36 | I23: 23 | J23: 17 | K23: 24 | L23: 64 | M23: 579
A24: Employed full time | B24: 32 | C24: 23 | D24: 23 | E24: 22 | F24: 68 | G24: 3115 | H24: 41 | I24: 23 | J24: 18 | K24: 18 | L24: 59 | M24: 3099
A25: Employed part time | B25: 29 | C25: 20 | D25: 28 | E25: 23 | F25: 71 | G25: 1009 | H25: 40 | I25: 19 | J25: 19 | K25: 21 | L25: 60 | M25: 1007
A26: Looking after the home/family | B26: 20 | C26: 22 | D26: 24 | E26: 33 | F26: 80 | G26: 475 | H26: 35 | I26: 15 | J26: 18 | K26: 32 | L26: 65 | M26: 472
A27: Permanently retired from work | B27: 46 | C27: 18 | D27: 19 | E27: 17 | F27: 54 | G27: 3188 | H27: 56 | I27: 14 | J27: 13 | K27: 17 | L27: 44 | M27: 3179
A28: Unemployed/seeking work | B28: 23 | C28: 16 | D28: 28 | E28: 33 | F28: 77 | G28: 486 | H28: 38 | I28: 15 | J28: 22 | K28: 25 | L28: 62 | M28: 482
A29: In further/higher education | B29: 14 | C29: 11 | D29: 37 | E29: 38 | F29: 86 | G29: 312 | H29: 36 | I29: 22 | J29: 24 | K29: 18 | L29: 64 | M29: 312
A30: Permanently sick or disabled | B30: 62 | C30: 12 | D30: 15 | E30: 11 | F30: 38 | G30: 504 | H30: 71 | I30: 6 | J30: 10 | K30: 13 | L30: 29 | M30: 503
A31: by annual net household income:
A32: up to £10,000 p.a. | B32: 32 | C32: 15 | D32: 23 | E32: 30 | F32: 68 | G32: 1399 | H32: 49 | I32: 13 | J32: 14 | K32: 24 | L32: 51 | M32: 1391
A33: over £10,000 - £15,000 | B33: 35 | C33: 18 | D33: 22 | E33: 25 | F33: 65 | G33: 1863 | H33: 51 | I33: 15 | J33: 15 | K33: 19 | L33: 49 | M33: 1865
A34: over £15,000 - £20,000 | B34: 38 | C34: 18 | D34: 21 | E34: 23 | F34: 62 | G34: 1525 | H34: 49 | I34: 18 | J34: 15 | K34: 18 | L34: 51 | M34: 1522
A35: over £20,000 - £25,000 | B35: 36 | C35: 20 | D35: 22 | E35: 22 | F35: 64 | G35: 1260 | H35: 46 | I35: 18 | J35: 16 | K35: 20 | L35: 54 | M35: 1259
A36: over £25,000 - £30,000 | B36: 34 | C36: 20 | D36: 25 | E36: 21 | F36: 66 | G36: 901 | H36: 45 | I36: 20 | J36: 16 | K36: 19 | L36: 55 | M36: 891
A37: over £30,000 - £40,000 | B37: 34 | C37: 22 | D37: 24 | E37: 20 | F37: 66 | G37: 1181 | H37: 40 | I37: 23 | J37: 18 | K37: 19 | L37: 60 | M37: 1181
A38: over £40,000 p.a. | B38: 32 | C38: 25 | D38: 25 | E38: 19 | F38: 68 | G38: 1375 | H38: 37 | I38: 24 | J38: 20 | K38: 19 | L38: 63 | M38: 1368
A39: by Scottish Index of Multiple Deprivation:
A40: 1 (20 % most deprived) | B40: 32 | C40: 19 | D40: 24 | E40: 25 | F40: 68 | G40: 1869 | H40: 50 | I40: 17 | J40: 17 | K40: 17 | L40: 50 | M40: 1854 | P40: hjhjkk
A41: 2 | B41: 34 | C41: 19 | D41: 23 | E41: 23 | F41: 66 | G41: 2060 | H41: 48 | I41: 17 | J41: 15 | K41: 21 | L41: 52 | M41: 2056
A42: 3 | B42: 35 | C42: 19 | D42: 23 | E42: 22 | F42: 65 | G42: 2137 | H42: 46 | I42: 17 | J42: 17 | K42: 20 | L42: 54 | M42: 2130
A43: 4 | B43: 38 | C43: 19 | D43: 23 | E43: 20 | F43: 62 | G43: 2109 | H43: 41 | I43: 20 | J43: 17 | K43: 23 | L43: 59 | M43: 2104
A44: 5 (20% least deprived) | B44: 31 | C44: 24 | D44: 23 | E44: 23 | F44: 69 | G44: 1666 | H44: 42 | I44: 24 | J44: 17 | K44: 17 | L44: 58 | M44: 1661
A45: by urban/rural classification:
A46: Large urban areas | B46: 27 | C46: 19 | D46: 25 | E46: 28 | F46: 73 | G46: 3252 | H46: 48 | I46: 19 | J46: 16 | K46: 16 | L46: 52 | M46: 3204
A47: Other urban | B47: 38 | C47: 23 | D47: 23 | E47: 17 | F47: 62 | G47: 2975 | H47: 48 | I47: 17 | J47: 17 | K47: 18 | L47: 52 | M47: 2977
A48: Small accessible towns | B48: 33 | C48: 22 | D48: 24 | E48: 20 | F48: 67 | G48: 889 | H48: 41 | I48: 25 | J48: 16 | K48: 18 | L48: 59 | M48: 890
A49: Small remote towns | B49: 34 | C49: 16 | D49: 25 | E49: 26 | F49: 66 | G49: 586 | H49: 45 | I49: 17 | J49: 14 | K49: 23 | L49: 55 | M49: 589
A50: Accessible rural | B50: 45 | C50: 16 | D50: 20 | E50: 19 | F50: 55 | G50: 1047 | H50: 36 | I50: 18 | J50: 19 | K50: 26 | L50: 64 | M50: 1052
A51: Remote rural | B51: 44 | C51: 16 | D51: 16 | E51: 24 | F51: 56 | G51: 1092 | H51: 37 | I51: 19 | J51: 14 | K51: 29 | L51: 63 | M51: 1093
A52: by frequency of driving: #
A53: every day | B53: 42 | C53: 24 | D53: 20 | E53: 15 | F53: 58 | G53: 3878 | H53: 42 | I53: 22 | J53: 16 | K53: 20 | L53: 58 | M53: 3882
A54: at least three times a week | B54: 33 | C54: 22 | D54: 28 | E54: 18 | F54: 67 | G54: 1370 | H54: 38 | I54: 21 | J54: 22 | K54: 19 | L54: 62 | M54: 1356
A55: once or twice a week | B55: 34 | C55: 17 | D55: 23 | E55: 26 | F55: 66 | G55: 573 | H55: 46 | I55: 22 | J55: 15 | K55: 17 | L55: 54 | M55: 575
A56: less often | B56: 25 | C56: 11 | D56: 25 | E56: 38 | F56: 75 | G56: 259 | H56: 49 | I56: 17 | J56: 18 | K56: 15 | L56: 51 | M56: 259
A57: Never, but holds full driving licence | B57: 27 | C57: 12 | D57: 25 | E57: 37 | F57: 73 | G57: 486 | H57: 46 | I57: 15 | J57: 17 | K57: 22 | L57: 54 | M57: 487
A58: Source: Scottish Household Survey
A59: 1. The number of days in the previous seven days on which the person made a trip of more than a quarter of a mile by foot for the specified purpose.
A60: 2. Question now asked in survey every other year. 2012 is the most recent data available.
A61: # Only includes those with a full driving licence.

Sheet T11.12-T11.13
A1: Table 11.12 Frequency of Driving1,2 for people aged 17+
C2: 1999 | D2: 2000 | E2: 2001 | F2: 2002 | G2: 2003 | H2: 2004 | I2: 2005 | J2: 2006 | K2: 2007 | L2: 2008 | M2: 2009 | N2: 2010 | O2: 2011 | P2: 2012 | Q2: 2013
Q3: column percentages
A4: Every Day | C4: 44.2 | D4: 44.7 | E4: 45.8 | F4: 45.5 | G4: 43.3 | H4: 41.4 | I4: 41.8 | J4: 40.9 | K4: 45.2 | L4: 44.9 | M4: 43.4 | N4: 41.4 | O4: 40.7 | P4: 42 | Q4: 41.9
A6: Per Week:
A7: At least 3 times | C7: 7.6 | D7: 7.9 | E7: 8 | F7: 8 | G7: 10.2 | H7: 11.2 | I7: 11.2 | J7: 11.6 | K7: 10 | L7: 10.4 | M7: 11.9 | N7: 12.8 | O7: 13.3 | P7: 13.1 | Q7: 13.3
A8: Once or twice | C8: 4.5 | D8: 4.2 | E8: 3.9 | F8: 4.2 | G8: 5.5 | H8: 5.7 | I8: 5.8 | J8: 6.7 | K8: 5.1 | L8: 5.6 | M8: 5.6 | N8: 6 | O8: 6.2 | P8: 6 | Q8: 5.6
A9: Per Month:
A10: At least 2 or 3 times | C10: 1 | D10: 0.9 | E10: 1 | F10: 0.9 | G10: 0.7 | H10: 0.8 | I10: 0.8 | J10: 1 | K10: 0.9 | L10: 1 | M10: 0.9 | N10: 0.9 | O10: 0.9 | P10: 0.8 | Q10: 1
A11: At least once | C11: 0.5 | D11: 0.5 | E11: 0.6 | F11: 0.4 | G11: 0.4 | H11: 0.6 | I11: 0.5 | J11: 0.5 | K11: 0.6 | L11: 0.4 | M11: 0.4 | N11: 0.4 | O11: 0.4 | P11: 0.3 | Q11: 0.5
A12: Less than once | C12: 1.7 | D12: 1.8 | E12: 1.9 | F12: 2.1 | G12: 1.7 | H12: 1.6 | I12: 1.4 | J12: 1.4 | K12: 1.7 | L12: 1.3 | M12: 1.6 | N12: 1.8 | O12: 1.7 | P12: 1.7 | Q12: 1.6
A14: Holds full driving licence, never drives | C14: 4 | D14: 4 | E14: 3.5 | F14: 3.5 | G14: 4.1 | H14: 4.5 | I14: 4.1 | J14: 4.4 | K14: 3.5 | L14: 4 | M14: 4.2 | N14: 4.3 | O14: 4.1 | P14: 4.5 | Q14: 4.5
A16: Total with a full driving licence | C16: =100-C18 -> 63.5 | D16: =100-D18 -> 64 | E16: =100-E18 -> 64.7 | F16: =100-F18 -> 64.6 | G16: =100-G18 -> 65.8 | H16: =100-H18 -> 65.8 | I16: =100-I18 -> 65.6 | J16: =100-J18 -> 66.4 | ... Q16: =100-Q18 -> 68.4
A18: Doesn't have a full driving licence | C18: 36.5 | D18: 36 | E18: 35.3 | F18: 35.4 | G18: 34.2 | H18: 34.2 | I18: 34.4 | J18: 33.6 | K18: 33 | L18: 32.4 | M18: 32 | N18: 32.4 | O18: 32.7 | P18: 31.7 | Q18: 31.6
A20: Sample size (=100%) | C20: 13660 | D20: 14440 | E20: 14527 | F20: 13936 | G20: 13850 | H20: 14660 | I20: 13968 | J20: 14075 | K20: 12152 | L20: 12263 | M20: 12447 | N20: 12361 | O20: 12801 | P20: 9828 | Q20: 9838
A22: Source: Scottish Household Survey
A23: 1 For holders of full licences.
A24: 2 From April 2003, the questionnaire changed such that information on possession of driving licences and frequency of driving was no longer collected from
A25: the head of the household, or his / her spouse/partner, about all adults in the household, but instead from one randomly chosen adult member of the
A26: household about him or herself.
A28: Table 11.13 Frequency of Walking in the previous seven days1 2 (people aged 16+)
C29: 1999 | D29: 2000 | E29: 2001 | G29: 2002 | H29: 2003 | I29: 2004 | J29: 2005 | K29: 2006 | L29: 2007 | M29: 2008 | N29: 2009 | O29: 2010 | P29: 2011 | Q29: 2012
Q30: column percentages
A31: As means of transport
A32: None | C32: 47.6 | D32: 46.4 | E32: 44.9 | G32: 45.1 | H32: 45.6 | I32: 45.8 | J32: 46 | K32: 46 | L32: 48 | M32: 47.5 | N32: 41 | O32: 38 | P32: 36.9 | Q32: 34
A33: 1-2 days | C33: 18.7 | D33: 18.3 | E33: 19.1 | G33: 18.3 | H33: 17.5 | I33: 16.8 | J33: 15.3 | K33: 15.8 | L33: 17.9 | M33: 17.2 | N33: 17.5 | O33: 18.9 | P33: 19.1 | Q33: 20
A34: 3-5 days | C34: 18.2 | D34: 20.5 | E34: 21.6 | G34: 22.1 | H34: 21.9 | I34: 21.3 | J34: 22 | K34: 21.3 | L34: 19.8 | M34: 21.7 | N34: 22.4 | O34: 24.3 | P34: 24.4 | Q34: 23
A35: 6-7 days | C35: 15.4 | D35: 14.7 | E35: 14.5 | G35: 14.6 | H35: 15 | I35: 16 | J35: 16.7 | K35: 17 | L35: 14.3 | M35: 13.6 | N35: 19.1 | O35: 18.8 | P35: 19.6 | Q35: 23
A36: 1+ days | C36: =100-C32 -> 52.4 | D36: =100-D32 -> 53.6 | E36: =100-E32 -> 55.1 | G36: =100-G32 -> 54.9 | H36: =100-H32 -> 54.4 | I36: =100-I32 -> 54.2 | J36: =100-J32 -> 54 | K36: =100-K32 -> 54 | L36: =100-L32 -> 52 | M36: =100-M32 -> 52.5 | N36: =100-N32 -> 59 | ... Q36: =100-Q32 -> 66
A37: Sample size (=100%) | G37: 13984 | H37: 13927 | I37: 14715 | J37: 6992 | K37: 7111 | L37: 6116 | M37: 6197 | N37: 6137 | O37: 6178 | P37: 6381 | Q37: 9841
A39: Just for pleasure or to keep fit 2
A40: None | C40: 60.3 | D40: 58.6 | E40: 57.1 | G40: 59.3 | H40: 56.1 | I40: 56.1 | J40: 53.9 | K40: 53.3 | L40: 53.1 | M40: 54.9 | N40: 51.6 | O40: 48.7 | P40: 46 | Q40: 45
A41: 1-2 days | C41: 15.9 | D41: 16.9 | E41: 18.2 | G41: 18 | H41: 17.8 | I41: 16.4 | J41: 16.9 | K41: 16.5 | L41: 17.6 | M41: 18.4 | N41: 19.1 | O41: 17.7 | P41: 18.9 | Q41: 19
A42: 3-5 days | C42: 10.5 | D42: 11.7 | E42: 12.1 | G42: 10.7 | H42: 12.4 | I42: 13.3 | J42: 14.2 | K42: 13.7 | L42: 13.7 | M42: 13 | N42: 13.1 | O42: 16.5 | P42: 16.7 | Q42: 17
A43: 6-7 days | C43: 13.2 | D43: 12.8 | E43: 12.6 | G43: 12.1 | H43: 13.7 | I43: 14.2 | J43: 15.1 | K43: 16.4 | L43: 15.5 | M43: 13.7 | N43: 16.1 | O43: 17.2 | P43: 18.5 | Q43: 19
A44: 1+ days | C44: =100-C40 -> 39.7 | D44: =100-D40 -> 41.4 | E44: =100-E40 -> 42.9 | G44: =100-G40 -> 40.7 | H44: =100-H40 -> 43.9 | I44: =100-I40 -> 43.9 | J44: =100-J40 -> 46.1 | K44: =100-K40 -> 46.7 | L44: =100-L40 -> 46.9 | M44: =100-M40 -> 45.1 | N44: =100-N40 -> 48.4 | ... Q44: =100-Q40 -> 55
A46: Sample size (=100%) | C46: 13757 | D46: 14516 | E46: 14643 | G46: 14041 | H46: 13925 | I46: 14713 | J46: 6993 | K46: 7111 | L46: 6121 | M46: 6209 | N46: 6119 | O46: 6136 | P46: 6372 | Q46: 9805
A48: Source: Scottish Household Survey
A49: 1. The number of days in the previous seven days on which the person made a trip of more than a quarter of a mile by foot for the specified purpose.
A50: 2. Question now asked in survey every other year. 2012 is the most recent data available.
A51: 3. This category includes jogging and walking a dog.

Sheet T11.14-T11.17
A1: Table 11.14 Usual means of travel to usual place of work (in Autumn)
C2: 2000 | D2: 2001 | E2: 2002 | F2: 2003 | G2: 2004 | H2: 2005 | I2: 2006 | J2: 2007 | K2: 2008 | L2: 2009 | M2: 2010 | N2: 2011 | O2: 2012 | P2: 2013
P3: percentage
A4: Car,van,minibus,works van | C4: 67.2 | D4: 69 | E4: 69.6 | F4: 70.013997 | G4: 69 | H4: 67.802761 | I4: 69 | J4: 69 | K4: 68.8 | L4: 69.5 | M4: 71.2 | N4: 68 | O4: 68 | P4: 68
A5: Bicycle | C5: 1.8 | D5: 2 | E5: 1.71 | F5: 1.391109 | G5: 1 | H5: 1.8727915 | I5: 1 | J5: 1.8163701 | K5: 1.9 | L5: 1.5 | M5: 1.6 | N5: 2 | O5: 2 | P5: 2
A6: Bus,coach.private bus | C6: 12.6 | D6: 12 | E6: 11.35 | F6: 11.477822 | G6: 12 | H6: 11.986742 | I6: 12 | J6: 11.519449 | K6: 12.6 | L6: 10.7 | M6: 10.2 | N6: 12 | O6: 11 | P6: 11
A7: Rail (inc Underground) | C7: 3.6 | D7: 4 | E7: 3.34 | F7: 3.5422079 | G7: 3 | H7: 3.7772539 | I7: 5 | J7: 4.1090769 | K7: 3.5 | L7: 3.6 | M7: 3.8 | N7: 4 | O7: 4 | P7: 5
A8: Walk | C8: 13.4 | D8: 12 | E8: 12.51 | F8: 12.058832 | G8: 12 | H8: 12.654096 | I8: 12 | J8: 11.050838 | K8: 11.1 | L8: 12.114203 | M8: 11.5 | N8: 12 | O8: 12 | P8: 13
A9: Other (inc taxi) | C9: 1.4 | D9: 2 | E9: 1.49 | F9: 1.5160325 | G9: 3 | H9: 1.9063553 | I9: 1 | J9: 1.6183218 | K9: 2.1 | L9: 2.6 | M9: 1.7 | N9: 2 | O9: 2 | P9: 2
A10: All | C10: 100 | D10: 100 | E10: 100 | F10: 100 | G10: 100 | H10: 100 | I10: 100 | J10: 100 | K10: 100 | L10: 100 | M10: 100 | N10: 100 | O10: 100 | P10: 100
A11: Source: Transport Statistics Great Britain
A13: Table 11.15(a) Usual time taken to travel to usual place of work (in Autumn)
C14: 1996 | D14: 1997 | F14: 1998 | G14: 1999 | H14: 2000 | I14: 2001 | J14: 2002 | K14: 2003 | L14: 2004 | M14: 2005
M15: minutes
A16: Car,van,minibus,works van | C16: 21.885618 | D16: 22.023187 | F16: 21.811141 | G16: 22.22 | H16: 22.78 | I16: 20 | J16: 23 | K16: 20.009707 | L16: 22 | M16: 21
A17: Bicycle | C17: 14.220463 | D17: 14.227601 | F17: 14.947838 | G17: 15.33 | H17: 17.82 | I17: 15 | J17: 14 | K17: 16.135704 | L17: 15 | M17: 16
A18: Bus,coach.private bus | C18: 30.909023 | D18: 33.003612 | F18: 31.823399 | G18: 31.53 | H18: 32.09 | I18: 33 | J18: 34 | K18: 32.738495 | L18: 32 | M18: 32
A19: Rail (inc Underground) | C19: 57.64136 | D19: 41.771988 | F19: 55.077975 | G19: 53.292577 | H19: 51.98 | I19: 47 | J19: 46 | K19: 47.906168 | L19: 46 | M19: 49
A20: Walk | C20: 10.599927 | D20: 12.047324 | F20: 12.375157 | G20: 11.69 | H20: 11.98 | I20: 11 | J20: 12 | K20: 11.702521 | L20: 12 | M20: 13
A21: Other (inc taxi) | C21: 33.961582 | D21: 32.987736 | F21: 44.920248 | G21: 33.267132 | H21: 46.6 | I21: 42 | J21: 46 | K21: 24.55 | L21: 36 | M21: 40
A22: All | C22: 22.240523 | D22: 22.659841 | F22: 22.862528 | G22: 23.07 | H22: 23.83 | I22: 22 | J22: 24 | K22: 21.473591 | L22: 23 | M22: 22
A24: Note: This table is no longer being updated. Henceforth, information about average times taken to travel to work will be given in Table 11.15 (b),
A25: which is on the basis that is used to produce such figures for DfT's "Regional Transport Statistics".
A27: Table 11.15(b) Usual time taken to travel to usual place of work (in Autumn) 1,2
B28: 2000 | D28: 2001 | E28: 2002 | F28: 2003 | G28: 2004 | H28: 2005 | I28: 2006 | J28: 2007 | K28: 2008 | L28: 2009 1 | M28: 2010 1 | N28: 2011 1 | O28: 2012 1 | P28: 2013 1
P29: minutes
A30: Car | B30: .. | D30: .. | E30: 23 | F30: 23 | G30: 24 | H30: 23 | I30: 23 | J30: 23.977322 | K30: 24.341143 | L30: 24.104782 | M30: 24.688766 | N30: 23 | O30: 24 | P30: 25
A31: Motorcycle | B31: .. | D31: .. | E31: * | F31: 17 | G31: 16 | H31: 19 | I31: * | J31: 23.626276 | K31: * | L31: 18.98669 | M31: * | N31: * | O31: * | P31: *
A32: Bicycle | B32: .. | D32: .. | E32: 14 | F32: 16 | G32: 15 | H32: 17 | I32: 21 | J32: 18.634174 | K32: 17.828401 | L32: 15.363224 | M32: 19.70647 | N32: 20 | O32: 18 | P32: 22
A33: Bus/coach | B33: .. | D33: .. | E33: 34 | F33: 33 | G33: 33 | H33: 33 | I33: 35 | J33: 32.746595 | K33: 36.138308 | L33: 34.798889 | M33: 36.371534 | N33: 35 | O33: 39 | P33: 37
A34: Rail | B34: .. | D34: .. | E34: 46 | F34: 50 | G34: 52 | H34: 49 | I34: 50 | J34: 48.855581 | K34: 56.918911 | L34: 52.664806 | M34: 52.807462 | N34: 51 | O34: 59 | P34: 56
A35: Walk | B35: .. | D35: .. | E35: 12 | F35: 12 | G35: 13 | H35: 13 | I35: 13 | J35: 12.393947 | K35: 12.329584 | L35: 13.665875 | M35: 13.507867 | N35: 13 | O35: 15 | P35: 14
A36: Other | B36: .. | D36: .. | E36: 53 | F36: 39 | G36: 62 | H36: 61 | I36: 70.125607 | J36: 64.297866 | K36: 75.278838 | L36: 95 | M36: 73 | N36: 47 3 | O36: 89 | P36: 77
A37: All | B37: .. | D37: .. | E37: 24 | F37: 24 | G37: 25 | H37: 24 | I37: 24.836265 | J37: 25.154771 | K37: 26.187521 | L37: 25.61485 | M37: 26.171684 | N37: 25 | O37: 26 | P37: 27
A38: Source: Transport Statistics Great Britain
A39: * Sample size for this cell is too small for reliable estimates.
A40: Source: Oct-Dec, Office for National Statistics (ONS) Labour Force Survey.
A41: Notes: Some of the figures shown in table 11.15 (b) differ slightly from those in 11.15 (a) due to differing methodology used to extract.
A42: Results are weighted using population estimates to ensure they are representative of the population at large.
A43: 1. Data are for males and females in employment aged 16-99.
A44: 2. Maximum recorded value of usual travel to work time = 180 minutes.
A45: 3. The large fall between 2010 and 2011 is due to a small sample size with a small number of very extreme values that are very sensitive to change
A47: Table 11.16 Usual means of travel to work 1 (in Spring)
F48: Train | G48: Bus | H48: Car | I48: Motor | J48: Pedal | K48: Foot2 | L48: Other3 | M48: Total
A49: Population | F49: (inc. | I49: cycle | J49: cycle | L49: (e.g. | M49: of
A50: Census year | F50: u/grd) | L50: taxi) | M50: these
M51: percentage
A52: 1966 | F52: 3.5500379 | G52: 43.393992 | H52: 20.774721 | I52: 0.84723593 | J52: 2.4035615 | K52: 24.041123 | L52: 4.9893292 | M52: 100
A53: 1971 | F53: 3.4210215 | G53: 35.117824 | H53: 29.34222 | I53: ~ | J53: 1.5613699 | K53: 23.804864 | L53: 6.2946418 | M53: 100
A54: 1981 | F54: 3.1952744 | G54: 25.124674 | H54: 46.018509 | I54: 1.1887458 | J54: 1.4398066 | K54: 20.044242 | L54: 2.9887488 | M54: 100
A55: 1991 | F55: 2.9797372 | G55: 17.599549 | H55: 59.207164 | I55: 0.62175218 | J55: 1.4329762 | K55: 14.737152 | L55: 3.4216689 | M55: 100
A56: 2001 | F56: 4 | G56: 12 | H56: 68 | I56: ~ | J56: 2 | K56: 12 | L56: 2 | M56: 100
A57: 2011 | F57: 5 | G57: 11 | H57: 69 | I57: ~ | J57: 2 | K57: 11 | L57: 2 | M57: 100
A58: ~ Less than half a per cent but greater than zero.
A59: 1. Excluding those who worked at home in 1981, 1991 and 2001 (who were not identified separately in the 1966 and 1971
A60: Census travel to work figures)
A61: 2. Includes 'none' in 1971
A62: 3. Includes 'none' in 1966; unspecified means of 'Public transport' in 1971, and 'not stated' in all years apart from 2001
A63: (when there was no "not stated" category).
A65: Table 11.17 Employed1 adults (16+) - place of work: 2013
D66: Works | G66: Works | I66: Does not work | K66: All employed | N66: Sample
D67: from home | G67: from home | I67: from home | K67: adults | N67: size (=100%)
K68: row percentages
A70: All employed adults | D70: 10.1 | H70: 13.3 | J70: 86.7 | K70: 100 | N70: =SUM(N72:N74) -> 4848
A72: Self-employed | D72: 49.6 | H72: 66 | J72: 34 | K72: 100 | N72: 602
A73: Employed full-time | D73: 4.9 | H73: 6.8 | J73: 93.2 | K73: 100 | N73: 3252
A74: Employed part-time | D74: 7.5 | H74: 6.8 | J74: 93.2 | K74: 100 | N74: 994
A76: Source: Scottish Household Survey
A77: 1. Those whose current situation was described as self-employed, employed full-time or employed part-time.

Sheet Figs11.3-11.4
A2: Figure 11.3: Travel to work a) 2003 and b) 2013
U4: 2003 | V4: 2013
T5: Driver | U5: 59.8 | V5: 60.6
T6: Passenger | U6: 8.7 | V6: 5.6
T7: Bus | U7: 11.6 | V7: 11.3
T8: Walking | U8: 12.6 | V8: 12.9
T9: Rail, including underground | U9: 2.9 | V9: 4
T10: Other | U10: 2.6 | V10: 3.1
T11: Bicycle | U11: 1.8 | V11: 2.5
A38: Figure 11.4: Driver experience of congestion and bus passenger experience of delays 2003-2013
A84: Note: The Scottish Household Survey Travel Diary asks car drivers whether their journey was delayed by congestion.
A85: Those making bus journeys are asked whether their journey was delayed and there is a separate question asking the reason.
A86: The data on reason for delay is included in the SHS Travel Diary publication.

Sheet T11.18
A1: Table 11.18 Employed1 adults (16+) not working from home - usual method of travel to work: 2013
K3: Sample
B4: Walking | D4: Car or van | F4: Bicycle | G4: Bus | H4: Rail 2 | I4: Other 3 | K4: size
C5: Driver | D5: Pass. | E5: All | K5: (=100%)
I6: row percentages
A8: All people aged 16+ in 2013: | B8: 12.9 | C8: 60.6 | D8: 5.6 | E8: 66.2 | F8: 2.5 | G8: 11.3 | H8: 4 | I8: 3.1 | K8: 4157
A9: By gender:
A10: Male | B10: 9.9 | C10: 64.3 | D10: 3.8 | E10: 68.1 | F10: 3.4 | G10: 9 | H10: 4.6 | I10: 5 | K10: 1974
A11: Female | B11: 15.9 | C11: 56.8 | D11: 7.4 | E11: 64.2 | F11: 1.6 | G11: 13.6 | H11: 3.4 | I11: 1.3 | K11: 2183
A12: by age:
A13: 16 - 20 | B13: 19.2 | C13: 35.7 | D13: 22.1 | E13: 57.8 | F13: ** | G13: 16.7 | H13: ** | I13: ** | K13: 146
A14: 20 - 29 | B14: 16.8 | C14: 53.1 | D14: 5.8 | E14: 58.9 | F14: 1.7 | G14: 15.5 | H14: 5 | I14: 2.2 | K14: 612
A15: 30 - 39 | B15: 11.7 | C15: 60.9 | D15: 3.8 | E15: 64.7 | F15: 3.5 | G15: 11.8 | H15: 5 | I15: 3.3 | K15: 923
A16: 40 - 49 | B16: 11.7 | C16: 66.9 | D16: 3.7 | E16: 70.6 | F16: 3 | G16: 8 | H16: 3.1 | I16: 3.7 | K16: 1056
A17: 50 - 59 | B17: 11.3 | C17: 64.4 | D17: 4.3 | E17: 68.7 | F17: 2.7 | G17: 10.1 | H17: 3.6 | I17: 3.7 | K17: 1038
A18: 60 and over | B18: 11.7 | C18: 62.4 | D18: 8.2 | E18: 70.6 | F18: ** | G18: 11.3 | H18: 2.8 | I18: 3.4 | K18: 382
A19: by current situation:
A20: Self employed | B20: 10.6 | C20: 62.3 | D20: 6.4 | E20: 68.7 | F20: 4.1 | G20: 5.2 | H20: 5 | I20: 6.3 | K20: 206
A21: Employed full time | B21: 10.6 | C21: 64.1 | D21: 5.5 | E21: 69.6 | F21: 2.6 | G21: 9.9 | H21: 4 | I21: 3.4 | K21: 3038
A22: Employed part time | B22: 21.7 | C22: 47.6 | D22: 5.5 | E22: 53.1 | F22: 2 | G22: 17.6 | H22: 3.8 | I22: 1.7 | K22: 913
A23: by annual net household income:
A24: up to £10,000 p.a. | B24: 29 | C24: 37.5 | D24: 7.9 | E24: 45.4 | F24: ** | G24: 19 | H24: 3.3 | I24: ** | K24: 134
A25: over £10,000 - £15,000 | B25: 21.2 | C25: 42 | D25: 7.9 | E25: 49.9 | F25: 3.3 | G25: 21 | H25: 2 | I25: 2.6 | K25: 445
A26: over £15,000 - £20,000 | B26: 21.6 | C26: 48.8 | D26: 6.7 | E26: 55.5 | F26: 1.4 | G26: 15.5 | H26: 4 | I26: 2 | K26: 509
A27: over £20,000 - £25,000 | B27: 17 | C27: 53.4 | D27: 9.3 | E27: 62.7 | F27: 3.1 | G27: 12.8 | H27: 2.6 | I27: 1.8 | K27: 539
A28: over £25,000 - £30,000 | B28: 12.6 | C28: 58.8 | D28: 7 | E28: 65.8 | F28: 1.9 | G28: 13.8 | H28: 3.1 | I28: 2.7 | K28: 528
A29: over £30,000 - £40,000 | B29: 10.5 | C29: 66.6 | D29: 5 | E29: 71.6 | F29: 2.2 | G29: 9.8 | H29: 3.4 | I29: 2.3 | K29: 836
A30: over £40,000 p.a. | B30: 7 | C30: 70.1 | D30: 2.9 | E30: 73 | F30: 3 | G30: 6.3 | H30: 5.9 | I30: 4.8 | K30: 1149
A31: by Scottish Index of Multiple Deprivation:
A32: 1 (20 % most deprived) | B32: 18.3 | C32: 46.5 | D32: 8.3 | E32: 54.8 | F32: 1.3 | G32: 18.8 | H32: 3.8 | I32: 3 | K32: 644
A33: 2 | B33: 13.3 | C33: 57.8 | D33: 6.6 | E33: 64.4 | F33: 2.1 | G33: 15.1 | H33: 2.8 | I33: 2.2 | K33: 826
A34: 3 | B34: 12.9 | C34: 61.7 | D34: 6.4 | E34: 68.1 | F34: 1.9 | G34: 9.2 | H34: 2.7 | I34: 5.1 | K34: 944
A35: 4 | B35: 10 | C35: 67.8 | D35: 4.7 | E35: 72.5 | F35: 2.4 | G35: 7.8 | H35: 4.6 | I35: 2.7 | K35: 960
A36: 5 (20% least deprived) | B36: 11.3 | C36: 65.4 | D36: 2.6 | E36: 68 | F36: 4.5 | G36: 7.7 | H36: 6 | I36: 2.5 | K36: 783
A37: by urban/rural classification:
A38: Large urban areas | B38: 15.3 | C38: 51.2 | D38: 5.7 | E38: 56.9 | F38: 3.4 | G38: 16.6 | H38: 5.2 | I38: 2.6 | K38: 1387
A39: Other urban | B39: 11.8 | C39: 63.3 | D39: 4.8 | E39: 68.1 | F39: 1.5 | G39: 10.8 | H39: 4.2 | I39: 3.6 | K39: 1257
A40: Small accessible towns | B40: 10.2 | C40: 67.3 | D40: 6.5 | E40: 73.8 | F40: 3.3 | G40: 7.9 | H40: 3.1 | I40: 1.7 | K40: 374
A41: Small remote towns | B41: 29.2 | C41: 55.9 | D41: 4.6 | E41: 60.5 | F41: 2.6 | G41: 2.4 | H41: ** | I41: 4.5 | K41: 287
A42: Accessible rural | B42: 4.9 | C42: 73.9 | D42: 7.4 | E42: 81.3 | F42: 2.1 | G42: 4.5 | H42: 3 | I42: 4.1 | K42: 425
A43: Remote rural | B43: 8.7 | C43: 77.3 | D43: 4.8 | E43: 82.1 | F43: 1.2 | G43: 3.8 | H43: ** | I43: 3.5 | K43: 427
A44: by number of cars:
A45: none | B45: 37.8 | C45: 1.8 | D45: 8.3 | E45: 10.1 | F45: 5.2 | G45: 38.5 | H45: 4.6 | I45: 3.7 | K45: 623
A46: one | B46: 13.9 | C46: 56 | D46: 8 | E46: 64 | F46: 3 | G46: 11.4 | H46: 4.9 | I46: 2.9 | K46: 1986
A47: two + | B47: 4.4 | C47: 82.7 | D47: 2.3 | E47: 85 | F47: 1.3 | G47: 3 | H47: 3 | I47: 3.2 | K47: 1548
A48: Household type
A49: Single adult | B49: 17.9 | C49: 56.6 | D49: 3.5 | E49: 60.1 | F49: 3.2 | G49: 12.5 | H49: 3 | I49: 3.3 | K49: 947
A50: Small adult | B50: 15.2 | C50: 55.8 | D50: 6.4 | E50: 62.2 | F50: 2.6 | G50: 12.6 | H50: 4.2 | I50: 3.2 | K50: 1015
A51: Single parent | B51: 16.7 | C51: 58.2 | D51: 2.9 | E51: 61.1 | F51: 1.9 | G51: 16.3 | H51: 2.1 | I51: ** | K51: 271
A52: Small family | B52: 8.7 | C52: 67.5 | D52: 4.2 | E52: 71.7 | F52: 2.6 | G52: 8.9 | H52: 4.9 | I52: 3.1 | K52: 843
A53: Large family | B53: 11.1 | C53: 64.1 | D53: 3.2 | E53: 67.3 | F53: 4.6 | G53: 9.9 | H53: 3.9 | I53: 3.2 | K53: 297
A54: Large adult | B54: 11.9 | C54: 59.5 | D54: 8.4 | E54: 67.9 | F54: 1.7 | G54: 11.2 | H54: 3.7 | I54: 3.6 | K54: 452
A55: Older smaller | B55: 11.8 | C55: 62.6 | D55: 8 | E55: 70.6 | F55: ** | G55: 11.3 | H55: 4 | I55: 2.2 | K55: 332
A56: Source: Scottish Household Survey
A57: 1. Those in full-time employment, part-time employment and self-employed only.
A58: 2. Including the Glasgow Underground.
A59: 3. e.g. motorcycle, lorry, taxi, ferry, etc.
A60: ** value supressed as cell contains fewer than 5 responses

Sheet T11.19-T11.20
A1: Table 11.19 Usual main method of travel to school1: 2013
J2: Sample
B3: Walking | C3: Car or | D3: Bicycle | F3: Bus | H3: Rail3 | I3: Other4 | J3: size
C4: Van | E4: School2 | F4: Service | G4: All | J4: (=100%)
H5: row percentages
A7: All children in full-time education, 2007 | B7: 51.7 | C7: 24.4 | D7: 1.2 | E7: 14.5 | F7: 5.4 | G7: =E7+F7 -> 19.9 | H7: 0.6 | I7: 2.2 | J7: 1975
A8: By gender:
A9: Male | B9: 51.6 | C9: 24.3 | D9: 1.9 | E9: 14.2 | F9: 5.6 | G9: =E9+F9 -> 19.8 | H9: 0.3 | I9: 2.2 | J9: 1072
A10: Female | B10: 51.8 | C10: 24.4 | D10: ** | E10: 15 | F10: 5.1 | G10: =E10+F10 -> 20.1 | H10: 1 | I10: 2.2 | J10: 903
A11: by age:
A12: age 4-5 | B12: 51.9 | C12: 35.6 | D12: ** | E12: 8.2 | F12: ** | G12: 8 | H12: 0 | I12: ** | J12: 172
A13: age 6-7 | B13: 60.7 | C13: 28.5 | D13: ** | E13: 7.2 | F13: 1.9 | G13: =E13+F13 -> 9.1 | H13: 0 | I13: 1.4 | J13: 345
A14: age 8-9 | B14: 59.7 | C14: 28.3 | D14: 2.3 | E14: 5.1 | F14: 1.9 | G14: =E14+F14 -> 7 | H14: 0 | I14: 2.6 | J14: 324
A15: age 10-11 | B15: 54.7 | C15: 29 | D15: 2.4 | E15: 8.7 | F15: 2.5 | G15: =E15+F15 -> 11.2 | H15: 0 | I15: 2.7 | J15: 292
A16: All 4-11 | B16: 57.6 | C16: 29.5 | D16: 1.5 | E16: 7.2 | F16: 1.8 | G16: =E16+F16 -> 9 | H16: 0 | I16: 2.4 | J16: 1133
A17: age 12-13 | B17: 46 | C17: 18.3 | D17: ** | E17: 25.4 | F17: 8 | G17: =E17+F17 -> 33.4 | H17: ** | I17: ** | J17: 286
A18: age 14-15 | B18: 39.9 | C18: 16.7 | D18: ** | E18: 27 | F18: 11.4 | G18: =E18+F18 -> 38.4 | H18: 1.8 | I18: 2.9 | J18: 344
A19: age 16-18 | B19: 47.2 | C19: 18.4 | D19: ** | E19: 17.2 | F19: 11.2 | G19: =E19+F19 -> 28.4 | H19: ** | I19: ** | J19: 212
A20: All 12 - 18 | B20: 43.9 | C20: 17.7 | D20: 0.8 | E20: 24.2 | F20: 10.1 | G20: =E20+F20 -> 34.3 | H20: 1.5 | I20: 1.9 | J20: 842
A21: by annual net household income:
A22: up to £15,000 p.a. | B22: 60.9 | C22: 11.4 | D22: ** | E22: 13.4 | F22: 11 | G22: =E22+F22 -> 24.4 | H22: ** | I22: 1.9 | J22: 222
A23: over £15,000 - £20,000 | B23: 62.6 | C23: 16.4 | D23: ** | E23: 9.8 | F23: 6.1 | G23: =E23+F23 -> 15.9 | H23: ** | I23: 2.7 | J23: 292
A24: over £20,000 - £25,000 | B24: 51 | C24: 24.5 | D24: 2.2 | E24: 14.3 | F24: 6.4 | G24: =E24+F24 -> 20.7 | H24: ** | I24: ** | J24: 252
A25: over £25,000 - £30,000 | B25: 53.8 | C25: 23.9 | D25: ** | E25: 12.9 | F25: 4.5 | G25: =E25+F25 -> 17.4 | H25: 0 | I25: 4.1 | J25: 242
A26: over £30,000 - £40,000 | B26: 48.1 | C26: 25.1 | D26: 1.7 | E26: 18.9 | F26: 4.5 | G26: =E26+F26 -> 23.4 | H26: ** | I26: ** | J26: 358
A27: over £40,000 p.a. | B27: 44.6 | C27: 32.5 | D27: 1.3 | E27: 15.4 | F27: 3.5 | G27: =E27+F27 -> 18.9 | H27: ** | I27: 2.2 | J27: 596
A28: by Scottish Index of Multiple Deprivation:
A29: 1 (20 % most deprived) | B29: 60.8 | C29: 13.5 | D29: ** | E29: 10.6 | F29: 9.9 | G29: =E29+F29 -> 20.5 | H29: ** | I29: 2.9 | J29: 406
A30: 2 | B30: 58 | C30: 21 | D30: 1 | E30: 11.6 | F30: 6.5 | G30: =E30+F30 -> 18.1 | H30: ** | I30: ** | J30: 334
A31: 3 | B31: 47.7 | C31: 26 | D31: ** | E31: 18.4 | F31: 4.5 | G31: =E31+F31 -> 22.9 | H31: ** | I31: 2.7 | J31: 427
A32: 4 | B32: 40.2 | C32: 31 | D32: 1.9 | E32: 21 | F32: 2.6 | G32: =E32+F32 -> 23.6 | H32: ** | I32: 2.6 | J32: 428
A33: 5 (20% least deprived) | B33: 52.6 | C33: 30.2 | D33: 1.9 | E33: 10.4 | F33: 3.5 | G33: =E33+F33 -> 13.9 | H33: ** | I33: ** | J33: 380
A34: by urban/rural classification:
A35: Large urban areas | B35: 54.7 | C35: 26.1 | D35: 1.2 | E35: 5.8 | F35: 8.2 | G35: =E35+F35 -> 14 | H35: 1.1 | I35: 2.8 | J35: 608
A36: Other urban | B36: 59.2 | C36: 22.3 | D36: 0.8 | E36: 12.2 | F36: 4.1 | G36: =E36+F36 -> 16.3 | H36: ** | I36: 1 | J36: 664
A37: Small accessible towns and small remote towns | B37: 63.3 | C37: 16.6 | D37: ** | E37: 15.2 | F37: 3.2 | G37: =E37+F37 -> 18.4 | H37: ** | I37: ** | J37: 270
A38: Accessible rural | B38: 24.6 | C38: 32.1 | D38: 1.4 | E38: 32.6 | F38: 3.6 | G38: =E38+F38 -> 36.2 | H38: ** | I38: 5.1 | J38: 229
A39: Remote rural | B39: 30.5 | C39: 24.4 | D39: 3.7 | E39: 35 | F39: 4.4 | G39: =E39+F39 -> 39.4 | H39: 0 | I39: 1.9 | J39: 204
A40: by number of cars:
A41: None | B41: 73.6 | C41: 1.4 | D41: ** | E41: 9.2 | F41: 9.7 | G41: =E41+F41 -> 18.9 | H41: ** | I41: 3.5 | J41: 349
A42: One | B42: 53 | C42: 24.7 | D42: 1.3 | E42: 13.5 | F42: 5.5 | G42: =E42+F42 -> 19 | H42: 0.5 | I42: 1.5 | J42: 807
A43: Two + | B43: 40.7 | C43: 34.1 | D43: 1.3 | E43: 17.9 | F43: 3.4 | G43: =E43+F43 -> 21.3 | H43: ** | I43: 2.2 | J43: 819
A44: Household type:
A45: Large family/Large adult | B45: 62.2 | C45: 17.6 | D45: ** | E45: 10.6 | F45: 7.3 | G45: =E45+F45 -> 17.9 | H45: ** | I45: 1.5 | J45: 408
A46: Small family | B46: 48.5 | C46: 28.6 | D46: 1.3 | E46: 14 | F46: 4.6 | G46: =E46+F46 -> 18.6 | H46: 0.8 | I46: 2.2 | J46: 862
A47: Large family/Large adult | B47: 49.4 | C47: 23.7 | D47: 1.5 | E47: 17 | F47: 5.1 | G47: =E47+F47 -> 22.1 | H47: ** | I47: 2.5 | J47: 679
A48: Source: Scottish Household Survey
A49: 1. For those in full time education at school. The Main method of transport is recorded if there is more than one method.
A50: 2. Including those who were said to travel by private bus, and a few who went by works bus.
A51: 3. Including the Glasgow Underground.
A52: 4. e.g. motorcycle, lorry, taxi, ferry, etc.
A53: ** denotes cell value supressed as based on fewer than 5 responses
A56: Table 11.20 Travel to/from school (pupils aged 5 to 16) 1, 2
A57: Note: This table has been removed as data are no longer available for Scotland .
A58: Latest Scottish estimates are given in table 11.19 although this is based on a different source.

Sheet T11.21-T11.23a
A1: Table 11.21 Employed 1 adults (16+) - place of work
C2: 1999 | D2: 2000 | E2: 2001 | F2: 2002 | G2: 2003 | H2: 2004 | I2: 2005 | J2: 2006 | K2: 2007 | L2: 2008 | M2: 2009 | N2: 2010 | O2: 2011 | P2: 2012 | Q2: 2013
Q3: column percentages
A4: Works from home | C4: 7.3 | D4: 7.9 | E4: 8.7 | F4: 9.3 | G4: 9.1 | H4: 9 | I4: 11.1 | J4: 10.7 | K4: 11.2 | L4: 10 | M4: 11.4 | N4: 10.1 | O4: 10.6 | P4: 13.2 | Q4: 13.3
A6: Does not work from home | C6: 92.7 | D6: 92.1 | E6: 91.3 | F6: 90.7 | G6: 90.9 | H6: 91 | I6: 88.9 | J6: 89.3 | K6: 88.8 | L6: 90 | M6: 88.6 | N6: 89.9 | O6: 89.4 | P6: 86.8 | Q6: 86.7
A8: All employed adults | C8: 100 | D8: 100 | E8: 100 | F8: 100 | G8: 100 | H8: 100 | I8: 100 | J8: 100 | K8: 100 | L8: 100 | M8: 100 | N8: 100 | O8: 100 | P8: 100 | Q8: 100
A10: Sample size (100%) | C10: 6534 | D10: 6818 | E10: 6922 | F10: 6597 | G10: 6681 | H10: 7058 | I10: 6841 | J10: 6845 | K10: 5888 | L10: 6092 | M10: 6103 | N10: 5862 | O10: 6189 | P10: 4734 | Q10: 4848
A12: Source: Scottish Household Survey
A13: 1. Those whose current situation was described as self-employed, employed full-time or employed part-time.
A15: Table 11.22 Employed 1 adults (16+) not working from home - usual method of travel to work
C16: 1999 | D16: 2000 | E16: 2001 | F16: 2002 | G16: 2003 | H16: 2004 | I16: 2005 | J16: 2006 | K16: 2007 | L16: 2008 | M16: 2009 | N16: 2010 | O16: 2011 | P16: 2012 | Q16: 2013
Q17: column percentages
A18: Walking | C18: 13.674 | D18: 13.658 | E18: 13.103 | F18: 13.15 | G18: 12.646 | H18: 12.651 | I18: 12.735 | J18: 13.83 | K18: 11.857 | L18: 12.504 | M18: 12.322 | N18: 13.4 | O18: 12.907 | P18: 13.603 | Q18: 12.9
A20: Car or van
A21: Driver | C21: 54.598 | D21: 56.519 | E21: 57.93 | F21: 56.622 | G21: 59.819 | H21: 58.894 | I21: 59.844 | J21: 59.783 | K21: 61.324 | L21: 59.891 | M21: 60.655 | N21: 61 | O21: 59.096 | P21: 61.362 | Q21: 60.6
A22: Passenger | C22: 11.819 | D22: 10.498 | E22: 10.445 | F22: 11.029 | G22: 8.686 | H22: 8.076 | I22: 7.538 | J22: 7.011 | K22: 6.651 | L22: 6.142 | M22: 6.385 | N22: 6.3 | O22: 7.505 | P22: 5.981 | Q22: 5.6
A23: All | C23: 66.4 | D23: 67 | E23: 68.4 | F23: 67.7 | G23: 68.5 | H23: 67 | I23: 67.4 | J23: 66.8 | K23: 68 | L23: 66 | M23: 67 | N23: 67.3 | O23: 66.601 | P23: 67.343 | Q23: 66.2
A25: Bicycle | C25: 1.737 | D25: 1.718 | E25: 1.716 | F25: 1.567 | G25: 1.775 | H25: 1.866 | I25: 1.648 | J25: 2.031 | K25: 1.658 | L25: 2.332 | M25: 2.383 | N25: 2.3 | O25: 1.953 | P25: 2.043 | Q25: 2.5
A27: Bus | C27: 12.1 | D27: 12.486 | E27: 12.153 | F27: 12.233 | G27: 11.597 | H27: 12.675 | I27: 12.101 | J27: 11.762 | K27: 12.666 | L27: 12.138 | M27: 12.129 | N27: 10.8 | O27: 11.979 | P27: 10.08 | Q27: 11.3
A29: Rail 2 | C29: 3.041 | D29: 2.293 | E29: 2.265 | F29: 3.064 | G29: 2.881 | H29: 3.521 | I29: 3.869 | J29: 3.576 | K29: 3.52 | L29: 4.265 | M29: 3.875 | N29: 3.6 | O29: 3.949 | P29: 4.348 | Q29: 4
A31: Other 3 | C31: 3.03 | D31: 2.828 | E31: 2.389 | F31: 2.336 | G31: 2.596 | H31: 2.317 | I31: 2.267 | J31: 2.005 | K31: 2.324 | L31: 2.729 | M31: 2.252 | N31: 2.7 | O31: 2.61 | P31: 2.583 | Q31: 3.1
A33: Sample size (100%) | C33: 6020 | D33: 6253 | E33: 6276 | F33: 5973 | G33: 6033 | H33: 6359 | I33: 6044 | J33: 6068 | K33: 5176 | L33: 5437 | M33: 5371 | N33: 5221 | O33: 5508 | P33: 4103 | Q33: 4157
A35: Source: Scottish Household Survey
A36: 1. The main method of transport is recorded if the journey involves more than one method.
A37: 2. Including the Glasgow Underground.
A38: 3. e.g. motorcycle, lorry, taxi, ferry, etc.
A40: Table 11.23 Usual main method of travel to school 1
C41: 1999 | D41: 2000 | E41: 2001 | F41: 2002 | G41: 2003 | H41: 2004 | I41: 2005 | J41: 2006 | K41: 2007 | L41: 2008 | M41: 2009 | N41: 2010 | O41: 2011 | P41: 2012 | Q41: 2013
Q42: column percentages
A43: Walking | C43: 53.89 | D43: 53.82 | E43: 51.86 | F43: 55.54 | G43: 52.4 | H43: 51.15 | I43: 52.52 | J43: 51.13 | K43: 52.81 | L43: 48.82 | M43: 49.97 | N43: 49.7 | O43: 50.6 | P43: 51.4 | Q43: 51.7
A45: Car or van | C45: 18.28 | D45: 19.72 | E45: 20.83 | F45: 18.95 | G45: 21.7 | H45: 21.62 | I45: 20.96 | J45: 21.72 | K45: 21.89 | L45: 23.61 | M45: 24.44 | N45: 23 | O45: 23.4 | P45: 24.1 | Q45: 24.4
A47: Bicycle | C47: 0.73 | D47: 0.64 | E47: 0.58 | F47: 0.67 | G47: 1.15 | H47: 0.98 | I47: 0.59 | J47: 0.87 | K47: 0.76 | L47: 1.47 | M47: 1.02 | N47: 1.4 | O47: 1.4 | P47: 0.8 | Q47: 1.2
A49: Bus
A50: School 2 | C50: 17.38 | D50: 16.9 | E50: 17.73 | F50: 15.05 | G50: 16.9 | H50: 16.85 | I50: 16.5 | J50: 17.04 | K50: 14.84 | L50: 16.53 | M50: 16.05 | N50: 16.1 | O50: 15.1 | P50: 14.9 | Q50: 14.5
A51: Service | C51: 7.37 | D51: 6.58 | E51: 6.77 | F51: 7.31 | G51: 5.51 | H51: 6.71 | I51: 7.06 | J51: 6.69 | K51: 7.1 | L51: 7.33 | M51: 5.94 | N51: 7.8 | O51: 6.6 | P51: 6.2 | Q51: 5.4
A52: All | C52: 24.76 | D52: 23.48 | E52: 24.27 | F52: 22.36 | G52: 22.19 | H52: 23.2 | I52: 23.32 | J52: 23.41 | K52: 21.91 | L52: 23.85 | M52: 21.99 | N52: 23.9 | O52: 21.7 | P52: 21.1 | Q52: 19.9
A54: Rail 3 | C54: 0.68 | D54: 0.63 | E54: 0.54 | F54: 0.35 | G54: 0.53 | H54: 0.86 | I54: 0.73 | J54: 1.23 | K54: 0.9 | L54: 0.73 | M54: 0.74 | N54: 0.3 | O54: 0.7 | P54: 0.4 | Q54: 0.6
A56: Other 4 | C56: 1.66 | D56: 1.72 | E56: 1.68 | F56: 2.13 | G56: 1.81 | H56: 1.83 | I56: 1.62 | J56: 1.33 | K56: 1.7 | L56: 1.52 | M56: 1.84 | N56: 1.7 | O56: 2.2 | P56: 2.2 | Q56: 2.2
A58: Sample size (100%) | C58: 2636 | D58: 3475 | E58: 3463 | F58: 3295 | G58: 3250 | H58: 3347 | I58: 3272 | J58: 3240 | K58: 2517 | L58: 2750 | M58: 2881 | N58: 2676 | O58: 2715 | P58: 1923 | Q58: 1975
A60: Source: Scottish Household Survey
A61: 1. For those in full time education at school. The main method of transport is recorded if there is more than one method.
A62: 2. Including those who were said to travel by private bus, and a few who went by works bus.
A63: 3. Including the Glasgow Underground.
A64: 4. e.g. motorcycle, lorry, taxi, ferry, etc.
A66: Table 11.23a Usual main method of travel to school - Hands Up Scotland Survey 1
G68: 2008 | H68: 2009 | I68: 2010 | J68: 2011 | K68: 2012 | L68: 2013
L69: column percentages
A70: Walk | G70: 48.3 | H70: 47 | I70: 45.8 | J70: 45.9 | K70: 45.1 | L70: 44.054198
A71: Cycle | G71: 2.8 | H71: 2.3 | I71: 2.8 | J71: 3 | K71: 2.9 | L71: 3.4687856
A72: Scooter/Skate | G72: 0.7 | H72: 0.6 | I72: 0.7 | J72: 1 | K72: 1.6 | L72: 2.7640314
A73: Park & Stride | G73: 6.1 | H73: 6.7 | I73: 7.4 | J73: 7.5 | K73: 7.8 | L73: 7.4974807
A74: Driven | G74: 22 | H74: 23.3 | I74: 22.9 | J74: 22.4 | K74: 22.2 | L74: 21.407497
A75: Bus | G75: 18.2 | H75: 18.1 | I75: 18.2 | J75: 18.2 | K75: 18.2 | L75: 18.757074
A76: Taxi | G76: 1.4 | H76: 1.6 | I76: 1.6 | J76: 1.6 | K76: 1.7 | L76: 1.6226035
A77: Other | G77: 0.5 | H77: 0.4 | I77: 0.5 | J77: 0.3 | K77: 0.5 | L77: 0.42832966
A79: Sample size (100%) | G79: 396377 | H79: 415804 | I79: 439401 | J79: 427104 | K79: 457488 | L79: 467397
A80: Source: Hands Up Scotland Survey - Not National Statistics
A81: 1. All schools excluding nursery

Sheet T11.24-T11.25
A1: Table 11.24 Scottish residents' visits abroad by means of leaving the UK and purpose of visit, 2013
E4: Purpose of visit
E5: Visiting | G5: Miscellaneous
B6: Package | C6: Other | E6: Friends or | G6: and other
A7: Means of leaving the UK | B7: Holiday | C7: Holiday | D7: Business | E7: Relatives | G7: Purposes | I7: Total
I9: thousands
A10: Air
A11: Edinburgh | B11: 250.50342 | C11: 485.26577 | D11: 104.86858 | E11: 301.87128 | G11: 23.615656 | I11: =SUM(B11:G11) -> 1166.1247
A12: Glasgow | B12: 487.26549 | C12: 262.98946 | D12: 45.60577 | E12: 162.84795 | G12: 12.860011 | I12: =SUM(B12:G12) -> 971.56869
A13: Prestwick | B13: 78.152865 | C13: 219.42236 | D13: 6.5779886 | E13: 74.099811 | G13: 3.8233704 | I13: =SUM(B13:G13) -> 382.07639
A14: Aberdeen | B14: 31.43302 | C14: 43.047494 | D14: 53.577758 | E14: 47.731249 | G14: 2.9460147 | I14: =SUM(B14:G14) -> 178.73554
A15: Total Edinburgh, Glasgow, Prestwick & Aberdeen | B15: =SUM(B11:B14) -> 847.3548 | C15: =SUM(C11:C14) -> 1010.7251 | D15: =SUM(D11:D14) -> 210.6301 | E15: =SUM(E11:E14) -> 586.55029 | G15: =SUM(G11:G14) -> 43.245052 | I15: =SUM(I11:I14) -> 2698.5053
A17: Heathrow | B17: 8.4986815 | C17: 28.936648 | D17: 22.828412 | E17: 11.637018 | G17: 2.046527 | I17: =SUM(B17:G17) -> 73.947287
A18: Gatwick | B18: 41.072671 | C18: 61.6954 | D18: 4.8696454 | E18: 22.616307 | G18: 3.4629243 | I18: =SUM(B18:G18) -> 133.71695
A19: Stanstead | C19: 8.432051 | D19: 7.1790158 | E19: 7.4275601 | G19: 1.3029546 | I19: =SUM(B19:G19) -> 24.341582
A20: Manchester | B20: 101.78385 | C20: 38.665269 | D20: 4.0000461 | E20: 12.45622 | G20: 4.2872638 | I20: =SUM(B20:G20) -> 161.19265
A21: Newcastle | B21: 38.836902 | C21: 37.482524 | D21: 0.58719167 | E21: 2.3096478 | G21: 0.58719167 | I21: =SUM(B21:G21) -> 79.803457
A22: Birmingham | B22: 2.4734859 | C22: 7.3163216 | D22: 2.1386303 | E22: 7.4474197 | G22: .. | I22: =SUM(B22:G22) -> 19.375857
A24: Other UK Airports | B24: 34.371651 | C24: 78.693786 | D24: 51.816931 | E24: 37.29919 | G24: 5.504136 | I24: =SUM(B24:G24) -> 207.68569
A26: Total Air | B26: =SUM(B17:B24)+B15 -> 1074.392 | C26: =SUM(C17:C24)+C15 -> 1271.9471 | D26: =SUM(D17:D24)+D15 -> 304.04997 | E26: =SUM(E17:E24)+E15 -> 687.74366 | G26: =SUM(G17:G24)+G15 -> 60.43605 | I26: =SUM(I17:I24)+I15 -> 3398.5688
A28: Channel Tunnel | B28: 5.5406356 | C28: 34.833131 | D28: 7.7382937 | E28: 10.235326 | G28: 1.1448828 | I28: =SUM(B28:G28) -> 59.492269
A30: Sea
A31: English Channel Ports | B31: 28.027663 | C31: 47.086265 | D31: 11.501056 | E31: 11.561517 | G31: 6.8191923 | I31: =SUM(B31:G31) -> 104.99569
A32: English East Coast Ports | B32: 14.862029 | C32: 8.0088606 | D32: 1.0383625 | E32: 1.2422778 | G32: 0.49253467 | I32: =SUM(B32:G32) -> 25.644064
A33: Other UK Ports 2 | B33: 0.19475902 | C33: 1.5686505 | D33: 0.99009308 | E33: 0.085578035 | G33: .. | I33: =SUM(B33:G33) -> 2.8390807
A34: Total Sea | B34: =SUM(B31:B33) -> 43.084451 | C34: =SUM(C31:C33) -> 56.663776 | D34: =SUM(D31:D33) -> 13.529512 | E34: =SUM(E31:E33) -> 12.889373 | G34: =SUM(G31:G33) -> 7.3117269 | I34: =SUM(B34:G34) -> 133.47884
A36: Total All Means of Leaving the UK | B36: =B26+B28+B34 -> 1123.0171 | C36: =C26+C28+C34 -> 1363.444 | D36: =D26+D28+D34 -> 325.31777 | E36: =E26+E28+E34 -> 710.86836 | G36: =G26+G28+G34 -> 68.892659 | I36: =I26+I28+I34 -> 3591.5399
A38: Source: Office for National Statistics
A40: Table 11.25 Scottish residents' visits abroad by means of leaving the UK 1 and area visited, 2013
E42: Area Visited
I43: Rest of
B44: EU | C44: Other | D44: Canada | E44: Australia & | I44: the
A45: Means of leaving the UK | C45: Europe | D45: & USA | E45: New Zealand | G45: Asia | I45: World | J45: Total
J47: thousands
A48: Air
A49: Edinburgh | B49: 1026.8504 | C49: 22.576798 | D49: 60.843573 | E49: .. | G49: 21.531579 | I49: 34.322395 | J49: =SUM(B49:I49) -> 1166.1247
A50: Glasgow | B50: 658.93321 | C50: 4.904153 | D50: 76.255391 | E50: 32.530924 | G50: 66.29629 | I50: 132.64872 | J50: =SUM(B50:I50) -> 971.56869
A51: Prestwick | B51: 376.05914 | C51: 6.017249 | D51: .. | E51: .. | G51: .. | I51: .. | J51: =SUM(B51:I51) -> 382.07639
A52: Aberdeen | B52: 128.57692 | C52: 3.1786637 | D52: 7.9518886 | E52: .. | G52: 6.6675042 | I52: 32.360555 | J52: =SUM(B52:I52) -> 178.73554
A53: Total Edinburgh, Glasgow, Prestwick & Aberdeen | B53: =SUM(B49:B52) -> 2190.4196 | C53: =SUM(C49:C52) -> 36.676863 | D53: =SUM(D49:D52) -> 145.05085 | E53: =SUM(E49:E52) -> 32.530924 | G53: =SUM(G49:G52) -> 94.495373 | I53: =SUM(I49:I52) -> 199.33167 | J53: =SUM(J49:J52) -> 2698.5053
A55: Heathrow | B55: 16.75687 | C55: 2.145044 | D55: 20.825381 | E55: 3.7458253 | G55: 12.503749 | I55: 17.970417 | J55: =SUM(B55:I55) -> 73.947287
A56: Gatwick | B56: 55.839697 | C56: 2.0794455 | D56: 39.124014 | E56: 4.5390714 | G56: .. | I56: 32.13472 | J56: =SUM(B56:I56) -> 133.71695
A57: Stanstead | B57: 20.962016 | C57: 3.3795653 | D57: .. | E57: .. | G57: .. | I57: .. | J57: =SUM(B57:I57) -> 24.341582
A58: Manchester | B58: 92.243392 | C58: 4.5713772 | D58: 15.552249 | G58: 9.3783172 | I58: 39.447317 | J58: =SUM(B58:I58) -> 161.19265
A59: Newcastle | B59: 66.9795 | C59: 0.86761273 | D59: 1.6016709 | E59: 0.86761273 | G59: 1.4681164 | I59: 8.0189444 | J59: =SUM(B59:I59) -> 79.803457
A60: Birmingham | B60: 13.757595 | C60: 1.4753352 | E60: 0.97665821 | G60: 2.0969543 | I60: 1.0693152 | J60: =SUM(B60:I60) -> 19.375857
A62: Other UK Airports | B62: 114.50343 | C62: 8.7144296 | D62: 43.808954 | E62: 4.1619397 | G62: 18.295638 | I62: 18.201307 | J62: =SUM(B62:I62) -> 207.68569
A64: Total Air | B64: =B53+SUM(B55:B62) -> 2571.4621 | C64: =C53+SUM(C55:C62) -> 59.909673 | D64: =D53+SUM(D55:D62) -> 265.96312 | E64: =E53+SUM(E55:E62) -> 46.822031 | G64: =G53+SUM(G55:G62) -> 138.23815 | I64: =I53+SUM(I55:I62) -> 316.17369 | J64: =J53+SUM(J55:J62) -> 3398.5688
A66: Channel Tunnel | B66: 57.913505 | C66: .. | D66: .. | E66: .. | G66: 1.5787647 | I66: .. | J66: =SUM(B66:I66) -> 59.492269
A68: Sea
A69: English Channel Ports | B69: 104.99569 | C69: .. | D69: .. | E69: .. | G69: .. | I69: .. | J69: =SUM(B69:I69) -> 104.99569
A70: English East Coast Ports | B70: 25.157459 | C70: 0.14610316 | D70: .. | E70: .. | G70: .. | I70: 0.34050197 | J70: =SUM(B70:I70) -> 25.644064
A71: Other UK Ports 2 | B71: 0.99009308 | C71: .. | D71: 0.90019236 | E71: .. | G71: .. | I71: 0.94879521 | J71: =SUM(B71:I71) -> 2.8390807
A72: Total Sea | B72: =SUM(B69:B71) -> 131.14325 | C72: =SUM(C69:C71) -> 0.14610316 | D72: =SUM(D69:D71) -> 0.90019236 | E72: 0 | G72: 0 | I72: =SUM(I69:I71) -> 1.2892972 | J72: =SUM(B72:I72) -> 133.47884
A74: Total All Means of Leaving the UK | B74: =B64+SUM(B66)+B72 -> 2760.5189 | C74: =C64+SUM(C66)+C72 -> 60.055776 | D74: =D64+SUM(D66)+D72 -> 266.86331 | E74: =E64+SUM(E66)+E72 -> 46.822031 | G74: =G64+SUM(G66)+G72 -> 139.81691 | I74: =I64+SUM(I66)+I72 -> 317.46299 | J74: =J64+SUM(J66)+J72 -> 3591.5399
A76: Source: Office for National Statistics
A77: 1. These estimates are based on information from samples of passengers using the principal routes- see sections 3.14 and 4.4 of the text.
A78: 2. “Other UK ports” includes information collected from Rosyth in 2008 Q2 & Q3.
A79: There are minor differences between Tables 11.26, 11.27 and 11.28, due to totals being calculated by adding separately-rounded numbers.

Sheet T11.26
A1: Table 11.26 Scottish residents' visits abroad, by means of leaving the UK1, purpose of visit, and area visited
D3: 1995 | E3: 1996 | F3: 1997 | G3: 1998 | H3: 1999 | I3: 2000 | J3: 2001 | K3: 2002 | L3: 2003 | M3: 2004 | N3: 2005 | O3: 2006 | P3: 2007 | Q3: 2008 | R3: 2009 | S3: 2010 | T3: 2011 | U3: 2012 | V3: 2013
V5: thousands
A7: All visits abroad by Scots | D7: =SUM(D10,D23,D24) -> 2535 | E7: =SUM(E10,E23,E24) -> 2469 | F7: =SUM(F10,F23,F24) -> 2781 | G7: =SUM(G10,G23,G24) -> 2776 | H7: =SUM(H10,H23,H24) -> 3058 | I7: =SUM(I10,I23,I24) -> 3506 | J7: =SUM(J10,J23,J24) -> 3714 | K7: =SUM(K10,K23,K24) -> 3804 | ... V7: =SUM(V10,V23,V24) -> 3591.5399
A9: by means of leaving the UK
B10: Air | C10: Total | D10: =SUM(D15:D22) -> 2132 | E10: =SUM(E15:E22) -> 2123 | F10: =SUM(F15:F22) -> 2350 | G10: =SUM(G15:G22) -> 2381 | H10: =SUM(H15:H22) -> 2666 | I10: =SUM(I15:I22) -> 3110 | J10: =SUM(J15:J22) -> 3327 | K10: =SUM(K15:K22) -> 3459 | ... V10: =SUM(V15:V22) -> 3398.5688
B11: Edinburgh | D11: 177 | E11: 191 | F11: 179 | G11: 213 | H11: 349 | I11: 448 | J11: 573 | K11: 454 | L11: 446 | M11: 783 | N11: 767 | O11: 852 | P11: 1076.514 | Q11: 1194.4932 | R11: 1035.2243 | S11: 999.81571 | T11: 1037.8407 | U11: 1045.4904 | V11: 1166.1247
B12: Glasgow | D12: 1145 | E12: 1061 | F12: 1236 | G12: 1196 | H12: 1380 | I12: 1673 | J12: 1692 | K12: 1954 | L12: 2027 | M12: 2021 | N12: 1721 | O12: 1868 | P12: 1773.9363 | Q12: 1741.78 | R12: 1339.1363 | S12: 1101.6816 | T12: 1108.4019 | U12: 1176.065 | V12: 971.56869
B13: Prestwick | D13: .. | E13: .. | F13: .. | G13: .. | H13: .. | I13: .. | J13: .. | K13: .. | L13: .. | M13: .. | N13: 566 | O13: 673 | P13: 656.04063 | Q13: 644.14085 | R13: 376.33867 | S13: 409.1176 | T13: 413.72116 | U13: 363.66441 | V13: 382.07639
B14: Aberdeen | D14: .. | E14: .. | F14: .. | G14: .. | H14: .. | I14: .. | J14: .. | K14: .. | L14: .. | M14: .. | N14: .. | O14: .. | P14: .. | Q14: .. | R14: 180.41614 | S14: 163.52954 | T14: 164.33242 | U14: 197.0894 | V14: 178.73554
B15: Total these airports | D15: =SUM(D11:D14) -> 1322 | E15: =SUM(E11:E14) -> 1252 | F15: =SUM(F11:F14) -> 1415 | G15: =SUM(G11:G14) -> 1409 | H15: =SUM(H11:H14) -> 1729 | I15: =SUM(I11:I14) -> 2121 | J15: =SUM(J11:J14) -> 2265 | K15: =SUM(K11:K14) -> 2408 | ... V15: =SUM(V11:V14) -> 2698.5053
B16: Heathrow | D16: 366 | E16: 417 | F16: 388 | G16: 453 | H16: 314 | I16: 341 | J16: 373 | K16: 352 | L16: 364 | M16: 435 | N16: 383 | O16: 148.97937 | P16: 116.6999 | Q16: 101.98312 | R16: 108.63135 | S16: 87.112899 | T16: 76.288447 | U16: 84.121596 | V16: 73.947287
B17: Gatwick | D17: 128 | E17: 116 | F17: 159 | G17: 172 | H17: 188 | I17: 191 | J17: 187 | K17: 167 | L17: 183 | M17: 225 | N17: 186 | O17: 191.54293 | P17: 183.1651 | Q17: 215.31684 | R17: 139.50289 | S17: 126.7269 | T17: 146.77024 | U17: 190.14301 | V17: 133.71695
B18: Stanstead | D18: 9 | E18: 19 | F18: 12 | G18: 22 | H18: 38 | I18: 51 | J18: 69 | K18: 114 | L18: 121 | M18: 115 | N18: 102 | O18: 108.86125 | P18: 58.1303 | Q18: 80.665007 | R18: 47.020422 | S18: 44.473547 | T18: 35.050586 | U18: 35.51944 | V18: 24.341582
B19: Manchester | D19: 162 | E19: 150 | F19: 182 | G19: 152 | H19: 185 | I19: 148 | J19: 149 | K19: 182 | L19: 164 | M19: 156 | N19: 164 | O19: 159.38194 | P19: 157.96047 | Q19: 134.2183 | R19: 130.04927 | S19: 129.96024 | T19: 124.50617 | U19: 132.0811 | V19: 161.19265
B20: Newcastle | D20: .. | E20: .. | F20: .. | G20: .. | H20: .. | I20: .. | J20: .. | K20: .. | L20: .. | M20: .. | N20: .. | O20: 136.3094 | P20: 175.90094 | Q20: 127.95349 | R20: 105.25614 | S20: 118.85262 | T20: 82.53374 | U20: 90.530194 | V20: 79.803457
B21: Birmingham | D21: .. | E21: .. | F21: .. | G21: .. | H21: .. | I21: .. | J21: .. | K21: .. | L21: .. | M21: .. | N21: .. | O21: 38.790681 | P21: 22.06734 | Q21: 17.692106 | R21: 13.393699 | S21: 19.468914 | T21: 14.383582 | U21: 16.725366 | V21: 19.375857
B22: Other UK Airports | D22: 145 | E22: 169 | F22: 194 | G22: 173 | H22: 212 | I22: 258 | J22: 284 | K22: 236 | L22: 264 | M22: 274 | N22: 242 | O22: 384.83055 | P22: 296.69806 | Q22: 242.78903 | R22: 198.53618 | S22: 161.57666 | T22: 164.45904 | U22: 137.03117 | V22: 207.68569
B23: Channel Tunnel | D23: 25 | E23: 64 | F23: 60 | G23: 104 | H23: 90 | I23: 60 | J23: 44 | K23: 41 | L23: 54 | M23: 36 | N23: 52 | O23: 55 | P23: 65.028361 | Q23: 82.62653 | R23: 62.701383 | S23: 76 | T23: 55.309983 | U23: 63.756684 | V23: 59.492269
B24: Sea | C24: Total | D24: =SUM(D25:D27) -> 378 | E24: =SUM(E25:E27) -> 282 | F24: =SUM(F25:F27) -> 371 | G24: =SUM(G25:G27) -> 291 | H24: =SUM(H25:H27) -> 302 | I24: =SUM(I25:I27) -> 336 | J24: =SUM(J25:J27) -> 343 | K24: =SUM(K25:K27) -> 304 | ... V24: =SUM(V25:V27) -> 133.47884
B25: English Channel Ports | D25: 310 | E25: 212 | F25: 276 | G25: 221 | H25: 194 | I25: 224 | J25: 243 | K25: 213 | L25: 124 | M25: 109 | N25: 57 | O25: 119 | P25: 67.867111 | Q25: 107.49494 | R25: 109.29705 | S25: 118.14847 | T25: 107.74434 | U25: 74.159214 | V25: 104.99569
B26: English East Coast Ports | D26: 68 | E26: 66 | F26: 90 | G26: 68 | H26: 94 | I26: 89 | J26: 87 | K26: 85 | L26: 61 | M26: 54 | N26: 47 | O26: 45 | P26: 51.683772 | Q26: 45.856595 | R26: 37.127392 | S26: 33.836833 | T26: 43.137354 | U26: 35.125065 | V26: 25.644064
B27: Other UK Ports | D27: 0 | E27: 4 | F27: 5 | G27: 2 | H27: 14 | I27: 23 | J27: 13 | K27: 6 | L27: 9 | M27: 10 | N27: 1 | O27: 11 | P27: 36.116567 | Q27: 28.232091 | R27: 16.385302 | S27: 27.871133 | T27: 4.8242749 | U27: 3.7131416 | V27: 2.8390807
A29: by purpose of visit
B30: Package holiday | D30: 1306 | E30: 1160 | F30: 1351 | G30: 1224 | H30: 1560 | I30: 1785 | J30: 1847 | K30: 1978 | L30: 1903 | M30: 1969 | N30: 1580 | O30: 1681 | P30: 1686.5801 | Q30: 1512.2045 | R30: 1161.3058 | S30: 1194.8586 | T30: 1128.3531 | U30: 1210.2258 | V30: 1123.0171
B31: Other holiday | D31: 640 | E31: 661 | F31: 737 | G31: 739 | H31: 817 | I31: 897 | J31: 1007 | K31: 1042 | L31: 1084 | M31: 1212 | N31: 1505 | O31: 1694 | P31: 1642.9665 | Q31: 1827.5641 | R31: 1453.9356 | S31: 1378.244 | T31: 1322.9171 | U31: 1335.0238 | V31: 1363.444
B32: Business | D32: 286 | E32: 284 | F32: 328 | G32: 390 | H32: 326 | I32: 374 | J32: 338 | K32: 329 | L32: 305 | M32: 329 | N32: 394 | O32: 383 | P32: 457.61399 | Q32: 406.90904 | R32: 396.57153 | S32: 363.18594 | T32: 398.62477 | U32: 333.78878 | V32: 325.31777
B33: Visit friends / relatives | D33: 215 | E33: 302 | F33: 269 | G33: 312 | H33: 282 | I33: 358 | J33: 455 | K33: 391 | L33: 389 | M33: 598 | N33: 692 | O33: 859 | P33: 824.29345 | Q33: 912.70346 | R33: 799.63715 | S33: 611.49027 | T33: 669.73423 | U33: 672.79753 | V33: 710.86836
B34: Misc. and other | D34: 87 | E34: 61 | F34: 94 | G34: 111 | H34: 73 | I34: 90 | J34: 68 | K34: 64 | L34: 136 | M34: 110 | N34: 118 | O34: 174 | P34: 126.35483 | Q34: 104.12217 | R34: 87.566343 | S34: 69.765573 | T34: 59.674756 | U34: 93.379358 | V34: 68.892659
A36: by area visited
B37: EU | D37: 1993 | E37: 1875 | F37: 2099 | G37: 2073 | H37: 2322 | I37: 2759 | J37: 2985 | K37: 3092 | L37: 3008 | M37: 3204 | N37: 3276 | O37: 3709 | P37: 3661.9874 | Q37: 3692.0932 | R37: 2932.5908 | S37: 2709.0078 | T37: 2767.9199 | U37: 2844.6465 | V37: 2760.5189
B38: Other Europe | D38: 11 | E38: 12 | F38: 28 | G38: 24 | H38: 21 | I38: 15 | J38: 12 | K38: 14 | L38: 29 | M38: 32 | N38: 41 | O38: 61 | P38: 47.891304 | Q38: 64.30074 | R38: 49.665316 | S38: 48.014002 | T38: 63.521974 | U38: 50.278993 | V38: 60.055776
B39: North America | D39: 322 | E39: 353 | F39: 376 | G39: 383 | H39: 449 | I39: 465 | J39: 455 | K39: 388 | L39: 456 | M39: 497 | N39: 484 | O39: 503 | P39: 464.69055 | Q39: 477.49059 | R39: 365.40255 | S39: 343.78263 | T39: 284.69541 | U39: 297.02362 | V39: 266.86331
B40: Australia & New Zealand | D40: 21 | E40: 25 | F40: 25 | G40: 42 | H40: 31 | I40: 32 | J40: 39 | K40: 34 | L40: 32 | M40: 54 | N40: 77 | O40: 60 | P40: 70.778289 | Q40: 52.161311 | R40: 57.160126 | S40: 55.386055 | T40: 42.678901 | U40: 38.198991 | V40: 46.822031
B41: Asia | D41: 48 | E41: 71 | F41: 86 | G41: 94 | H41: 74 | I41: 94 | J41: 72 | K41: 80 | L41: 81 | M41: 154 | N41: 128 | O41: 158 | P41: 147.363 | Q41: 153.92673 | R41: 146.08833 | S41: 138.87041 | T41: 132.00557 | U41: 118.72315 | V41: 139.81691
B42: Rest of the World | D42: 139 | E42: 132 | F42: 165 | G42: 160 | H42: 161 | I42: 139 | J42: 153 | K42: 198 | L42: 212 | M42: 277 | N42: 282 | O42: 301 | P42: 345.09832 | Q42: 323.53063 | R42: 348.10936 | S42: 322.4835 | T42: 288.48212 | U42: 296.34396 | V42: 317.46299
A44: by means of leaving the UK and main purposes of visits
B46: Edinburgh, Glasgow, Prestwick & Aberdeen
B47: Package holiday | D47: 866 | E47: 750 | F47: 849 | G47: 764 | H47: 1054 | I47: 1261 | J47: 1280 | K47: 1459 | L47: 1492 | M47: 1504 | N47: 1218 | O47: 1277 | P47: 1322.1014 | Q47: 1174.7272 | R47: 894.58724 | S47: 881.8525 | T47: 849.73123 | U47: 973.86171 | V47: 847.3548
B48: Other holiday | D48: 276 | E48: 278 | F48: 335 | G48: 307 | H48: 363 | I48: 437 | J48: 547 | K48: 543 | L48: 588 | M48: 727 | N48: 1029 | O48: 1164 | P48: 1148.3732 | Q48: 1302.6524 | R48: 1054.5841 | S48: 988.55465 | T48: 982.34713 | U48: 974.57942 | V48: 1010.7251
B49: Business | D49: 75 | E49: 68 | F49: 85 | G49: 156 | H49: 160 | I49: 173 | J49: 126 | K49: 141 | L49: 126 | M49: 162 | N49: 235 | O49: 199 | P49: 305.6272 | Q49: 296.0163 | R49: 289.47612 | S49: 241.79572 | T49: 298.22092 | U49: 246.33663 | V49: 210.6301
B50: Visit friends / relatives | D50: 92 | E50: 141 | F50: 124 | G50: 160 | H50: 141 | I50: 227 | J50: 300 | K50: 248 | L50: 222 | M50: 364 | N50: 513 | O50: 634 | P50: 657.96579 | Q50: 748.63656 | R50: 651.04644 | S50: 512.18782 | T50: 552.66102 | U50: 543.2104 | V50: 586.55029
B51: Other UK airport
B52: Package holiday | D52: 280 | E52: 296 | F52: 330 | G52: 326 | H52: 358 | I52: 359 | J52: 364 | K52: 362 | L52: 298 | M52: 394 | N52: 310 | O52: 297 | P52: 283.91994 | Q52: 259.95026 | R52: 188.4672 | S52: 198.12961 | T52: 187.09861 | U52: 187.02057 | V52: 192.66559
B53: Other holiday | D53: 237 | E53: 254 | F53: 262 | G53: 306 | H53: 300 | I53: 323 | J53: 362 | K53: 392 | L53: 412 | M53: 409 | N53: 413 | O53: 466 | P53: 408.18983 | Q53: 398.18697 | R53: 217.56553 | S53: 213.87557 | T53: 178.36946 | U53: 213.21036 | V53: 182.52821
B54: Business | D54: 167 | E54: 166 | F54: 181 | G54: 167 | H54: 121 | I54: 146 | J54: 173 | K54: 139 | L54: 152 | M54: 141 | N54: 149 | O54: 163 | P54: 131.68381 | Q54: 93.696934 | R54: 39.817697 | S54: 48.226544 | T54: 49.368726 | U54: 46.828871 | V54: 41.602942
B55: Visit friends / relatives | D55: 100 | E55: 130 | F55: 130 | G55: 131 | H55: 117 | I55: 118 | J55: 135 | K55: 133 | L55: 153 | M55: 213 | N55: 160 | O55: 198 | P55: 146.96318 | Q55: 134.78329 | R55: 77.987092 | S55: 54.292959 | T55: 55.500527 | U55: 74.920261 | V55: 63.894173
B56: Sea or Channel Tunnel
B57: Package holiday | D57: 161 | E57: 115 | F57: 172 | G57: 135 | H57: 148 | I57: 165 | J57: 204 | K57: 157 | L57: 113 | M57: 71 | N57: 52 | O57: 107 | P57: 80.558749 | Q57: 77.527046 | R57: 78.251343 | S57: 114.8765 | T57: 91.523236 | U57: 49.343511 | V57: 82.996738
B58: Other holiday | D58: 128 | E58: 129 | F58: 139 | G58: 126 | H58: 153 | I58: 137 | J58: 98 | K58: 107 | L58: 84 | M58: 76 | N58: 63 | O58: 64 | P58: 86.403445 | Q58: 126.7247 | R58: 181.78596 | S58: 175.81375 | T58: 162.20048 | U58: 147.23396 | V58: 170.19069
B59: Business | D59: 44 | E59: 50 | F59: 62 | G59: 66 | H59: 46 | I59: 54 | J59: 39 | K59: 50 | L59: 27 | M59: 26 | N59: 10 | O59: 21 | P59: 20.30298 | Q59: 17.195807 | R59: 67.277708 | S59: 73.163678 | T59: 51.035117 | U59: 40.62328 | V59: 73.084736
B60: Visit friends / relatives | D60: 23 | E60: 30 | F60: 15 | G60: 21 | H60: 23 | I60: 14 | J60: 20 | K60: 10 | L60: 14 | M60: 22 | N60: 19 | O60: 27 | P60: 19.36448 | Q60: 29.283612 | R60: 70.603618 | S60: 45.009489 | T60: 61.572686 | U60: 54.666864 | V60: 60.423889
A62: by main purposes of visit and area visited
B64: Package holiday
B65: EU | D65: 1135 | E65: 1004 | F65: 1148 | G65: 1021 | H65: 1357 | I65: 1631 | J65: 1661 | K65: 1781 | L65: 1644 | M65: 1653 | N65: 1305 | O65: 1410 | P65: 1365.5699 | Q65: 1226.7809 | R65: 897.50919 | S65: 908.15389 | T65: 911.99078 | U65: 986.84438 | V65: 867.78902
B66: Elsewhere | D66: 171 | E66: 156 | F66: 203 | G66: 203 | H66: 203 | I66: 154 | J66: 187 | K66: 197 | L66: 259 | M66: 315 | N66: 275 | O66: 272 | P66: 321.01024 | Q66: 285.42361 | R66: 263.7966 | S66: 286.70471 | T66: 216.3623 | U66: 223.3814 | V66: 255.22811
B67: Other holiday
B68: EU | D68: 465 | E68: 450 | F68: 534 | G68: 528 | H68: 555 | I68: 630 | J68: 755 | K68: 816 | L68: 841 | M68: 936 | N68: 1186 | O68: 1370 | P68: 1352.5107 | Q68: 1503.1979 | R68: 1185.4758 | S68: 1119.8034 | T68: 1105.8714 | U68: 1110.1563 | V68: 1151.8693
B69: Elsewhere | D69: 175 | E69: 211 | F69: 203 | G69: 211 | H69: 262 | I69: 267 | J69: 252 | K69: 226 | L69: 244 | M69: 276 | N69: 319 | O69: 324 | P69: 290.45578 | Q69: 324.36618 | R69: 268.4598 | S69: 258.44053 | T69: 217.04569 | U69: 224.86746 | V69: 211.57467
B70: Business
B71: EU | D71: 212 | E71: 208 | F71: 240 | G71: 294 | H71: 236 | I71: 259 | J71: 249 | K71: 243 | L71: 204 | M71: 235 | N71: 285 | O71: 263 | P71: 356.40269 | Q71: 274.72601 | R71: 273.84986 | S71: 251.98255 | T71: 274.20684 | U71: 237.2768 | V71: 219.28669
B72: Elsewhere | D72: 74 | E72: 77 | F72: 89 | G72: 96 | H72: 91 | I72: 115 | J72: 89 | K72: 86 | L72: 101 | M72: 94 | N72: 108 | O72: 120 | P72: 101.21129 | Q72: 132.18304 | R72: 122.72167 | S72: 111.20339 | T72: 124.41793 | U72: 96.511979 | V72: 106.03109
B73: Visit friends / relatives
B74: EU | D74: 106 | E74: 165 | F74: 107 | G74: 150 | H74: 128 | I74: 175 | J74: 262 | K74: 201 | L74: 219 | M74: 288 | N74: 407 | O74: 529 | P74: 509.80158 | Q74: 609.0851 | R74: 513.91141 | S74: 379.11598 | T74: 430.14879 | U74: 441.38509 | V74: 471.36217
B75: Elsewhere | D75: 109 | E75: 137 | F75: 162 | G75: 161 | H75: 154 | I75: 184 | J75: 194 | K75: 190 | L75: 170 | M75: 310 | N75: 284 | O75: 331 | P75: 314.49187 | Q75: 303.61836 | R75: 285.72574 | S75: 232.37429 | T75: 239.58544 | U75: 231.41244 | V75: 239.50619
B78: Source: Office for National Statistics
B79: 1. These estimates are based on information from samples of passengers using the principal routes: the International Passenger Survey
B80: does not provide any information about passengers using other routes (e.g.Rosyth) - see sections 11.2 (page 283) and 11.7 (page 288) of the notes and definitions.
B81: Prestwick airport was added to the International Passenger Survey sample in 2005, so there are no figures for it prior to then.
B82: The results for 2003 and earlier years differ from those published previously because ONS has revised the series retrospectively -
B83: for example, the EU/Other Europe breakdown now reflects the position following the enlargement of the EU in 2004.

Sheet T11.27 page 1
A1: Table 11.27 Transport Model for Scotland: inter-zonal 1 trips made on an average weekday - within Scotland: circa 2008 4
A3: (a) People: by car, bus or train
F4: Destination
A5: Origin | B5: Edinburgh & Lothian | C5: Fife | D5: Central | E5: Glasgow & S'clyde2 | F5: Ayrshire | G5: Dumfries & Galloway | H5: Borders | I5: Perth & Kinross | J5: Dundee | K5: Aberdeen & North East 3 | L5: Elsewhere in Scotland | M5: Total
M6: thousands
A7: Edinburgh and Lothian | B7: 842.10777 | C7: 27.859236 | D7: 29.291291 | E7: 42.835013 | F7: 0.87633694 | G7: 0.45534608 | H7: 11.154272 | I7: 3.9496478 | J7: 1.6677779 | K7: 1.9358835 | L7: 0.65373022 | M7: 962.7863
A8: Fife | B8: 26.921084 | C8: 285.98418 | D8: 11.449717 | E8: 3.9081305 | F8: 0.0738877 | G8: 0.01749708 | H8: 0.12376364 | I8: 10.999171 | J8: 11.256116 | K8: 1.7947566 | L8: 0.11752318 | M8: 352.64582
A9: Central | B9: 31.288865 | C9: 10.531479 | D9: 189.16359 | E9: 41.122118 | F9: 0.3809004 | G9: 0.06058736 | H9: 0.11012134 | I9: 5.0977071 | J9: 0.35299394 | K9: 0.36110706 | L9: 0.14491854 | M9: 278.61438
A10: Glasgow & Strathclyde2 | B10: 41.934435 | C10: 3.1867981 | D10: 39.998012 | E10: 1818.9791 | F10: 50.084592 | G10: 1.7702721 | H10: 1.1467897 | I10: 1.6291881 | J10: 1.645711 | K10: 1.4728205 | L10: 1.3343878 | M10: 1963.1821
A11: Ayrshire | B11: 1.031684 | C11: 0.07983218 | D11: 0.37052696 | E11: 53.241984 | F11: 282.80767 | G11: 2.0377502 | H11: 0.22688148 | I11: 0.03572078 | J11: 0.07705702 | K11: 0.2473639 | L11: 0.092072 | M11: 340.24855
A12: Dumfries & Galloway | B12: 0.4681699 | C12: 0.02076216 | D12: 0.0653606 | E12: 1.6891172 | F12: 2.0750475 | G12: 103.49362 | H12: 0.39611214 | I12: 0.00648876 | J12: 0.0172219 | K12: 0.06718406 | L12: 0.01703818 | M12: 108.31612
A13: Borders | B13: 11.089351 | C13: 0.10871166 | D13: 0.08227528 | E13: 1.1459728 | F13: 0.21845088 | G13: 0.38166244 | H13: 65.143163 | I13: 0.01631808 | J13: 0.01516896 | K13: 0.0657624 | L13: 0.0125376 | M13: 78.279374
A14: Perth and Kinross | B14: 3.1493082 | C14: 10.852193 | D14: 5.4340487 | E14: 1.8148698 | F14: 0.03559564 | G14: 0.00625342 | H14: 0.01825008 | I14: 93.546123 | J14: 11.719239 | K14: 2.7303508 | L14: 0.48200754 | M14: 129.78824
A15: Dundee | B15: 1.2650964 | C15: 12.625016 | D15: 0.49908468 | E15: 1.8050835 | F15: 0.07628968 | G15: 0.03210038 | H15: 0.0398637 | I15: 11.027365 | J15: 117.38879 | K15: 21.829587 | L15: 0.27923374 | M15: 166.86751
A16: Aberdeen & North East3 | B16: 1.4355759 | C16: 2.0251077 | D16: 0.3829965 | E16: 1.6937692 | F16: 0.29452312 | G16: 0.05201004 | H16: 0.041844 | I16: 2.7517331 | J16: 22.394038 | K16: 493.83813 | L16: 5.8049927 | M16: 530.71472
A17: Elsewhere in Scotland | B17: 0.64325814 | C17: 0.1877893 | D17: 0.18619322 | E17: 1.4908397 | F17: 0.13218614 | G17: 0.03653466 | H17: 0.0186281 | I17: 0.63464396 | J17: 0.36134764 | K17: 5.9482226 | L17: 227.51071 | M17: 237.15035
A18: Total | B18: 961.3346 | C18: 353.4611 | D18: 276.92309 | E18: 1969.726 | F18: 337.05548 | G18: 108.34363 | H18: 78.419689 | I18: 129.69411 | J18: 166.89546 | K18: 530.29117 | L18: 236.44915 | M18: 5148.5935
A21: (b) People: by car
F22: Destination
A23: Origin | B23: Edinburgh & Lothian | C23: Fife | D23: Central | E23: Glasgow & S'clyde2 | F23: Ayrshire | G23: Dumfries & Galloway | H23: Borders | I23: Perth & Kinross | J23: Dundee | K23: Aberdeen & North East 3 | L23: Elsewhere in Scotland | M23: Total
M24: thousands
A25: Edinburgh and Lothian | B25: 647.36957 | C25: 20.125305 | D25: 24.880415 | E25: 33.651719 | F25: 0.39412044 | G25: 0.30197328 | H25: 9.3738476 | I25: 3.4072382 | J25: 1.0382249 | K25: 1.2685753 | L25: 0.33696372 | M25: 742.14795
A26: Fife | B26: 19.117652 | C26: 240.49511 | D26: 10.784136 | E26: 3.2079154 | F26: 0.0560088 | G26: 0.01533948 | H26: 0.11600664 | I26: 10.431234 | J26: 8.5235735 | K26: 1.4998242 | L26: 0.09611448 | M26: 294.34292
A27: Central | B27: 26.834751 | C27: 9.8145298 | D27: 161.08613 | E27: 36.129238 | F27: 0.2507592 | G27: 0.04574316 | H27: 0.09241404 | I27: 4.7475269 | J27: 0.29501904 | K27: 0.27814236 | L27: 0.07637604 | M27: 239.65063
A28: Glasgow & Strathclyde2 | B28: 32.293568 | C28: 2.5970522 | D28: 35.275773 | E28: 1430.3671 | F28: 39.404642 | G28: 1.1606497 | H28: 0.98515932 | I28: 1.095378 | J28: 1.1876362 | K28: 0.8218194 | L28: 0.94917324 | M28: 1546.1379
A29: Ayrshire | B29: 0.46504524 | C29: 0.05563548 | D29: 0.26208336 | E29: 41.03154 | F29: 242.33628 | G29: 1.8302203 | H29: 0.22688148 | I29: 0.02072328 | J29: 0.02515932 | K29: 0.1592646 | L29: 0.0530472 | M29: 286.46588
A30: Dumfries & Galloway | B30: 0.3225342 | C30: 0.01644696 | D30: 0.0456168 | E30: 1.245927 | F30: 1.8978193 | G30: 90.346597 | H30: 0.37579764 | I30: 0.00529536 | J30: 0.007425 | K30: 0.05034216 | L30: 0.01144608 | M30: 94.325248
A31: Borders | B31: 9.0948031 | C31: 0.10629456 | D31: 0.07957908 | E31: 1.0292914 | F31: 0.21845088 | G31: 0.36569844 | H31: 57.312515 | I31: 0.01631808 | J31: 0.01516896 | K31: 0.0395928 | L31: 0.011772 | M31: 68.289484
A32: Perth and Kinross | B32: 2.4641778 | C32: 10.296675 | D32: 5.091141 | E32: 1.3022023 | F32: 0.02126724 | G32: 0.00489132 | H32: 0.01825008 | I32: 80.175324 | J32: 10.021892 | K32: 2.4840198 | L32: 0.33486924 | M32: 112.21471
A33: Dundee | B33: 0.74417544 | C33: 10.182509 | D33: 0.39778008 | E33: 1.4121907 | F33: 0.02768688 | G33: 0.00814908 | H33: 0.0108864 | I33: 9.8077151 | J33: 93.285904 | K33: 18.685709 | L33: 0.24116424 | M33: 134.80387
A34: Aberdeen & North East 2 | B34: 0.87665028 | C34: 1.7621222 | D34: 0.2993862 | E34: 1.1328055 | F34: 0.16113252 | G34: 0.04299924 | H34: 0.041844 | I34: 2.449557 | J34: 18.643257 | K34: 429.51557 | L34: 4.9482338 | M34: 459.87356
A35: Elsewhere in Scotland | B35: 0.34536324 | C35: 0.1426128 | D35: 0.12508332 | E35: 1.0938505 | F35: 0.08868984 | G35: 0.02975496 | H35: 0.0155238 | I35: 0.48795816 | J35: 0.30761244 | K35: 5.185472 | L35: 198.81827 | M35: 206.64019
A36: Total | B36: 739.92829 | C36: 295.5943 | D36: 238.32712 | E36: 1551.6038 | F36: 284.85686 | G36: 94.152016 | H36: 68.569126 | I36: 112.64427 | J36: 133.35087 | K36: 459.98834 | L36: 205.87743 | M36: 4184.8924
A37: Source: Transport Scotland (Transport Model for Scotland:07) - Not National Statistics
A39: Note: these tables are out of date and we will be publishing more up-to-date ones in due course.
A40: More in-depth information about the Transport Model for Scotland can be found on the LATIS website here
A41: http://www.transportscotland.gov.uk/analysis/LATIS
A43: 1. All travel movements between the 720 zones used to represent the UK. - see section 4.5 of the commentary.
A44: The number of shorter distance trips which travel within a model zone area is not known.
A45: 2. Strathclyde excluding Ayrshire
A46: 3. Aberdeen City, Aberdeenshire and Angus
A47: 4. This traffic and travel data was extracted from the Transport Model for Scotland 2007 (TMfS:07) (Base Year Version BY20, Model Version TMfS V2.0).
A48: The data reflects daily travel movements within a 2007 base year and represents the most recent data available from the LATIS service (Model version V1.12 2007 BY05)
A49: TMfS:07 covers the whole of the Scottish Strategic Transport network. England is represented with much less detail.
A50: The data reflects 'inter-zonal trips', which includes all travel movements between the 720 zones used to represent the UK.
A51: The data does not include more local or short distance movements travelling wholly within model zones.

Sheet T11.27 page 2
A1: Table 11.27 (continued) Transport Model for Scotland: inter-zonal 1 trips made on an average weekday - within Scotland: circa 2008 4
A3: (c) People: by bus or train
F4: Destination
A5: Origin | B5: Edinburgh & Lothian | C5: Fife | D5: Central | E5: Glasgow & S'clyde2 | F5: Ayrshire | G5: Dumfries & Galloway | H5: Borders | I5: Perth & Kinross | J5: Dundee | K5: Aberdeen & North East 3 | L5: Elsewhere in Scotland | M5: Total
M6: thousands
A7: Edinburgh and Lothian | B7: 194.7382 | C7: 7.733931 | D7: 4.4108758 | E7: 9.1832935 | F7: 0.4822165 | G7: 0.1533728 | H7: 1.780424 | I7: 0.5424096 | J7: 0.629553 | K7: 0.6673082 | L7: 0.3167665 | M7: 220.63835
A8: Fife | B8: 7.8034322 | C8: 45.489062 | D8: 0.6655809 | E8: 0.7002151 | F8: 0.0178789 | G8: 0.0021576 | H8: 0.007757 | I8: 0.5679365 | J8: 2.7325427 | K8: 0.2949324 | L8: 0.0214087 | M8: 58.302904
A9: Central | B9: 4.4541138 | C9: 0.7169495 | D9: 28.077461 | E9: 4.9928799 | F9: 0.1301412 | G9: 0.0148442 | H9: 0.0177073 | I9: 0.3501802 | J9: 0.0579749 | K9: 0.0829647 | L9: 0.0685425 | M9: 38.963759
A10: Glasgow & Strathclyde2 | B10: 9.6408668 | C10: 0.5897459 | D10: 4.7222393 | E10: 388.61205 | F10: 10.67995 | G10: 0.6096224 | H10: 0.1616304 | I10: 0.5338101 | J10: 0.4580748 | K10: 0.6510011 | L10: 0.3852146 | M10: 417.04421
A11: Ayrshire | B11: 0.5666388 | C11: 0.0241967 | D11: 0.1084436 | E11: 12.210444 | F11: 40.471395 | G11: 0.2075299 | H11: 0 | I11: 0.0149975 | J11: 0.0518977 | K11: 0.0880993 | L11: 0.0390248 | M11: 53.782667
A12: Dumfries & Galloway | B12: 0.1456357 | C12: 0.0043152 | D12: 0.0197438 | E12: 0.4431902 | F12: 0.1772282 | G12: 13.147022 | H12: 0.0203145 | I12: 0.0011934 | J12: 0.0097969 | K12: 0.0168419 | L12: 0.0055921 | M12: 13.990874
A13: Borders | B13: 1.9945479 | C13: 0.0024171 | D13: 0.0026962 | E13: 0.1166814 | F13: 0 | G13: 0.015964 | H13: 7.8306482 | I13: 0 | J13: 0 | K13: 0.0261696 | L13: 0.0007656 | M13: 9.98989
A14: Perth and Kinross | B14: 0.6851304 | C14: 0.5555183 | D14: 0.3429077 | E14: 0.5126675 | F14: 0.0143284 | G14: 0.0013621 | H14: 0 | I14: 13.370799 | J14: 1.6973465 | K14: 0.246331 | L14: 0.1471383 | M14: 17.573529
A15: Dundee | B15: 0.520921 | C15: 2.4425075 | D15: 0.1013046 | E15: 0.3928928 | F15: 0.0486028 | G15: 0.0239513 | H15: 0.0289773 | I15: 1.2196502 | J15: 24.102882 | K15: 3.1438785 | L15: 0.0380695 | M15: 32.063637
A16: Aberdeen & North East3 | B16: 0.5589256 | C16: 0.2629855 | D16: 0.0836103 | E16: 0.5609637 | F16: 0.1333906 | G16: 0.0090108 | H16: 0 | I16: 0.3021761 | J16: 3.7507808 | K16: 64.322554 | L16: 0.8567589 | M16: 70.841156
A17: Elsewhere in Scotland | B17: 0.2978949 | C17: 0.0451765 | D17: 0.0611099 | E17: 0.3969892 | F17: 0.0434963 | G17: 0.0067797 | H17: 0.0031043 | I17: 0.1466858 | J17: 0.0537352 | K17: 0.7627506 | L17: 28.692436 | M17: 30.510159
A18: Total | B18: 221.40631 | C18: 57.866805 | D18: 38.595973 | E18: 418.12227 | F18: 52.198628 | G18: 14.191617 | H18: 9.850563 | I18: 17.049839 | J18: 33.544584 | K18: 70.302831 | L18: 30.571718 | M18: 963.70114
A21: (d) Vehicle trips: cars and goods vehicles only
F22: Destination
A23: Origin | B23: Edinburgh & Lothian | C23: Fife | D23: Central | E23: Glasgow & S'clyde1 | F23: Ayrshire | G23: Dumfries & Galloway | H23: Borders | I23: Perth & Kinross | J23: Dundee | K23: Aberdeen & North East 2 | L23: Elsewhere in Scotland | M23: Total
M24: thousands
A25: Edinburgh and Lothian | B25: 695.67673 | C25: 20.253056 | D25: 24.125736 | E25: 35.399362 | F25: 1.1594663 | G25: 0.9058898 | H25: 9.1159731 | I25: 4.1409083 | J25: 1.1687754 | K25: 1.8155389 | L25: 0.8405349 | M25: 794.60197
A26: Fife | B26: 18.636145 | C26: 239.92261 | D26: 11.093318 | E26: 3.4888514 | F26: 0.1314994 | G26: 0.016074 | H26: 0.1140878 | I26: 10.929632 | J26: 7.9936336 | K26: 1.9072956 | L26: 0.353284 | M26: 294.58643
A27: Central | B27: 26.353058 | C27: 10.173941 | D27: 186.49041 | E27: 35.812179 | F27: 0.5698163 | G27: 0.0748359 | H27: 0.1170416 | I27: 4.5769773 | J27: 0.4211754 | K27: 0.7304932 | L27: 0.3790949 | M27: 265.69902
A28: Glasgow & Strathclyde2 | B28: 37.94717 | C28: 2.8530023 | D28: 34.743416 | E28: 1446.631 | F28: 44.826742 | G28: 2.0448247 | H28: 1.3407737 | I28: 1.4086051 | J28: 1.5582911 | K28: 1.0254684 | L28: 2.0709148 | M28: 1576.4502
A29: Ayrshire | B29: 0.9929764 | C29: 0.0770183 | D29: 0.3931653 | E29: 39.30535 | F29: 240.9119 | G29: 1.9517238 | H29: 0.259279 | I29: 0.0537598 | J29: 0.0264761 | K29: 0.1814377 | L29: 0.1637268 | M29: 284.31681
A30: Dumfries & Galloway | B30: 1.0673404 | C30: 0.0243838 | D30: 0.0926375 | E30: 1.9949056 | F30: 3.3639006 | G30: 94.130976 | H30: 0.753296 | I30: 0.0178023 | J30: 0.0177564 | K30: 0.0576269 | L30: 0.0771857 | M30: 101.59781
A31: Borders | B31: 8.9225447 | C31: 0.1003288 | D31: 0.1027798 | E31: 1.3698355 | F31: 0.3373553 | G31: 0.754448 | H31: 50.512686 | I31: 0.0495488 | J31: 0.0197104 | K31: 0.0507958 | L31: 0.0470883 | M31: 62.267122
A32: Perth and Kinross | B32: 2.889483 | C32: 10.440408 | D32: 5.0759064 | E32: 1.7291819 | F32: 0.0844447 | G32: 0.0301907 | H32: 0.0816615 | I32: 75.48656 | J32: 9.4611958 | K32: 2.9654554 | L32: 0.7566278 | M32: 109.00111
A33: Dundee | B33: 0.9210137 | C33: 9.3566096 | D33: 0.5612359 | E33: 1.9396151 | F33: 0.0676594 | G33: 0.0268575 | H33: 0.0267166 | I33: 9.1822286 | J33: 87.279605 | K33: 18.669279 | L33: 0.385237 | M33: 128.41606
A34: Aberdeen & North East3 | B34: 1.138051 | C34: 2.0616287 | D34: 0.4889478 | E34: 1.2801648 | F34: 0.213771 | G34: 0.0518486 | H34: 0.0618934 | I34: 2.967935 | J34: 18.477201 | K34: 401.88697 | L34: 6.1717649 | M34: 434.80018
A35: Elsewhere in Scotland | B35: 0.4536784 | C35: 0.2904582 | D35: 0.4903404 | E35: 1.6175911 | F35: 0.2279694 | G35: 0.0795462 | H35: 0.1179809 | I35: 1.0659123 | J35: 0.3263824 | K35: 5.6646676 | L35: 181.5975 | M35: 191.93203
A36: Total | B36: 794.99819 | C36: 295.55344 | D36: 263.65789 | E36: 1570.568 | F36: 291.89452 | G36: 100.06722 | H36: 62.50139 | I36: 109.87987 | J36: 126.7502 | K36: 434.95503 | L36: 192.84296 | M36: 4243.6687
A37: Source: Transport Scotland (Transport Model for Scotland:07) - Not National Statistics
A39: Note: these tables are out of date and we will be publishing more up-to-date ones in due course.
A40: More in-depth information about the Transport Model for Scotland can be found on the LATIS website here
A41: http://www.transportscotland.gov.uk/analysis/LATIS
A43: 1. All travel movements between the 720 zones used to represent the UK. - see section 4.5 of the commentary.
A44: The number of shorter distance trips which travel within a model zone area is not known.
A45: 2. Strathclyde excluding Ayrshire
A46: 3. Aberdeen City, Aberdeenshire and Angus
A47: 4. This traffic and travel data was extracted from the Transport Model for Scotland 2007 (TMfS:07) (Base Year Version BY20, Model Version TMfS V2.0).
A48: The data reflects daily travel movements within a 2007 base year and represents the most recent data available from the LATIS service (Model version V1.12 2007 BY05)
A49: TMfS:07 covers the whole of the Scottish Strategic Transport network. England is represented with much less detail.
A50: The data reflects 'inter-zonal trips', which includes all travel movements between the 720 zones used to represent the UK.
A51: The data does not include more local or short distance movements travelling wholly within model zones.

Sheet T11.28 page 1
A2: Table 11.28 Transport Model for Scotland4: trips made on an average weekday - between Scotland and England & Wales: circa 2008 3
A4: (a) People: by car, bus or train 1
E5: Destination
A6: Origin | B6: Edinburgh Lothians Borders | C6: Glasgow & Strathclyde2 | D6: Fife Central Perth & Kinross | E6: Ayrshire, Dumfries & Galloway | F6: Dundee and Aberdeen | G6: Elsewhere in Scotland | H6: Cumbria | I6: Northumberland | J6: South West England & Wales | K6: County Durham | L6: Yorkshire and South East England | M6: Total cross-border
M7: thousands
A8: Edinburgh, Lothians, Borders | H8: 0.3613773 | I8: 4.3877461 | J8: 1.6230865 | K8: 0.35386828 | L8: 2.737853 | M8: 9.4639312
A9: Fife, Central, Perth & Kinross | H9: 0.12826824 | I9: 0.2944381 | J9: 0.70516002 | K9: 0.11631442 | L9: 1.0584117 | M9: 2.3025925
A10: Glasgow & Strathclyde 2 | H10: 0.66836148 | I10: 0.55069702 | J10: 2.3378702 | K10: 0.19614164 | L10: 2.8191606 | M10: 6.572231
A11: Ayrshire, Dumfries & Galloway | H11: 1.829895 | I11: 0.17290848 | J11: 0.5599178 | K11: 0.05635154 | L11: 0.60511532 | M11: 3.2241881
A12: Dundee and Aberdeen | H12: 0.08633496 | I12: 0.35744554 | J12: 0.46705424 | K12: 0.22544956 | L12: 0.65113454 | M12: 1.7874188
A13: Elsewhere in Scotland | H13: 0.08009916 | I13: 0.21978572 | J13: 0.67435372 | K13: 0.06020486 | L13: 1.1582616 | M13: 2.192705
A14: Cumbria | B14: 0.3169917 | C14: 0.13285554 | D14: 0.45284496 | E14: 1.8750656 | F14: 0.0986707 | G14: 0.0525758 | M14: 2.9290043
A15: Northumberland | B15: 3.7839319 | C15: 0.19999798 | D15: 0.4879122 | E15: 0.14108652 | F15: 0.25916132 | G15: 0.12523428 | M15: 4.9973242
A16: South West England & Wales | B16: 1.4356606 | C16: 0.69458418 | D16: 1.9380805 | E16: 0.57845698 | F16: 0.52887376 | G16: 0.55070724 | M16: 5.7263633
A17: County Durham | B17: 0.28696144 | C17: 0.10697596 | D17: 0.16397784 | E17: 0.05034144 | F17: 0.1885704 | G17: 0.04706898 | M17: 0.84389606
A18: Yorkshire & SE England | B18: 2.6717197 | C18: 1.0713188 | D18: 2.2098037 | E18: 0.50716094 | F18: 0.75122388 | G18: 0.90339682 | M18: 8.1146239
A19: Total cross-border | B19: 8.4952654 | C19: 2.2057325 | D19: 5.2526192 | E19: 3.1521115 | F19: 1.8265001 | G19: 1.6789831 | H19: 3.1543361 | I19: 5.983021 | J19: 6.3674425 | K19: 1.0083303 | L19: 9.0299368 | M19: 48.154278
A22: (b) People: by car
E23: Destination
A24: Origin | B24: Edinburgh Lothians Borders | C24: Glasgow & Strathclyde3 | D24: Fife Central Perth & Kinross | E24: Ayrshire, Dumfries & Galloway | F24: Dundee and Aberdeen | G24: Elsewhere in Scotland | H24: Cumbria | I24: Northumberland | J24: South West England & Wales | K24: County Durham | L24: Yorkshire and South East England | M24: Total cross-border
M25: thousands
A26: Edinburgh, Lothians, Borders | H26: 0.2422626 | I26: 3.428822 | J26: 0.78337812 | K26: 0.20005188 | L26: 0.68307576 | M26: 5.3375904
A27: Fife, Central, Perth & Kinross | H27: 0.08545104 | I27: 0.1819116 | J27: 0.41471112 | K27: 0.06005292 | L27: 0.52531692 | M27: 1.2674436
A28: Glasgow & Strathclyde 2 | H28: 0.54300408 | I28: 0.33114312 | J28: 1.7220012 | K28: 0.10726584 | L28: 1.6938332 | M28: 4.3972475
A29: Ayrshire, Dumfries & Galloway | H29: 1.3800527 | I29: 0.11956008 | J29: 0.3867744 | K29: 0.04511004 | L29: 0.40531992 | M29: 2.3368171
A30: Dundee and Aberdeen | H30: 0.08257656 | I30: 0.26931624 | J30: 0.36279444 | K30: 0.17054796 | L30: 0.35234424 | M30: 1.2375794
A31: Elsewhere in Scotland | H31: 0.07237356 | I31: 0.16955472 | J31: 0.51649632 | K31: 0.04542996 | L31: 0.69277188 | M31: 1.4966264
A32: Cumbria | B32: 0.2398098 | C32: 0.08554824 | D32: 0.32868036 | E32: 1.5389882 | F32: 0.095208 | G32: 0.0431748 | M32: 2.3314094
A33: Northumberland | B33: 3.0059352 | C33: 0.09921348 | D33: 0.2631894 | E33: 0.10076832 | F33: 0.19479192 | G33: 0.10647468 | M33: 3.770373
A34: South West England & Wales | B34: 0.61342932 | C34: 0.41181828 | D34: 1.3676616 | E34: 0.39584508 | F34: 0.38871756 | G34: 0.39950004 | M34: 3.5769719
A35: County Durham | B35: 0.15513744 | C35: 0.05449836 | D35: 0.08329884 | E35: 0.03871824 | F35: 0.1333902 | G35: 0.03236868 | M35: 0.49741176
A36: Yorkshire & SE England | B36: 0.7572618 | C36: 0.51827532 | D36: 1.3298605 | E36: 0.35228904 | F36: 0.49788768 | G36: 0.52724592 | M36: 3.9828203
A37: Total cross-border | B37: 4.7715736 | C37: 1.1693537 | D37: 3.3726907 | E37: 2.4266089 | F37: 1.3099954 | G37: 1.1087641 | H37: 2.4057205 | I37: 4.5003078 | J37: 4.1861556 | K37: 0.6284586 | L37: 4.352662 | M37: 30.232291
A38: Source: Transport Scotland (Transport Model for Scotland:07) - Not National Statistics
A40: Note: these tables are out of date and we will be publishing more up-to-date ones in due course.
A41: More in-depth information about the Transport Model for Scotland can be found on the LATIS website here
A42: http://www.transportscotland.gov.uk/analysis/LATIS
A44: 1. The model's method of estimating public transport trips may underestimate cross border traffic.
A45: 2. Strathclyde excluding Ayrshire
A46: 3. This traffic and travel data was extracted from the Transport Model for Scotland 2007 (TMfS:07) (Base Year Version BY20, Model Version TMfS V2.0).
A47: The data reflects daily travel movements within a 2007 base year and represents the most recent data available from the LATIS service (Model version V1.12 2007 BY05)
A48: TMfS:07 covers the whole of the Scottish Strategic Transport network. England is represented with much less detail.
A49: The data reflects 'inter-zonal trips', which includes all travel movements between the 720 zones used to represent the UK.
A50: The data does not include more local or short distance movements travelling wholly within model zones.

Sheet T11.28 page 2
A1: Table 11.28 (continued) Transport Model for Scotland1: trips made on an average weekday - between Scotland and England & Wales: circa 2008 3
A3: (c) People: by bus or train 1
E4: Destination
A5: Origin | B5: Edinburgh Lothians Borders | C5: Glasgow and Strathclyde 2 | D5: Fife Central Perth & Kinross | E5: Ayrshire, Dumfries & Galloway | F5: Dundee and Aberdeen | G5: Elsewhere in Scotland | H5: Cumbria | I5: Northumberland | J5: South West England & Wales | K5: County Durham | L5: Yorkshire & SE England | M5: Total cross-border
M6: thousands
A7: Edinburgh, Lothians, Borders | H7: 0.1191147 | I7: 0.9589241 | J7: 0.8397084 | K7: 0.1538164 | L7: 2.0547772 | M7: 4.1263408
A8: Fife, Central, Perth & Kinross | H8: 0.0428172 | I8: 0.1125265 | J8: 0.2904489 | K8: 0.0562615 | L8: 0.5330948 | M8: 1.0351489
A9: Glasgow & Strathclyde 2 | H9: 0.1253574 | I9: 0.2195539 | J9: 0.615869 | K9: 0.0888758 | L9: 1.1253274 | M9: 2.1749835
A10: Ayrshire, Dumfries & Galloway | H10: 0.4498423 | I10: 0.0533484 | J10: 0.1731434 | K10: 0.0112415 | L10: 0.1997954 | M10: 0.887371
A11: Dundee and Aberdeen | H11: 0.0037584 | I11: 0.0881293 | J11: 0.1042598 | K11: 0.0549016 | L11: 0.2987903 | M11: 0.5498394
A12: Elsewhere in Scotland | H12: 0.0077256 | I12: 0.050231 | J12: 0.1578574 | K12: 0.0147749 | L12: 0.4654897 | M12: 0.6960786
A13: Cumbria | B13: 0.0771819 | C13: 0.0473073 | D13: 0.1241646 | E13: 0.3360774 | F13: 0.0034627 | G13: 0.009401 | M13: 0.5975949
A14: Northumberland | B14: 0.7779967 | C14: 0.1007845 | D14: 0.2247228 | E14: 0.0403182 | F14: 0.0643694 | G14: 0.0187596 | M14: 1.2269512
A15: South West England & Wales | B15: 0.8222313 | C15: 0.2827659 | D15: 0.5704189 | E15: 0.1826119 | F15: 0.1401562 | G15: 0.1512072 | M15: 2.1493914
A16: County Durham | B16: 0.131824 | C16: 0.0524776 | D16: 0.080679 | E16: 0.0116232 | F16: 0.0551802 | G16: 0.0147003 | M16: 0.3464843
A17: Yorkshire & SE England | B17: 1.9144579 | C17: 0.5530435 | D17: 0.8799432 | E17: 0.1548719 | F17: 0.2533362 | G17: 0.3761509 | M17: 4.1318036
A18: Total cross-border | B18: 3.7236918 | C18: 1.0363788 | D18: 1.8799285 | E18: 0.7255026 | F18: 0.5165047 | G18: 0.570219 | H18: 0.7486156 | I18: 1.4827132 | J18: 2.1812869 | K18: 0.3798717 | L18: 4.6772748 | M18: 17.921988
A21: (d) Vehicle trips: cars and goods vehicles only
E22: Destination
A23: Origin | B23: Edinburgh Lothians Borders | C23: Glasgow and Strathclyde 2 | D23: Fife Central Perth & Kinross | E23: Ayrshire, Dumfries & Galloway | F23: Dundee and Aberdeen | G23: Elsewhere in Scotland | H23: Cumbria | I23: Northumberland | J23: South West England & Wales | K23: County Durham | L23: Yorkshire & SE England | M23: Total cross-border
M24: thousands
A25: Edinburgh, Lothians, Borders | H25: 0.3517237 | I25: 4.6379217 | J25: 0.9165655 | K25: 0.2794202 | L25: 0.7370957 | M25: 6.9227268
A26: Fife, Central, Perth & Kinross | H26: 0.2558223 | I26: 0.3949938 | J26: 0.6267667 | K26: 0.0663748 | L26: 0.5346856 | M26: 1.8786432
A27: Glasgow & Strathclyde 2 | H27: 1.569165 | I27: 0.4075098 | J27: 2.5206707 | K27: 0.0988116 | L27: 1.9968168 | M27: 6.5929739
A28: Ayrshire, Dumfries & Galloway | H28: 1.4861609 | I28: 0.1764986 | J28: 0.5836686 | K28: 0.0494686 | L28: 0.5030979 | M28: 2.7988946
A29: Dundee and Aberdeen | H29: 0.0777814 | I29: 0.2637945 | J29: 0.3662716 | K29: 0.1433923 | L29: 0.360917 | M29: 1.2121568
A30: Elsewhere in Scotland | H30: 0.0804005 | I30: 0.1706097 | J30: 0.6198148 | K30: 0.0422463 | L30: 0.6853258 | M30: 1.5983971
A31: Cumbria | B31: 0.4084008 | C31: 0.1588205 | D31: 0.6186683 | E31: 1.7032623 | F31: 0.0849236 | G31: 0.1048548 | M31: 3.0789303
A32: Northumberland | B32: 4.8146172 | C32: 0.1898826 | D32: 0.4052788 | E32: 0.2523182 | F32: 0.2466948 | G32: 0.1293649 | M32: 6.0381565
A33: South West England & Wales | B33: 0.8239262 | C33: 0.6311058 | D33: 2.1392472 | E33: 0.7542116 | F33: 0.3680594 | G33: 0.5516402 | M33: 5.2681904
A34: County Durham | B34: 0.2193376 | C34: 0.0665414 | D34: 0.0806947 | E34: 0.058749 | F34: 0.1120045 | G34: 0.0727345 | M34: 0.6100617
A35: Yorkshire & SE England | B35: 0.8764137 | C35: 0.5330536 | D35: 1.5801791 | E35: 0.6776444 | F35: 0.5385744 | G35: 1.0076957 | M35: 5.2135609
A36: Total cross-border | B36: 7.1426955 | C36: 1.5794039 | D36: 4.8240681 | E36: 3.4461855 | F36: 1.3502567 | G36: 1.8662901 | H36: 3.8210538 | I36: 6.0513281 | J36: 5.6337579 | K36: 0.6797138 | L36: 4.8179388 | M36: 41.212692
A37: Source: Transport Scotland (Transport Model for Scotland:07) - Not National Statistics
A39: Note: these tables are out of date and we will be publishing more up-to-date ones in due course.
A40: More in-depth information about the Transport Model for Scotland can be found on the LATIS website here
A41: http://www.transportscotland.gov.uk/analysis/LATIS
A43: 1. The model's method of estimating public transport trips may underestimate cross border traffic.
A44: 2. Strathclyde excluding Ayrshire
A45: 3. This traffic and travel data was extracted from the Transport Model for Scotland 2007 (TMfS:07) (Base Year Version BY20, Model Version TMfS V2.0).
A46: The data reflects daily travel movements within a 2007 base year and represents the most recent data available from the LATIS service (Model version V1.12 2007 BY05)
A47: TMfS:07 covers the whole of the Scottish Strategic Transport network. England is represented with much less detail.
A48: The data reflects 'inter-zonal trips', which includes all travel movements between the 720 zones used to represent the UK.
A49: The data does not include more local or short distance movements travelling wholly within model zones.

Sheet T11.27
A1: Table 11.27 Transport Model for Scotland: inter-zonal 1 trips made on an average weekday - within Scotland: circa 2012 5
A3: (a) People: by car, bus or train
F4: Destination
A5: Origin | B5: Clydeplan 2 | C5: SESplan 3 | D5: TAYplan 4 | E5: Aberdeen City & Shire | F5: Dumfries & Galloway | G5: Ayrshire | H5: Stirling, Falkirk & Clacks | I5: Elsewhere in Scotland | J5: Rest of UK | K5: Total
K6: thousands
A7: Clydeplan2 | B7: 1745.2 | C7: 44.6 | D7: 4 | E7: 1.9 | F7: 1.7 | G7: 52.4 | H7: 38.7 | I7: 14.1 | J7: 6.2 | K7: 1908.8
A8: SESplan3 | B8: 46.9 | C8: 1186 | D8: 36.4 | E8: 2.5 | F8: 0.8 | G8: 1.3 | H8: 39.1 | I8: 2.6 | J8: 10.7 | K8: 1326.3
A9: TAYplan4 | B9: 3.8 | C9: 36.3 | D9: 370.1 | E9: 5.5 | F9: 0.1 | G9: 0.3 | H9: 6.5 | I9: 2 | J9: 1.6 | K9: 426.2
A10: Aberdeen City & Shire | B10: 2 | C10: 2.5 | D10: 6.1 | E10: 430.7 | F10: 0.1 | G10: 0.3 | H10: 0.6 | I10: 6.6 | J10: 1.4 | K10: 450.3
A11: Dumfries & Galloway | B11: 1.6 | C11: 0.9 | D11: 0.1 | E11: 0.1 | F11: 103.5 | G11: 1.9 | H11: 0.1 | I11: 0.2 | J11: 3.2 | K11: 111.6
A12: Ayrshire | B12: 58.7 | C12: 1.4 | D12: 0.4 | E12: 0.3 | F12: 1.9 | G12: 277.5 | H12: 0.5 | I12: 0.6 | J12: 1.1 | K12: 342.4
A13: Stirling, Falkirk & Clacks | B13: 36.2 | C13: 39.8 | D13: 6.4 | E13: 0.5 | F13: 0 | G13: 0.5 | H13: 187.2 | I13: 1.3 | J13: 0.9 | K13: 272.8
A14: Elsewhere in Scotland | B14: 14.2 | C14: 3 | D14: 2.4 | E14: 6.7 | F14: 0.2 | G14: 0.5 | H14: 1.4 | I14: 268.2 | J14: 2.2 | K14: 298.8
A15: Rest of UK | B15: 5.2 | C15: 9.4 | D15: 1.5 | E15: 1.3 | F15: 2.7 | G15: 0.9 | H15: 0.8 | I15: 1.9 | J15: - | K15: 23.7
A16: Total | B16: 1913.8 | C16: 1323.9 | D16: 427.4 | E16: 449.5 | F16: 111 | G16: 335.6 | H16: 274.9 | I16: 297.5 | J16: 27.3 | K16: 5160.9
A19: (b) People: by car
F20: Destination
A21: Origin | B21: Clydeplan 2 | C21: SESplan 3 | D21: TAYplan 4 | E21: Aberdeen City & Shire | F21: Dumfries & Galloway | G21: Ayrshire | H21: Stirling, Falkirk & Clacks | I21: Elsewhere in Scotland | J21: Rest of UK | K21: Total
K22: thousands
A23: Clydeplan2 | B23: 1332.7 | C23: 33.9 | D23: 2.7 | E23: 1.3 | F23: 1 | G23: 41 | H23: 33.7 | I23: 10.8 | J23: 4 | K23: 1461.1
A24: SESplan3 | B24: 36.5 | C24: 905.8 | D24: 30.6 | E24: 1.7 | F24: 0.6 | G24: 0.8 | H24: 33.8 | I24: 2 | J24: 5.8 | K24: 1017.6
A25: TAYplan4 | B25: 2.7 | C25: 30.4 | D25: 300.7 | E25: 4.6 | F25: 0.1 | G25: 0.2 | H25: 5.9 | I25: 1.8 | J25: 1 | K25: 347.4
A26: Aberdeen City & Shire | B26: 1.5 | C26: 1.9 | D26: 5.1 | E26: 368.1 | F26: 0 | G26: 0.2 | H26: 0.5 | I26: 5.6 | J26: 0.8 | K26: 383.7
A27: Dumfries & Galloway | B27: 1.1 | C27: 0.7 | D27: 0.1 | E27: 0.1 | F27: 88.8 | G27: 1.7 | H27: 0 | I27: 0.2 | J27: 2.5 | K27: 95.2
A28: Ayrshire | B28: 45.6 | C28: 0.8 | D28: 0.3 | E28: 0.2 | F28: 1.7 | G28: 232.6 | H28: 0.4 | I28: 0.6 | J28: 0.8 | K28: 283
A29: Stirling, Falkirk & Clacks | B29: 30.8 | C29: 34.3 | D29: 5.8 | E29: 0.5 | F29: 0 | G29: 0.3 | H29: 156.1 | I29: 1.2 | J29: 0.4 | K29: 229.4
A30: Elsewhere in Scotland | B30: 11 | C30: 2.4 | D30: 2.1 | E30: 5.8 | F30: 0.2 | G30: 0.5 | H30: 1.3 | I30: 230.7 | J30: 1.6 | K30: 255.6
A31: Rest of UK | B31: 3.2 | C31: 4.8 | D31: 0.9 | E31: 0.8 | F31: 2.2 | G31: 0.7 | H31: 0.4 | I31: 1.4 | J31: - | K31: 14.4
A32: Total | B32: 1465.1 | C32: 1015 | D32: 348.3 | E32: 383.1 | F32: 94.6 | G32: 278 | H32: 232.1 | I32: 254.3 | J32: 16.9 | K32: 4087.4
A35: (c) People: by bus or train
F36: Destination
A37: Origin | B37: Clydeplan 2 | C37: SESplan 3 | D37: TAYplan 4 | E37: Aberdeen City & Shire | F37: Dumfries & Galloway | G37: Ayrshire | H37: Stirling, Falkirk & Clacks | I37: Elsewhere in Scotland | J37: Rest of UK | K37: Total
K38: thousands
A39: Clydeplan2 | B39: 412.5 | C39: 10.7 | D39: 1.3 | E39: 0.5 | F39: 0.7 | G39: 11.4 | H39: 5 | I39: 3.3 | J39: 2.2 | K39: 447.6
A40: SESplan3 | B40: 10.4 | C40: 280.2 | D40: 5.9 | E40: 0.8 | F40: 0.2 | G40: 0.5 | H40: 5.4 | I40: 0.5 | J40: 4.9 | K40: 308.8
A41: TAYplan4 | B41: 1.1 | C41: 5.8 | D41: 69.4 | E41: 0.9 | F41: 0 | G41: 0.1 | H41: 0.5 | I41: 0.2 | J41: 0.6 | K41: 78.6
A42: Aberdeen City & Shire | B42: 0.5 | C42: 0.6 | D42: 0.9 | E42: 62.6 | F42: 0 | G42: 0.1 | H42: 0.1 | I42: 1 | J42: 0.6 | K42: 66.4
A43: Dumfries & Galloway | B43: 0.5 | C43: 0.2 | D43: 0 | E43: 0 | F43: 14.7 | G43: 0.2 | H43: 0 | I43: 0 | J43: 0.7 | K43: 16.3
A44: Ayrshire | B44: 13.1 | C44: 0.7 | D44: 0.1 | E44: 0.1 | F44: 0.2 | G44: 45 | H44: 0.1 | I44: 0.1 | J44: 0.3 | K44: 59.7
A45: Stirling, Falkirk & Clacks | B45: 5.4 | C45: 5.5 | D45: 0.5 | E45: 0.1 | F45: 0 | G45: 0.1 | H45: 31.1 | I45: 0.1 | J45: 0.5 | K45: 43.3
A46: Elsewhere in Scotland | B46: 3.1 | C46: 0.6 | D46: 0.3 | E46: 0.9 | F46: 0 | G46: 0.1 | H46: 0.1 | I46: 37.4 | J46: 0.6 | K46: 43.1
A47: Rest of UK | B47: 2 | C47: 4.6 | D47: 0.6 | E47: 0.5 | F47: 0.5 | G47: 0.3 | H47: 0.4 | I47: 0.5 | J47: - | K47: 9.4
A48: Total | B48: 448.6 | C48: 308.9 | D48: 79 | E48: 66.4 | F48: 16.3 | G48: 57.8 | H48: 42.7 | I48: 43.1 | J48: 10.4 | K48: 1073.2
A51: (d) Vehicle trips: cars and goods vehicles only
F52: Destination
A53: Origin | B53: Clydeplan 2 | C53: SESplan 3 | D53: TAYplan 4 | E53: Aberdeen City & Shire | F53: Dumfries & Galloway | G53: Ayrshire | H53: Stirling, Falkirk & Clacks | I53: Elsewhere in Scotland | J53: Rest of UK | K53: Total
K54: thousands
A55: Clydeplan2 | B55: 1395.3 | C55: 41.2 | D55: 3.7 | E55: 1.6 | F55: 1.7 | G55: 47.1 | H55: 34.1 | I55: 10.2 | J55: 6.1 | K55: 1541
A56: SESplan3 | B56: 39.7 | C56: 973.5 | D56: 32.4 | E56: 1.9 | F56: 1.6 | G56: 1.6 | H56: 34 | I56: 2.1 | J56: 7.7 | K56: 1094.5
A57: TAYplan4 | B57: 3.8 | C57: 32 | D57: 291.6 | E57: 5.2 | F57: 0.1 | G57: 0.4 | H57: 6.6 | I57: 2.1 | J57: 1.5 | K57: 343.3
A58: Aberdeen City & Shire | B58: 1.7 | C58: 2.1 | D58: 5.8 | E58: 357.2 | F58: 0.1 | G58: 0.2 | H58: 0.6 | I58: 7.1 | J58: 1.1 | K58: 375.9
A59: Dumfries & Galloway | B59: 1.9 | C59: 1.9 | D59: 0.1 | E59: 0.1 | F59: 95.3 | G59: 3 | H59: 0.1 | I59: 0.2 | J59: 2.9 | K59: 105.5
A60: Ayrshire | B60: 44.8 | C60: 1.3 | D60: 0.4 | E60: 0.2 | F60: 1.8 | G60: 237.4 | H60: 0.6 | I60: 0.7 | J60: 1.1 | K60: 288.3
A61: Stirling, Falkirk & Clacks | B61: 31.4 | C61: 34.8 | D61: 6.3 | E61: 0.5 | F61: 0.1 | G61: 0.7 | H61: 186.7 | I61: 1.2 | J61: 0.8 | K61: 262.5
A62: Elsewhere in Scotland | B62: 10.5 | C62: 2.3 | D62: 2.4 | E62: 6.4 | F62: 0.2 | G62: 0.7 | H62: 1.2 | I62: 220.1 | J62: 1.9 | K62: 245.7
A63: Rest of UK | B63: 4.8 | C63: 7.4 | D63: 1.4 | E63: 1 | F63: 2.5 | G63: 1.7 | H63: 0.6 | I63: 1.6 | J63: - | K63: 21
A64: Total | B64: 1533.9 | C64: 1096.5 | D64: 344.1 | E64: 374.1 | F64: 103.4 | G64: 292.8 | H64: 264.5 | I64: 245.3 | J64: 23.1 | K64: 4277.7
A66: Source: Transport Scotland (Transport Model for Scotland:12) - Not National Statistics
A68: 1. All travel movements between the 720 zones used to represent the UK. - see section 11.8 (page 288) of the notes and definitions.
A69: The number of shorter distance trips which travel within a model zone area is not known.
A70: 2. East Dunbartonshire, East Renfrewshire, Glasgow City, Inverclyde, North Lanarkshire, Renfrewshire, South Lanarkshire and West Dunbartonshire
A71: 3. City of Edinburgh, East Lothian, Midlothian, Fife (South), Scottish Borders and West Lothian
A72: 4. Dundee City, Angus, Perth & Kinross and Fife (North)
A73: 5. This traffic and travel data was extracted from the Transport Model for Scotland 2012 (TMfS12) (Base Year Version AE, Model Version TMfS12 V1.0).
A74: The data reflects daily travel movements within a 2012 base year and represents the most recent data available from the LATIS service
A75: TMfS12 covers the whole of the Scottish Strategic Transport network. England is represented with much less detail.
A76: The data reflects 'inter-zonal trips', which includes all travel movements between the 720 zones used to represent the UK.
A77: The data does not include more local or short distance movements travelling wholly within model zones.

Sheet T11.29
A1: Table 11.29 Passenger journeys made under concessionary fare schemes
D3: 1993-94 | E3: 1995-96 | F3: 1995-96 | G3: 1996-97 | H3: 1997-98 | I3: 1998-99 | J3: 1999-00 | K3: 2000-01 | L3: 2001-02 | M3: 2002-03 | N3: 2003-04 | O3: 2004-05 | P3: 2005-06 | Q3: 2006-07 | R3: 2007-08 | S3: 2008-09 | T3: 2009-10 | U3: 2010-11 | V3: 2011-12 | W3: 2012-13 | X3: 2013-14
X4: millions
A5: (a) | C5: all journeys made under concessionary fare schemes1
A7: Strathclyde Concessionary Travel scheme
B9: Buses2 | D9: 67.5 | E9: 66.64 | F9: 64.05273 | G9: 58.219016 | H9: 57.191471 | I9: 56.2693 | J9: 54.059483 | K9: 53.905944 | L9: 53.278051 | M9: 59.948583 | N9: 74.766678 | O9: 77.080631 | P9: 78.3 | Q9: N/A | R9: N/A | S9: N/A | T9: N/A | U9: N/A | V9: N/A | W9: N/A
B10: Rail | D10: 3.14 | E10: 2.94 | F10: 2.983265 | G10: 2.970767 | H10: 3.066899 | I10: 3.064781 | J10: 3.009802 | K10: 2.794443 | L10: 2.594164 | M10: 2.309283 | N10: 2.387613 | O10: 2.611369 | P10: 2.87 | Q10: 2.97 | R10: 3.053 | S10: 3.18 | T10: 3.25 | U10: 3.29 | V10: 3.365 | W10: 3.19 | X10: 3.17
B11: Underground | D11: 0.75 | E11: 0.76 | F11: 0.737845 | G11: 0.697111 | H11: 0.720984 | I11: 0.754578 | J11: 0.780424 | K11: 0.769504 | L11: 0.738483 | M11: 0.650996 | N11: 0.671439 | O11: 0.699547 | P11: 0.68 | Q11: 0.73 | R11: 0.76 | S11: 0.79 | T11: 0.81 | U11: 0.77 | V11: 0.713224 | W11: 0.7 | X11: 0.77
B12: Ferries | D12: 0.29 | E12: 0.31 | F12: 0.319049 | G12: 0.331762 | H12: 0.348222 | I12: 0.360648 | J12: 0.37862 | K12: 0.390493 | L12: 0.41255 | M12: 0.432797 | N12: 0.530288 | O12: 0.576325 | P12: 0.54 | Q12: 0.65 | R12: 0.69 | S12: 0.703 | T12: 0.71 | U12: 0.68 | V12: 0.634579 | W12: 0.65 | X12: 0.64
B13: Taxis | D13: 0 | E13: 0 | F13: 0 | G13: 0 | H13: 0 | I13: 0 | J13: 0 | K13: 0 | L13: 0 | M13: 0 | N13: 0 | O13: 0 | P13: 0 | Q13: 0 | R13: 0 | S13: 0 | T13: 0 | U13: 0 | V13: 0 | W13: 0 | X13: 0
B14: Others | D14: 0 | E14: 0 | F14: 0 | G14: 0 | H14: 0 | I14: 0 | J14: 0 | K14: 0 | L14: 0 | M14: 0 | N14: 0 | O14: 0 | P14: 0 | Q14: 0 | R14: 0 | S14: 0 | T14: 0 | U14: 0 | V14: 0 | W14: 0 | X14: 0
B15: Total | D15: =SUM(D9:D14) -> 71.68 | E15: =SUM(E9:E14) -> 70.65 | F15: =SUM(F9:F14) -> 68.092889 | G15: =SUM(G9:G14) -> 62.218656 | H15: =SUM(H9:H14) -> 61.327576 | I15: =SUM(I9:I14) -> 60.449307 | J15: =SUM(J9:J14) -> 58.228329 | K15: =SUM(K9:K14) -> 57.860384 | ... X15: =SUM(X9:X14) -> 4.58
A17: Other concessionary fare schemes3
B18: Buses2,4,5 (ie. the National schemes) | F18: .. | G18: .. | H18: .. | I18: .. | J18: .. | K18: .. | L18: 49.366733 | M18: 54.944232 | N18: 65.450498 | O18: 68.312797 | P18: 69.05 | Q18: 155.74 | R18: 159.2 | S18: 157.6 | T18: 151.65 | U18: 147.36 | V18: 149.64 | W18: 145.9 | X18: 147.23
B19: Rail | F19: .. | G19: .. | H19: .. | I19: .. | J19: .. | K19: .. | L19: 0.600846 | M19: 0.541772 | N19: 0.656182 | O19: 0.78623 | P19: 0.81 | Q19: 0.01 | R19: 0.21 | S19: 0.31 | T19: 0.42 | U19: 0.46 | V19: 0.88 | W19: 1.25 | X19: 1.46
B20: Underground | F20: .. | G20: .. | H20: .. | I20: .. | J20: .. | K20: .. | L20: 0 | M20: 0 | N20: 0 | O20: 0 | P20: 0 | Q20: 0 | R20: 0 | S20: 0 | T20: 0 | U20: 0 | V20: 0 | W20: 0 | X20: 0
B21: Ferries5 | F21: .. | G21: .. | H21: .. | I21: .. | J21: .. | K21: .. | L21: 0 | M21: 0.202369 | N21: 0.064002 | O21: 0.055804 | P21: 0.06 | Q21: 0.03 | R21: 0.05 | S21: 0.05 | T21: 0.05 | U21: 0.05 | V21: 0.05 | W21: 0.05 | X21: 0.06
B22: Taxis | F22: .. | G22: .. | H22: .. | I22: .. | J22: .. | K22: .. | L22: 0.588441 | M22: 0.486689 | N22: 0.698859 | O22: 0.793108 | P22: 0.89 | Q22: 0 | R22: 0 | S22: 0 | T22: 0 | U22: 0 | V22: 0 | W22: 0 | X22: 0
B23: Others | F23: .. | G23: .. | H23: .. | I23: .. | J23: .. | K23: .. | L23: 0.0008 | M23: 0.021035 | N23: 0.033111 | O23: 0.042117 | P23: 0.05 | Q23: 0 | R23: 0 | S23: 0 | T23: 0 | U23: 0 | V23: 0 | W23: 0 | X23: 0
B24: Total | F24: .. | G24: .. | H24: .. | I24: .. | J24: .. | K24: .. | L24: =SUM(L18:L23) -> 50.55682 | M24: =SUM(M18:M23) -> 56.196097 | N24: =SUM(N18:N23) -> 66.902652 | O24: =SUM(O18:O23) -> 69.990056 | P24: =SUM(P18:P23) -> 70.86 | Q24: =SUM(Q18:Q23) -> 155.78 | R24: =SUM(R18:R23) -> 159.46 | S24: =SUM(S18:S23) -> 157.96 | ... X24: =SUM(X18:X23) -> 148.75
A26: All concessionary fare schemes3
B27: Buses2,4,5 | F27: .. | G27: .. | H27: .. | I27: .. | J27: .. | K27: .. | L27: =L9+L18 -> 102.64478 | M27: =M9+M18 -> 114.89281 | N27: =N9+N18 -> 140.21718 | O27: =O9+O18 -> 145.39343 | P27: =P9+P18 -> 147.35 | Q27: =Q18 -> 155.74 | R27: =R18 -> 159.2 | S27: =S18 -> 157.6 | T27: =T18 -> 151.65 | U27: =U18 -> 147.36 | V27: =V18 -> 149.64 | W27: =W18 -> 145.9 | X27: =X18 -> 147.23
B28: Rail | F28: .. | G28: .. | H28: .. | I28: .. | J28: .. | K28: .. | L28: =L10+L19 -> 3.19501 | M28: =M10+M19 -> 2.851055 | N28: =N10+N19 -> 3.043795 | O28: =O10+O19 -> 3.397599 | P28: =P10+P19 -> 3.68 | Q28: =Q10+Q19 -> 2.98 | R28: =R10+R19 -> 3.263 | S28: =S10+S19 -> 3.49 | ... X28: =X10+X19 -> 4.63
B29: Underground | F29: .. | G29: .. | H29: .. | I29: .. | J29: .. | K29: .. | L29: =L11+L20 -> 0.738483 | M29: =M11+M20 -> 0.650996 | N29: =N11+N20 -> 0.671439 | O29: =O11+O20 -> 0.699547 | P29: =P11+P20 -> 0.68 | Q29: =Q11+Q20 -> 0.73 | R29: =R11+R20 -> 0.76 | S29: =S11+S20 -> 0.79 | ... X29: =X11+X20 -> 0.77
B30: Ferries | F30: .. | G30: .. | H30: .. | I30: .. | J30: .. | K30: .. | L30: =L12+L21 -> 0.41255 | M30: =M12+M21 -> 0.635166 | N30: =N12+N21 -> 0.59429 | O30: =O12+O21 -> 0.632129 | P30: =P12+P21 -> 0.6 | Q30: =Q12+Q21 -> 0.68 | R30: =R12+R21 -> 0.74 | S30: =S12+S21 -> 0.753 | ... X30: =X12+X21 -> 0.7
B31: Taxis | F31: .. | G31: .. | H31: .. | I31: .. | J31: .. | K31: .. | L31: =L13+L22 -> 0.588441 | M31: =M13+M22 -> 0.486689 | N31: =N13+N22 -> 0.698859 | O31: =O13+O22 -> 0.793108 | P31: =P13+P22 -> 0.89 | Q31: =Q13+Q22 -> 0 | R31: =R13+R22 -> 0 | S31: =S13+S22 -> 0 | ... X31: =X13+X22 -> 0
B32: Others | F32: .. | G32: .. | H32: .. | I32: .. | J32: .. | K32: .. | L32: =L14+L23 -> 0.0008 | M32: =M14+M23 -> 0.021035 | N32: =N14+N23 -> 0.033111 | O32: =O14+O23 -> 0.042117 | P32: =P14+P23 -> 0.05 | Q32: =Q14+Q23 -> 0 | R32: =R14+R23 -> 0 | S32: =S14+S23 -> 0 | ... X32: =X14+X23 -> 0
B33: Total | F33: .. | G33: .. | H33: .. | I33: .. | J33: .. | K33: .. | L33: =L15+L24 -> 107.58007 | M33: =M15+M24 -> 119.53776 | N33: =N15+N24 -> 145.25867 | O33: =O15+O24 -> 150.95793 | P33: =P15+P24 -> 153.25 | Q33: =Q15+Q24 -> 160.13 | R33: =R15+R24 -> 163.963 | S33: =S15+S24 -> 162.633 | ... X33: =X15+X24 -> 153.33
A35: (b) | C35: of which: journeys which were made free of charge to the traveller1
A36: Strathclyde Concessionary Travel scheme
B37: Buses2 | F37: .. | G37: .. | H37: .. | I37: .. | J37: .. | K37: .. | L37: .. | M37: 28.090782 | N37: 74.766678 | O37: 77.080631 | P37: 78.3 | Q37: N/A | R37: N/A | S37: N/A | T37: N/A | U37: N/A | V37: N/A | W37: N/A
B38: Rail | F38: .. | G38: .. | H38: .. | I38: .. | J38: .. | K38: .. | L38: .. | M38: 0 | N38: 0 | O38: 0 | P38: 0 | Q38: 0 | R38: 0 | S38: 0 | T38: 0 | U38: 0 | V38: 0 | W38: 0 | X38: 0
B39: Ferries6 | F39: .. | G39: .. | H39: .. | I39: .. | J39: .. | K39: .. | L39: .. | M39: 0.204224 | N39: 0.530288 | O39: 0.576325 | P39: 0.54 | Q39: 0.65 | R39: 0.69 | S39: 0.7 | T39: 0.71 | U39: 0 | V39: 0 | W39: 0 | X39: 0
B40: Other | F40: .. | G40: .. | H40: .. | I40: .. | J40: .. | K40: .. | L40: .. | M40: 0 | N40: 0 | O40: 0 | P40: 0 | Q40: 0 | R40: 0 | S40: 0 | T40: 0 | U40: 0 | V40: 0 | W40: 0 | X40: 0
B41: Total | F41: .. | G41: .. | H41: .. | I41: .. | J41: .. | K41: .. | L41: .. | M41: =SUM(M37:M40) -> 28.295006 | N41: =SUM(N37:N40) -> 75.296966 | O41: =SUM(O37:O40) -> 77.656956 | P41: =SUM(P37:P40) -> 78.84 | Q41: =SUM(Q37:Q40) -> 0.65 | R41: =SUM(R37:R40) -> 0.69 | S41: =SUM(S37:S40) -> 0.7 | T41: =SUM(T37:T40) -> 0.71 | ... X41: =SUM(X37:X40) -> 0
A43: Other concessionary fare schemes
B44: Buses2,4,5 (ie. the National schemes) | F44: .. | G44: .. | H44: .. | I44: .. | J44: .. | K44: .. | L44: .. | M44: .. | N44: .. | O44: 53.859326 | P44: 54.32 | Q44: 155.71 | R44: 158.62 | S44: 156.57 | T44: 150.41 | U44: 145.95 | V44: 148.03 | W44: 144.4 | X44: 145.47
B45: Rail | F45: .. | G45: .. | H45: .. | I45: .. | J45: .. | K45: .. | L45: .. | M45: .. | N45: .. | O45: 0.03 | P45: 0.03 | Q45: 0 | R45: 0 | S45: 0 | T45: 0 | U45: 0 | V45: 0 | W45: 0 | X45: 0
B46: Ferries | F46: .. | G46: .. | H46: .. | I46: .. | J46: .. | K46: .. | L46: .. | M46: .. | N46: .. | O46: 0.047403 | P46: 0.05 | Q46: 0.03 | R46: 0.05 | S46: 0.05 | T46: 0.05 | U46: 0.05 | V46: 0.05 | W46: 0.05 | X46: 0.06
B47: Other | F47: .. | G47: .. | H47: .. | I47: .. | J47: .. | K47: .. | L47: .. | M47: .. | N47: .. | O47: 0.000462 | P47: 0 | Q47: 0 | R47: 0 | S47: 0 | T47: 0 | U47: 0 | V47: 0 | W47: 0 | X47: 0
B48: Total | F48: .. | G48: .. | H48: .. | I48: .. | J48: .. | K48: .. | L48: .. | M48: .. | N48: .. | O48: =SUM(O44:O47) -> 53.937191 | P48: =SUM(P44:P47) -> 54.4 | Q48: =SUM(Q44:Q47) -> 155.74 | R48: =SUM(R44:R47) -> 158.67 | S48: =SUM(S44:S47) -> 156.62 | T48: =SUM(T44:T47) -> 150.46 | U48: =SUM(U44:U47) -> 146 | V48: =SUM(V44:V47) -> 148.08 | W48: =SUM(W44:W47) -> 144.45 | X48: 145.53
A50: All concessionary fare schemes
B51: Buses2,4,5 | F51: .. | G51: .. | H51: .. | I51: .. | J51: .. | K51: .. | L51: .. | M51: .. | N51: .. | O51: =O37+O44 -> 130.93996 | P51: =P37+P44 -> 132.62 | Q51: =Q44 -> 155.71 | R51: =R44 -> 158.62 | S51: =S44 -> 156.57 | T51: =T44 -> 150.41 | U51: =U44 -> 145.95 | V51: =V44 -> 148.03 | W51: =W44 -> 144.4 | X51: =X44 -> 145.47
B52: Rail | F52: .. | G52: .. | H52: .. | I52: .. | J52: .. | K52: .. | L52: .. | M52: .. | N52: .. | O52: =O38+O45 -> 0.03 | P52: =P38+P45 -> 0.03 | Q52: =Q38+Q45 -> 0 | R52: =R38+R45 -> 0 | S52: =S38+S45 -> 0 | T52: =T38+T45 -> 0 | U52: =U38+U45 -> 0 | V52: =V38+V45 -> 0 | ... X52: =X38+X45 -> 0
B53: Ferries | F53: .. | G53: .. | H53: .. | I53: .. | J53: .. | K53: .. | L53: .. | M53: .. | N53: .. | O53: =O39+O46 -> 0.623728 | P53: =P39+P46 -> 0.59 | Q53: =Q39+Q46 -> 0.68 | R53: =R39+R46 -> 0.74 | S53: =S39+S46 -> 0.75 | T53: =T39+T46 -> 0.76 | U53: =U39+U46 -> 0.05 | V53: =V39+V46 -> 0.05 | ... X53: =X39+X46 -> 0.06
B54: Other | F54: .. | G54: .. | H54: .. | I54: .. | J54: .. | K54: .. | L54: .. | M54: .. | N54: .. | O54: =O40+O47 -> 0.000462 | P54: =P40+P47 -> 0 | Q54: =Q40+Q47 -> 0 | R54: =R40+R47 -> 0 | S54: =S40+S47 -> 0 | T54: =T40+T47 -> 0 | U54: =U40+U47 -> 0 | V54: =V40+V47 -> 0 | ... X54: =X40+X47 -> 0
B55: Total | F55: .. | G55: .. | H55: .. | I55: .. | J55: .. | K55: .. | L55: .. | M55: .. | N55: .. | O55: =O41+O48 -> 131.59415 | P55: =P41+P48 -> 133.24 | Q55: =Q41+Q48 -> 156.39 | R55: =R41+R48 -> 159.36 | S55: =S41+S48 -> 157.32 | T55: =T41+T48 -> 151.17 | U55: =U41+U48 -> 146 | V55: =V41+V48 -> 148.08 | ... X55: =X41+X48 -> 145.53
A56: Source: Transport Scotland & Strathclyde Partnership for Transport - Not National Statistics
A58: 1 | B58: Figures include a degree of estimation (e.g. allowances for claims not yet been processed) and may incur some small revisions to previously published data.
A59: 2 | B59: The National Concessionary Travel bus scheme was introduced on 1st April 2006, which allows elderly and disabled free travel on all scheduled bus services in Scotland. This replaced any local schemes.
A60: 3 | B60: 2001-02 & 2002-03 figures do not include Eilean Siar.
A61: 4 | B61: The Young People's Concessionary Travel Scheme started in 8 January 2007, aimed at 16 to 18 year olds (inclusive) and full time volunteers (aged under 26).
A62: 5 | B62: The Reimbursement Rate for the National Concessionary Travel bus scheme changed from 73.6% applicable in 2006/07 to 2009/10 to 67% applicable from 2010-11.
A63: 6 | B63: A small charge was introduced for ferries in 2010.

Sheet T11.30
A1: Table 11.30 Traveline Scotland: telephone calls and web site hits 1
C3: 2000 | D3: 2001 | E3: 2002 | F3: 2003 | G3: 2004 | H3: 2005 | I3: 2006 | J3: 2007 | K3: 2008 | L3: 2009 | M3: 2010 | N3: 2011 | O3: 2012 | P3: 2013
A5: Weeks included in year 2
B6: Telephone calls | C6: .. | D6: 52 | E6: 52 | F6: 52 | G6: 52 | H6: 52 | I6: 52 | J6: 52 | K6: 52 | L6: 52 | M6: 52 | N6: 52 | O6: 52 | P6: 52
B7: Web site | C7: .. | D7: .. | E7: .. | F7: 52 | G7: 52 | H7: 52 | I7: 52 | J7: 52 | K7: 52 | L7: 52 | M7: 52 | N7: 52 | O7: 52 | P7: 52
P9: thousands
A10: Calls answered | C10: .. | D10: 195.053 | E10: 341.98 | F10: 456.59 | G10: 585.4 | H10: 707.4 | I10: 728.893 | J10: 665.1 | K10: 627.7 | L10: 606.1 | M10: 700.7 | N10: 503.9 | O10: 399.8 | P10: 331.7
A11: Calls unanswered
B12: Ring tone, no reply 3 | C12: .. | D12: 2.385 | E12: 3.94 | F12: 4.007 | G12: 4.6 | H12: 5.3 | I12: 4 | J12: 4.7 | K12: 7.2 | L12: 3.4 | M12: 2.8 | N12: 0.4 | O12: 0.7 | P12: 0
B13: Engaged tone 3 | C13: .. | D13: 3.087 | E13: 5.929 | F13: 0.371 | G13: 3.6 | H13: 0 | I13: 0.3 | J13: 1 | K13: 0 | L13: 0.6 | M13: 1.9 | N13: 0 | O13: 0 | P13: 0
B14: Other 3 | C14: .. | D14: 3.087 | E14: 1.521 | F14: 3.736 | G14: 9.7 | H14: 4.9 | I14: 2.3 | J14: 3.8 | K14: 5.9 | L14: 2.4 | M14: 2.6 | N14: 0.3 | O14: 2.5 | P14: 0
B15: Total unanswered | C15: .. | D15: 8.559 | E15: 11.39 | F15: 8.114 | G15: 17.9 | H15: 10.3 | I15: 6.569 | J15: 9.4 | K15: 13.1 | L15: 6.4 | M15: 7.3 | N15: 0.7 | O15: 3.2 | P15: 6.5
A16: Total number of calls | C16: .. | D16: 203.612 | E16: 353.37 | F16: 464.704 | G16: 603.3 | H16: 717.7 | I16: 735.462 | J16: 674.5 | K16: 640.9 | L16: 612.5 | M16: 708.1 | N16: 507.1 | O16: 403 | P16: 338.2
P18: percentages
A20: Percentage answered | C20: .. | D20: =100*D10/D16 -> 95.796417 | E20: =100*E10/E16 -> 96.77675 | F20: =100*F10/F16 -> 98.253942 | G20: =100*G10/G16 -> 97.032985 | H20: =100*H10/H16 -> 98.56486 | I20: =100*I10/I16 -> 99.10682 | J20: =100*J10/J16 -> 98.606375 | K20: =100*K10/K16 -> 97.940396 | ... P20: =100*P10/P16 -> 98.07806
P22: numbers
A24: Daily average answered 4 | D24: =1000*D10/(D6*7) -> 535.85989 | E24: =1000*E10/(E6*7) -> 939.50549 | F24: =1000*F10/(F6*7) -> 1254.3681 | G24: =1000*G10/(G6*7) -> 1608.2418 | H24: =1000*H10/(H6*7) -> 1943.4066 | I24: =1000*I10/(I6*7) -> 2002.4533 | J24: =1000*J10/(J6*7) -> 1827.1978 | K24: =1000*K10/(K6*7) -> 1724.4505 | ... P24: =1000*P10/(P6*7) -> 911.26374
P26: seconds
A28: Answered calls: av. duration | C28: .. | D28: 150.1 | E28: 119.5 | F28: 115 | G28: 115.9 | H28: 114 | I28: 112 | J28: 107.8 | K28: 114.9 | L28: 111.6 | M28: 142.6 | N28: 161.5 | O28: 178.3 | P28: 180
P30: thousands
A32: Total number of hits 5, 6 | C32: .. | D32: .. | E32: .. | F32: 990.49 | G32: 1793.8 | H32: 2658.5 | I32: 1854.365 | J32: 2305.4 | K32: 1635.2 | L32: 3217.4 | M32: 4349.7 | N32: 7430.9 | O32: 10166.9 | P32: 11532.4
P33: numbers
A35: Daily average hits 4 | C35: .. | D35: .. | E35: .. | F35: =1000*F32/(F7*7) -> 2721.1264 | G35: =1000*G32/(G7*7) -> 4928.022 | H35: =1000*H32/(H7*7) -> 7303.5714 | I35: =1000*I32/(I7*7) -> 5094.4093 | J35: =1000*J32/(J7*7) -> 6333.5165 | K35: =1000*K32/(K7*7) -> 4492.3077 | L35: =1000*L32/(L7*7) -> 8839.011 | M35: =1000*M32/(M7*7) -> 11949.725 | ... P35: =1000*P32/(P7*7) -> 31682.418
A36: Source: Transport Scotland - Not National Statistics
A37: 1. | B37: Traveline Scotland went live for telephone calls on 3 January 2001. Its internet service became operational on 27 October 2002,
B38: and was formally launched on 16 December 2002, but statistics of its use are only available from the start of 2003.
A39: 2. | B39: The figures relate to the weeks which ended on Fridays which were in the specified calendar year - for example, the figures for "2003"
B40: cover the 52 weeks from the one ending on Friday 3 January 2003 to the week ending on Friday 26 December 2003, inclusive.
A41: 3. | B41: Categerisation of unanswered calls no longer takes place.
A42: 4 | B42: Daily averages are calculated by dividing the total for all the weeks ending in the year by the number of days in those weeks (e.g. 52 x 7 = 364).
B43: Therefore, they may differ slightly from the result that would be obtained if one divided by the actual number of days in the year (365 or 366).
A44: 5. | B44: HIts are the record of unique visits to the web site. The web site supplier changed on 1 January 2006 and the new supplier
B45: defined hits in a more robust way than the previous supplier so the figures for 2006 onwards are not on a like for like basis with previous years.
A46: 6. | B46: Total number of hits now includes visits to bus departure boards on the Traveline Scotland app
B47: Consists of 6,211.7 unique web visits and 1219.2 app departure board visits (thousands)

Sheet T11.31-T11.35
A1: Table 11.31 Employed adults (16-74) distance to place of work: 20111 3
G3: Excluding those working mainly from home
B4: Work mainly at or from home | D4: Less than 2km | E4: 2 km to less than 5 km | F4: 5 km to less than 10 km | G4: 10 km to less than 20 km | H4: 20 km to less than 30 km | I4: 30 km to less than 40 km | J4: 40 km to less than 60 km | K4: 60 km and over | L4: Other2 | M4: Total Number (=100%)
L6: row percentages
A7: All | B7: 10.8 | D7: 14.7 | E7: 21.6 | F7: 19.2 | G7: 17 | H7: 7.2 | I7: 3.3 | J7: 2.5 | K7: 2.3 | L7: 12.3 | M7: 2400925
A8: Source: Scottish Census 2011, National Records of Scotland
A9: 1. The distance travelled is a calculation of the straight line between the postcode of place of residence and postcode of workplace.
A10: 2. Includes no fixed place of work, working on an offshore installation and working outside the UK.
A11: 3. Percentages for distance to place of work do not include those working mainly from home
A14: Table 11.32 Employed adults (16-74) mode of transport to place of work: 20111 2 3
G15: Excluding those working mainly from home
B16: Work mainly at or from home | D16: Underground, metro, light rail or tram | E16: Train | F16: Bus, minibus or coach | G16: Taxi or minicab | H16: Driver, car or van | I16: Passenger, car or van | J16: Motorcycle, scooter or moped | K16: Bicycle | L16: On foot | M16: Other | N16: Total Number (=100%)
M17: row percentages
A18: All | B18: 10.8 | D18: 0.3 | E18: 4.2 | F18: 11.2 | G18: 0.7 | H18: 62.8 | I18: 6.5 | J18: 0.3 | K18: 1.6 | L18: 11.1 | M18: 1.3 | N18: 2400925
A19: Source: Scottish Census 2011, National Records of Scotland
A20: 1. The distance travelled is a calculation of the straight line between the postcode of place of residence and postcode of workplace.
A21: 2. Includes no fixed place of work, working on an offshore installation and working outside the UK.
A22: 3. Percentages for mode of travel to place of work do not include those working mainly from home
A24: Table 11.33 Employed adults (16-74) distance to place of work by car/van availability: 20111 2 4
F26: Excluding those working mainly from home
B27: Work mainly at or from home | D27: Less than 2km | E27: 2 km to less than 5 km | F27: 5 km to less than 10 km | G27: 10 km to less than 20 km | H27: 20 km to less than 30 km | I27: 30 km and over | J27: Other | K27: Total Number (=100%)3
J29: row percentages
A30: All | B30: 10.7 | D30: 14.6 | E30: 21.6 | F30: 19.3 | G30: 17 | H30: 7.3 | I30: 8 | J30: 12.3 | K30: 2390595
A32: Number of cars or vans available for private use:
A34: None | B34: 10.8 | D34: 24.8 | E34: 30.9 | F34: 17.9 | G34: 9.4 | H34: 3 | I34: 3.6 | J34: 10.5 | K34: 314494
A35: One | B35: 10 | D35: 16.4 | E35: 23.7 | F35: 19.7 | G35: 15.9 | H35: 6.2 | I35: 6.7 | J35: 11.4 | K35: 932787
A36: Two or more | B36: 11.1 | D36: 10.2 | E36: 17.3 | F36: 19.3 | G36: 20.1 | H36: 9.3 | I36: 10.3 | J36: 13.5 | K36: 1143314
A37: Source: Scottish Census 2011, National Records of Scotland
A38: 1. The distance travelled is a calculation of the straight line between the postcode of place of residence and postcode of workplace.
A39: 2. Includes no fixed place of work, working on an offshore installation and working outside the UK.
A40: 3. Excludes people who live in communal establishments - values for number of cars in a household were imputed where this was missing
A41: 4. Percentages for distance to place of work do not include those working mainly from home
A43: Table 11.34 All people aged 4 and over studying, distance to place of study by age: 20111 2
G45: Excluding those studying mainly from home
B46: Study mainly at or from home | D46: Less than 2km | E46: 2 km to less than 5 km | F46: 5 km to less than 10 km | G46: 10 km to less than 20 km | H46: 20 km to less than 30 km | I46: 30 km to less than 40 km | J46: 40 km to less than 60 km | K46: 60 km and over | L46: Other | M46: Total Number (=100%)
L48: row percentages
A49: All | B49: 12.4 | D49: 49.3 | E49: 23.4 | F49: 11.7 | G49: 7.5 | H49: 2.7 | I49: 1.4 | J49: 1.2 | K49: 1 | L49: 1.7 | M49: 996282
A51: By age:
A52: 4 to 11 | B52: 11.8 | D52: 72.3 | E52: 15.9 | F52: 6.3 | G52: 2.9 | H52: 0.9 | I52: 0.4 | J52: 0.4 | K52: 0.4 | L52: 0.4 | M52: 386410
A53: 12 to 15 | B53: 11.1 | D53: 42 | E53: 32 | F53: 13.6 | G53: 8 | H53: 2 | I53: 0.8 | J53: 0.5 | K53: 0.6 | L53: 0.4 | M53: 241975
A54: 16 to 17 | B54: 10.7 | D54: 34.2 | E54: 30.6 | F54: 15.8 | G54: 10.9 | H54: 3.8 | I54: 1.6 | J54: 1.2 | K54: 1.1 | L54: 0.7 | M54: 101169
A55: 18 and over | B55: 15.2 | D55: 27.6 | E55: 23.5 | F55: 16.4 | G55: 12.4 | H55: 5.8 | I55: 3.5 | J55: 3 | K55: 2.3 | L55: 5.2 | M55: 266728
A56: Source: Scottish Census 2011, National Records of Scotland
A57: 1. The distance travelled is a calculation of the straight line between the postcode of place of residence and postcode of place of study
A58: 2. Percentages for distance to place of study do not include those studying mainly from home
A60: Table 11.35 All people aged 4 and over studying, mode of transport to place of study by distance: 2011
F61: Excluding those studying mainly from home
B62: Study mainly at or from home | D62: Train, underground, metro, light rail or tram | E62: Bus, minibus or coach | F62: Driver, car or van | G62: Passenger, car or van | H62: Bicycle | I62: On foot | J62: Other | K62: Total Number (=100%)
J63: row percentages
A64: By distance:
A65: All | B65: 12.439149 | D65: 3.6947199 | E65: 24.551644 | F65: 5.266446 | G65: 19.124712 | H65: 1.1889682 | I65: 44.659903 | J65: 1.5136075 | K65: 996282
A67: Less than 2km | D67: 0.30585948 | E67: 6.2183674 | F67: 0.83779911 | G67: 17.26536 | H67: 1.2252986 | I67: 73.300212 | J67: 0.84710282 | K67: 429936
A68: 2km to less than 5km | D68: 2.5595002 | E68: 40.930915 | F68: 4.5888567 | G68: 26.228624 | H68: 1.6321166 | I68: 22.21552 | J68: 1.8444683 | K68: 203907
A69: 5km to less than 10km | D69: 6.1479178 | E69: 52.122332 | F69: 9.437044 | G69: 20.172916 | H69: 0.75699783 | I69: 8.9754122 | J69: 2.3873795 | K69: 102246
A70: 10km to less than 20km | D70: 11.529777 | E70: 46.185158 | F70: 14.651081 | G70: 16.411422 | H70: 0.31950354 | I70: 8.2794427 | J70: 2.6236156 | K70: 65101
A71: 20km to less than 30km | D71: 17.935468 | E71: 35.698681 | F71: 20.527687 | G71: 14.477775 | H71: 0.30249559 | I71: 8.9236199 | J71: 2.1342744 | K71: 23802
A72: 30km to less than 40km | D72: 25.52797 | E72: 29.687248 | F72: 20.933419 | G72: 11.575044 | H72: 0.37884894 | I72: 10.124133 | J72: 1.7733355 | K72: 12406
A73: 40km to less than 60km | D73: 23.32416 | E73: 27.668567 | F73: 22.783566 | G73: 10.674268 | H73: 0.45213289 | I73: 13.328091 | J73: 1.7692156 | K73: 10174
A74: 60km and over | D74: 14.143485 | E74: 25.163494 | F74: 15.597853 | G74: 10.746706 | H74: 1.5519766 | I74: 30.717423 | J74: 2.079063 | K74: 10245
A75: Other | D75: 4.4510182 | E75: 20.96863 | F75: 16.490094 | G75: 5.1183269 | H75: 3.2333517 | I75: 46.085581 | J75: 3.6529994 | K75: 14536
A76: Source: Scottish Census 2011, National Records of Scotland
A77: 1. The distance travelled is a calculation of the straight line between the postcode of place of residence and postcode of place of study
A78: 2. Percentages for distance to place of study do not include those studying mainly from home

Sheet Fig11.1-11.2

Sheet Data for Traveline charts
B4: week ending | C4: Total calls | D4: Answered | E4: Unanswered | G4: month ending | H4: Web & App hits
B5: 41280 | C5: 13333 | D5: 13052 | E5: 281 | G5: 41305 | H5: 1002010
B6: =B5+7 -> 41287 | C6: 5113 | D6: 5001 | E6: 112 | G6: 41333 | H6: 960679
B7: =B6+7 -> 41294 | C7: 5602 | D7: 5436 | E7: 166 | G7: 41364 | H7: 1133326
B8: =B7+7 -> 41301 | C8: 7760 | D8: 7615 | E8: 145 | G8: 41394 | H8: 996407
B9: =B8+7 -> 41308 | C9: 5503 | D9: 5336 | E9: 167 | G9: 41425 | H9: 1122770
B10: =B9+7 -> 41315 | C10: 6179 | D10: 6010 | E10: 169 | G10: 41455 | H10: 980588
B11: =B10+7 -> 41322 | C11: 6231 | D11: 6096 | E11: 135 | G11: 41486 | H11: 953943
B12: =B11+7 -> 41329 | C12: 5446 | D12: 5327 | E12: 119 | G12: 41517 | H12: 1087251
B13: =B12+7 -> 41336 | C13: 5650 | D13: 5515 | E13: 135 | G13: 41547 | H13: 1127481
B14: =B13+7 -> 41343 | C14: 5305 | D14: 5192 | E14: 113 | G14: 41578 | H14: 1068146
B15: =B14+7 -> 41350 | C15: 6086 | D15: 5930 | E15: 156 | G15: 41608 | H15: 1052448
B16: =B15+7 -> 41357 | C16: 10236 | D16: 10014 | E16: 222 | G16: 41639 | H16: 1140643
B17: =B16+7 -> 41364 | C17: 7504 | D17: 7278 | E17: 226
B18: =B17+7 -> 41371 | C18: 6295 | D18: 5915 | E18: 380
B19: =B18+7 -> 41378 | C19: 5731 | D19: 5621 | E19: 110
B20: =B19+7 -> 41385 | C20: 5660 | D20: 5583 | E20: 77
B21: =B20+7 -> 41392 | C21: 5601 | D21: 5540 | E21: 61
B22: =B21+7 -> 41399 | C22: 6605 | D22: 6542 | E22: 63
B23: =B22+7 -> 41406 | C23: 6873 | D23: 6772 | E23: 101
B24: =B23+7 -> 41413 | C24: 5404 | D24: 5336 | E24: 68
B25: =B24+7 -> 41420 | C25: 6767 | D25: 6644 | E25: 123
B26: =B25+7 -> 41427 | C26: 7675 | D26: 7435 | E26: 240
B27: =B26+7 -> 41434 | C27: 6567 | D27: 6480 | E27: 87
B28: =B27+7 -> 41441 | C28: 6078 | D28: 5997 | E28: 81
... B56: =B55+7 -> 41637 | C56: 12140 | D56: 11999 | E56: 141

Sheet T12.15b
A2: 24 hour OD person trips - all modes (car and PT)
B3: Edinburgh and Lothian | C3: Fife | D3: Central | E3: Glasgow and Strathclyde | F3: Ayrshire | G3: Dumfries | H3: Borders | I3: Perth | J3: Dundee | K3: External | L3: Total
A4: Edinburgh and Lothian | B4: 832545.73 | C4: 31083.471 | D4: 23566.947 | E4: 36049.627 | F4: 200.843 | G4: 45.838 | H4: 3947.353 | I4: 1998.624 | J4: 306.021 | K4: 0 | L4: 929744.45
A5: Fife | B5: 38454.05 | C5: 218356.66 | D5: 15074.389 | E5: 6619.325 | F5: 26.075 | G5: 0.818 | H5: 86.535 | I5: 11153.363 | J5: 14162.223 | K5: 0 | L5: 303933.43
A6: Central | B6: 30737.609 | C6: 14807.97 | D6: 115582.53 | E6: 47332.794 | F6: 231.882 | G6: 4.864 | H6: 72.894 | I6: 4179.846 | J6: 287.981 | K6: 0 | L6: 213238.37
A7: Glasgow and Strathclyde | B7: 40854.795 | C7: 6003.043 | D7: 43211.376 | E7: 2278712.6 | F7: 17894.49 | G7: 247.554 | H7: 436.569 | I7: 1507.078 | J7: 123.07 | K7: 0 | L7: 2388990.6
A8: Ayrshire | B8: 500.464 | C8: 33.746 | D8: 338.068 | E8: 32425.127 | F8: 70804.432 | G8: 556.568 | H8: 10.079 | I8: 9.507 | J8: 0.8 | K8: 0 | L8: 104678.79
A9: Dumfries | B9: 554.958 | C9: 6.989 | D9: 46.459 | E9: 1834.446 | F9: 2291.837 | G9: 90491.608 | H9: 234.075 | I9: 1.341 | J9: 0.059 | K9: 0 | L9: 95461.772
A10: Borders | B10: 6950.978 | C10: 120.232 | D10: 104.133 | E10: 570.258 | F10: 7.064 | G10: 33.589 | H10: 12002.98 | I10: 6.642 | J10: 0.742 | K10: 0 | L10: 19796.618
A11: Perth | B11: 2991.448 | C11: 11025.662 | D11: 4831.069 | E11: 1921.475 | F11: 7.67 | G11: 0.149 | H11: 5.084 | I11: 33928.388 | J11: 9543.869 | K11: 0 | L11: 64254.814
A12: Dundee | B12: 534.228 | C12: 10999.209 | D12: 344.175 | E12: 151.309 | F12: 0.457 | G12: 0.003 | H12: 0.646 | I12: 9831.169 | J12: 69765.24 | K12: 0 | L12: 91626.436
A13: External | B13: 0 | C13: 0 | D13: 0 | E13: 0 | F13: 0 | G13: 0 | H13: 0 | I13: 0 | J13: 0 | K13: 0 | L13: 0
A14: Total | B14: 954124.26 | C14: 292436.98 | D14: 203099.14 | E14: 2405617 | F14: 91464.75 | G14: 91380.991 | H14: 16796.215 | I14: 62615.958 | J14: 94190.005 | K14: 0 | L14: 4211725.3
A17: 24 hour OD person trips - highway (car only)
B18: Edinburgh and Lothian | C18: Fife | D18: Central | E18: Glasgow and Strathclyde | F18: Ayrshire | G18: Dumfries | H18: Borders | I18: Perth | J18: Dundee | K18: External | L18: Total
A19: Edinburgh and Lothian | B19: 578089.38 | C19: 26293.756 | D19: 21240.641 | E19: 32598.907 | F19: 188.33 | G19: 35.071 | H19: 3313.617 | I19: 1791.129 | J19: 265.142 | K19: 0 | L19: 663815.97
A20: Fife | B20: 33276.33 | C20: 217903.34 | D20: 14623.553 | E20: 6316.043 | F20: 25.121 | G20: 0.747 | H20: 85.138 | I20: 10911.027 | J20: 13546.466 | K20: 0 | L20: 296687.77
A21: Central | B21: 27702.105 | C21: 14628.665 | D21: 109891.21 | E21: 44692.29 | F21: 219.038 | G21: 4.723 | H21: 70.454 | I21: 4058.967 | J21: 279.76 | K21: 0 | L21: 201547.21
A22: Glasgow and Strathclyde | B22: 33962.695 | C22: 5182.954 | D22: 36220.692 | E22: 1825896.2 | F22: 15397.711 | G22: 196.789 | H22: 425.505 | I22: 1300.769 | J22: 92.551 | K22: 0 | L22: 1918675.9
A23: Ayrshire | B23: 418.847 | C23: 30.196 | D23: 268.629 | E23: 23582.323 | F23: 66215.784 | G23: 542.68 | H23: 9.995 | I23: 7.568 | J23: 0.35 | K23: 0 | L23: 91076.372
A24: Dumfries | B24: 553.955 | C24: 6.977 | D24: 46.434 | E24: 1830.521 | F24: 2287.2 | G24: 90327.344 | H24: 234.017 | I24: 1.339 | J24: 0.056 | K24: 0 | L24: 95287.843
A25: Borders | B25: 6752.873 | C25: 118.451 | D25: 103.09 | E25: 569.535 | F25: 7.056 | G25: 33.422 | H25: 11948.255 | I25: 6.517 | J25: 0.727 | K25: 0 | L25: 19539.926
A26: Perth | B26: 2765.649 | C26: 10939.992 | D26: 4489.525 | E26: 1851.007 | F26: 7.446 | G26: 0.143 | H26: 4.945 | I26: 32925.52 | J26: 9406.82 | K26: 0 | L26: 62391.047
A27: Dundee | B27: 517.809 | C27: 10843.007 | D27: 339.828 | E27: 148.771 | F27: 0.446 | G27: 0.003 | H27: 0.629 | I27: 9730.28 | J27: 68526.504 | K27: 0 | L27: 90107.277
A28: External | B28: 0 | C28: 0 | D28: 0 | E28: 0 | F28: 0 | G28: 0 | H28: 0 | I28: 0 | J28: 0 | K28: 0 | L28: 0
A29: Total | B29: 684039.64 | C29: 285947.34 | D29: 187223.6 | E29: 1937485.6 | F29: 84348.132 | G29: 91140.922 | H29: 16092.555 | I29: 60733.116 | J29: 92118.376 | K29: 0 | L29: 3439129.3
A32: 24 hour OD person trips - PT (includes externals)
B33: Edinburgh and Lothian | C33: Fife | D33: Central | E33: Glasgow and Strathclyde | F33: Ayrshire | G33: Dumfries | H33: Borders | I33: Perth | J33: Dundee | K33: External | L33: Total
A34: Edinburgh and Lothian | B34: 254456.43 | C34: 4789.715 | D34: 2326.305 | E34: 3450.72 | F34: 12.513 | G34: 10.767 | H34: 633.736 | I34: 207.495 | J34: 40.879 | K34: 1798.533 | L34: 267727.09
A35: Fife | B35: 5177.7 | C35: 453.342 | D35: 450.837 | E35: 303.282 | F35: 0.954 | G35: 0.071 | H35: 1.397 | I35: 242.335 | J35: 615.756 | K35: 693.38 | L35: 7939.054
A36: Central | B36: 3035.501 | C36: 179.302 | D36: 5691.371 | E36: 2640.504 | F36: 12.844 | G36: 0.141 | H36: 2.44 | I36: 120.879 | J36: 8.221 | K36: 691.239 | L36: 12382.442
A37: Glasgow and Strathclyde | B37: 6892.103 | C37: 820.088 | D37: 6990.666 | E37: 452817.71 | F37: 2496.78 | G37: 50.765 | H37: 11.064 | I37: 206.309 | J37: 30.519 | K37: 4374.262 | L37: 474690.26
A38: Ayrshire | B38: 81.617 | C38: 3.55 | D38: 69.439 | E38: 8842.801 | F38: 4588.654 | G38: 13.888 | H38: 0.084 | I38: 1.939 | J38: 0.45 | K38: 89.077 | L38: 13691.499
A39: Dumfries | B39: 1.003 | C39: 0.012 | D39: 0.025 | E39: 3.925 | F39: 4.638 | G39: 164.268 | H39: 0.058 | I39: 0.002 | J39: 0.003 | K39: 11.198 | L39: 185.132
A40: Borders | B40: 198.105 | C40: 1.781 | D40: 1.043 | E40: 0.723 | F40: 0.008 | G40: 0.167 | H40: 54.724 | I40: 0.125 | J40: 0.015 | K40: 27.289 | L40: 283.98
A41: Perth | B41: 225.799 | C41: 85.667 | D41: 341.545 | E41: 70.469 | F41: 0.224 | G41: 0.006 | H41: 0.139 | I41: 1002.87 | J41: 137.05 | K41: 133.783 | L41: 1997.552
A42: Dundee | B42: 16.419 | C42: 156.201 | D42: 4.347 | E42: 2.538 | F42: 0.011 | G42: 0 | H42: 0.017 | I42: 100.889 | J42: 1238.736 | K42: 272.108 | L42: 1791.266
A43: External | B43: 1156.187 | C43: 1004.25 | D43: 515.887 | E43: 3176.063 | F43: 113.623 | G43: 5.28 | H43: 26.923 | I43: 146.623 | J43: 212.961 | K43: 1166.977 | L43: 7524.774
A44: Total | B44: 271240.87 | C44: 7493.908 | D44: 16391.465 | E44: 471308.73 | F44: 7230.249 | G44: 245.353 | H44: 730.582 | I44: 2029.466 | J44: 2284.59 | K44: 9257.846 | L44: 788213.06
A47: 24 hour OD vehicle trips - highway (cars and goods only) (includes externals)
B48: Edinburgh and Lothian | C48: Fife | D48: Central | E48: Glasgow and Strathclyde | F48: Ayrshire | G48: Dumfries | H48: Borders | I48: Perth | J48: Dundee | K48: External | L48: Total
A49: Edinburgh and Lothian | B49: 513280.9 | C49: 18814.384 | D49: 17595.658 | E49: 28977.558 | F49: 460.263 | G49: 653.822 | H49: 2841.019 | I49: 1689.161 | J49: 335.548 | K49: 6095.2192 | L49: 590743.54
A50: Fife | B50: 23536.878 | C50: 169925.04 | D50: 11421.656 | E50: 5750.491 | F50: 145.8 | G50: 103.949 | H50: 118.629 | I50: 8512.841 | J50: 10332.847 | K50: 4609.1014 | L50: 234457.23
A51: Central | B51: 22021.833 | C51: 11456.459 | D51: 119126.98 | E51: 34863.036 | F51: 454.489 | G51: 64.123 | H51: 77.148 | I51: 2991.645 | J51: 332.48 | K51: 2546.085 | L51: 193934.28
A52: Glasgow and Strathclyde | B52: 29510.303 | C52: 5151.699 | D52: 28748.9 | E52: 1431130.4 | F52: 14567.511 | G52: 825.261 | H52: 505.208 | I52: 1190.732 | J52: 603.598 | K52: 9825.592 | L52: 1522059.2
A53: Ayrshire | B53: 713.719 | C53: 148.04 | D53: 534.764 | E53: 19685.635 | F53: 50009.54 | G53: 618.848 | H53: 114.523 | I53: 64.077 | J53: 35.284 | K53: 3870.2284 | L53: 75794.658
A54: Dumfries | B54: 1188.782 | C54: 195.848 | D54: 98.821 | E54: 2116.443 | F54: 1803.928 | G54: 72132.638 | H54: 322.591 | I54: 25.21 | J54: 7.887 | K54: 1528.974 | L54: 79421.122
A55: Borders | B55: 5345.487 | C55: 112.082 | D55: 105.211 | E55: 808.603 | F55: 241.247 | G55: 356.238 | H55: 8862.567 | I55: 37.207 | J55: 20.324 | K55: 4422.5012 | L55: 20311.467
A56: Perth | B56: 2439.25 | C56: 8380.665 | D56: 3271.09 | E56: 1492.437 | F56: 60.819 | G56: 50.88 | H56: 99.129 | I56: 26309.432 | J56: 7170.422 | K56: 11378.299 | L56: 60652.423
A57: Dundee | B57: 498.771 | C57: 8113.853 | D57: 307.326 | E57: 358.068 | F57: 20.764 | G57: 5.886 | H57: 20.164 | I57: 7367.91 | J57: 50573.064 | K57: 26436.488 | L57: 93702.294
A58: External | B58: 6849.7352 | C58: 4429.7452 | D58: 1587.575 | E58: 9291.809 | F58: 3579.4542 | G58: 1262.908 | H58: 5087.415 | I58: 10637.917 | J58: 26310.849 | K58: 5335.3184 | L58: 74372.727
A59: Total | B59: 605385.66 | C59: 226727.81 | D59: 182797.99 | E59: 1534474.5 | F59: 71343.815 | G59: 76074.553 | H59: 18048.393 | I59: 58826.132 | J59: 95722.303 | K59: 76047.806 | L59: 2945449
