Workbook
Name OLE_LINK4: 'SHIP DATA'!$G$1

Sheet Low load SFOC
C2: 6S80ME-C8.2 | H2: 6S80MC-C8.2 | J2: 6S80ME-C8.2
A3: % MCR | B3: Low load tuning (EGB) | D3: Normal tuning | F3: Low load tuning (EGB) | H3: Normal tuning | J3: Low load tuning (VT)
A4: 25 | B4: 170 | C4: =(B4/B$14-1)*100 -> 3.8485034 | D4: 175 | E4: =(D4/D$14-1)*100 -> 6.6422913 | F4: 176 | G4: =(F4/F$14-1)*100 -> 5.0119332 | H4: 179 | I4: =(H4/H$14-1)*100 -> 6.4842356 | J4: 169.9 | K4: =(J4/J$14-1)*100 -> 3.787416 | L4: 172.4 | M4: =(L4/L$14-1)*100 -> 5.3789731
A5: 30 | B5: 168.3 | C5: =(B5/B$14-1)*100 -> 2.8100183 | D5: 173 | E5: =(D5/D$14-1)*100 -> 5.4235222 | F5: 174.1 | G5: =(F5/F$14-1)*100 -> 3.8782816 | H5: 177 | I5: =(H5/H$14-1)*100 -> 5.2944676 | J5: 168 | K5: =(J5/J$14-1)*100 -> 2.6267563 | L5: 170.5 | M5: =(L5/L$14-1)*100 -> 4.2176039
A6: 35 | B6: 166.6 | C6: =(B6/B$14-1)*100 -> 1.7715333 | D6: 171.3 | E6: =(D6/D$14-1)*100 -> 4.3875686 | F6: 172.2 | G6: =(F6/F$14-1)*100 -> 2.7446301 | H6: 175.1 | I6: =(H6/H$14-1)*100 -> 4.164188 | J6: 166.2 | K6: =(J6/J$14-1)*100 -> 1.5271839 | L6: 168.8 | M6: =(L6/L$14-1)*100 -> 3.1784841
A7: 40 | B7: 165 | C7: =(B7/B$14-1)*100 -> 0.79413561 | D7: 169.8 | E7: =(D7/D$14-1)*100 -> 3.4734918 | F7: 170.5 | G7: =(F7/F$14-1)*100 -> 1.7303103 | H7: 173.4 | I7: =(H7/H$14-1)*100 -> 3.1528852 | J7: 164.8 | K7: =(J7/J$14-1)*100 -> 0.6719609 | L7: 167.1 | M7: =(L7/L$14-1)*100 -> 2.1393643
A8: 45 | B8: 163.4 | C8: =(B8/B$14-1)*100 -> -0.18326206 | D8: 168.2 | E8: =(D8/D$14-1)*100 -> 2.4984765 | F8: 169.1 | G8: =(F8/F$14-1)*100 -> 0.89498807 | H8: 172.2 | I8: =(H8/H$14-1)*100 -> 2.4390244 | J8: 163.2 | K8: =(J8/J$14-1)*100 -> -0.30543677 | L8: 165.7 | M8: =(L8/L$14-1)*100 -> 1.2836186
A9: 50 | B9: 162 | C9: =(B9/B$14-1)*100 -> -1.038485 | D9: 167 | E9: =(D9/D$14-1)*100 -> 1.7672151 | F9: 168 | G9: =(F9/F$14-1)*100 -> 0.23866348 | H9: 171 | I9: =(H9/H$14-1)*100 -> 1.7251636 | J9: 162 | K9: =(J9/J$14-1)*100 -> -1.038485 | L9: 164.3 | M9: =(L9/L$14-1)*100 -> 0.42787286
A10: 55 | B10: 161 | C10: =(B10/B$14-1)*100 -> -1.6493586 | D10: 165.8 | E10: =(D10/D$14-1)*100 -> 1.0359537 | F10: 167 | G10: =(F10/F$14-1)*100 -> -0.35799523 | H10: 170.1 | I10: =(H10/H$14-1)*100 -> 1.189768 | J10: 160.8 | K10: =(J10/J$14-1)*100 -> -1.7715333 | L10: 163.2 | M10: =(L10/L$14-1)*100 -> -0.24449878
A11: 60 | B11: 160 | C11: =(B11/B$14-1)*100 -> -2.2602321 | D11: 164.8 | E11: =(D11/D$14-1)*100 -> 0.42656917 | F11: 166.3 | G11: =(F11/F$14-1)*100 -> -0.77565632 | H11: 169.3 | I11: =(H11/H$14-1)*100 -> 0.7138608 | J11: 159.9 | K11: =(J11/J$14-1)*100 -> -2.3213195 | L11: 162.3 | M11: =(L11/L$14-1)*100 -> -0.79462103
A12: 65 | B12: 159.4 | C12: =(B12/B$14-1)*100 -> -2.6267563 | D12: 164.2 | E12: =(D12/D$14-1)*100 -> 0.060938452 | F12: 165.8 | G12: =(F12/F$14-1)*100 -> -1.0739857 | H12: 168.7 | I12: =(H12/H$14-1)*100 -> 0.3569304 | J12: 159.25 | K12: =(J12/J$14-1)*100 -> -2.7183873 | L12: 161.9 | M12: =(L12/L$14-1)*100 -> -1.0391198
A13: 70 | B13: 161.5 | C13: =(B13/B$14-1)*100 -> -1.3439218 | D13: 164 | E13: =(D13/D$14-1)*100 -> -0.060938452 | F13: 166.6 | G13: =(F13/F$14-1)*100 -> -0.59665871 | H13: 168.3 | I13: =(H13/H$14-1)*100 -> 0.1189768 | J13: 161.3 | K13: =(J13/J$14-1)*100 -> -1.4660965 | L13: 162.4 | M13: =(L13/L$14-1)*100 -> -0.73349633
A14: 75 | B14: 163.7 | C14: =(B14/B$14-1)*100 -> 0 | D14: 164.1 | E14: =(D14/D$14-1)*100 -> 0 | F14: 167.6 | G14: =(F14/F$14-1)*100 -> 0 | H14: 168.1 | I14: =(H14/H$14-1)*100 -> 0 | J14: 163.7 | K14: =(J14/J$14-1)*100 -> 0 | L14: 163.6 | M14: =(L14/L$14-1)*100 -> 0
A15: 80 | B15: 164.6 | C15: =(B15/B$14-1)*100 -> 0.54978619 | D15: 164.3 | E15: =(D15/D$14-1)*100 -> 0.1218769 | F15: 168.1 | G15: =(F15/F$14-1)*100 -> 0.29832936 | H15: 168 | I15: =(H15/H$14-1)*100 -> -0.0594884 | J15: 164.3 | K15: =(J15/J$14-1)*100 -> 0.36652413 | L15: 164.4 | M15: =(L15/L$14-1)*100 -> 0.48899756
... A19: 100 | B19: 169.5 | C19: =(B19/B$14-1)*100 -> 3.5430666 | D19: 168 | E19: =(D19/D$14-1)*100 -> 2.3765996 | F19: 173 | G19: =(F19/F$14-1)*100 -> 3.221957 | H19: 171 | I19: =(H19/H$14-1)*100 -> 1.7251636 | J19: 168.4 | K19: =(J19/J$14-1)*100 -> 2.8711057 | L19: 169.3 | M19: =(L19/L$14-1)*100 -> 3.4841076
A20: 25 | C20: 5.0119332
A21: 30 | C21: 3.8782816
A22: 35 | C22: 2.7446301
A23: 40 | C23: 1.7303103
A24: 45 | C24: 0.89498807
A25: 50 | C25: 0.23866348
A26: 55 | C26: -0.35799523
A27: 60 | C27: -0.77565632
A28: 65 | C28: -1.0739857
A29: 70 | C29: -0.59665871
A30: 75 | C30: 0
A31: 80 | C31: 0.29832936
... A51: 100 | C51: 2.8711057
A52: 25 | B52: =0.0000000020194*A52^6-0.0000007555*A52^5+0.00011181*A52^4-0.00832*A52^3+0.33*A52^2-6.851*A52+62.9 -> 4.6658691 | C52: 5.3789731
A53: 30 | B53: =0.0000000020194*A53^6-0.0000007555*A53^5+0.00011181*A53^4-0.00832*A53^3+0.33*A53^2-6.851*A53+62.9 -> 3.4095926 | C53: 4.2176039
A54: 35 | B54: =0.0000000020194*A54^6-0.0000007555*A54^5+0.00011181*A54^4-0.00832*A54^3+0.33*A54^2-6.851*A54+62.9 -> 2.4617983 | C54: 3.1784841
A55: 40 | B55: =0.0000000020194*A55^6-0.0000007555*A55^5+0.00011181*A55^4-0.00832*A55^3+0.33*A55^2-6.851*A55+62.9 -> 1.5218624 | C55: 2.1393643
A56: 45 | B56: =0.0000000020194*A56^6-0.0000007555*A56^5+0.00011181*A56^4-0.00832*A56^3+0.33*A56^2-6.851*A56+62.9 -> 0.54350712 | C56: 1.2836186
A57: 50 | B57: =0.0000000020194*A57^6-0.0000007555*A57^5+0.00011181*A57^4-0.00832*A57^3+0.33*A57^2-6.851*A57+62.9 -> -0.378125 | C57: 0.42787286
A58: 55 | B58: =0.0000000020194*A58^6-0.0000007555*A58^5+0.00011181*A58^4-0.00832*A58^3+0.33*A58^2-6.851*A58+62.9 -> -1.0966784 | C58: -0.24449878
A59: 60 | B59: =0.0000000020194*A59^6-0.0000007555*A59^5+0.00011181*A59^4-0.00832*A59^3+0.33*A59^2-6.851*A59+62.9 -> -1.4820736 | C59: -0.79462103
A60: 65 | B60: =0.0000000020194*A60^6-0.0000007555*A60^5+0.00011181*A60^4-0.00832*A60^3+0.33*A60^2-6.851*A60+62.9 -> -1.4652782 | C60: -1.0391198
A61: 70 | B61: =0.0000000020194*A61^6-0.0000007555*A61^5+0.00011181*A61^4-0.00832*A61^3+0.33*A61^2-6.851*A61+62.9 -> -1.0603594 | C61: -0.73349633
A62: 75 | B62: =0.0000000020194*A62^6-0.0000007555*A62^5+0.00011181*A62^4-0.00832*A62^3+0.33*A62^2-6.851*A62+62.9 -> -0.36381836 | C62: 0
A63: 80 | B63: =0.0000000020194*A63^6-0.0000007555*A63^5+0.00011181*A63^4-0.00832*A63^3+0.33*A63^2-6.851*A63+62.9 -> 0.4687936 | C63: 0.48899756
... A67: 100 | B67: =0.0000000020194*A67^6-0.0000007555*A67^5+0.00011181*A67^4-0.00832*A67^3+0.33*A67^2-6.851*A67+62.9 -> 3.2 | C67: 3.4841076

Sheet Normal SFOC
B2: % MCR | C2: 6S80ME-C8.2 | E2: 6S80MC-C8.2
B3: 25 | C3: 175 | D3: =(C3/C$12-1)*100 -> 6.7073171 | E3: 179 | F3: =(E3/E$14-1)*100 -> 6.547619
B4: 30 | C4: 173 | D4: =(C4/C$12-1)*100 -> 5.4878049 | E4: 177 | F4: =(E4/E$14-1)*100 -> 5.3571429
B5: 35 | C5: 171.3 | D5: =(C5/C$12-1)*100 -> 4.4512195 | E5: 175.1 | F5: =(E5/E$14-1)*100 -> 4.2261905
B6: 40 | C6: 169.8 | D6: =(C6/C$12-1)*100 -> 3.5365854 | E6: 173.4 | F6: =(E6/E$14-1)*100 -> 3.2142857
B7: 45 | C7: 168.2 | D7: =(C7/C$12-1)*100 -> 2.5609756 | E7: 172.2 | F7: =(E7/E$14-1)*100 -> 2.5
B8: 50 | C8: 167 | D8: =(C8/C$12-1)*100 -> 1.8292683 | E8: 171 | F8: =(E8/E$14-1)*100 -> 1.7857143
B9: 55 | C9: 165.8 | D9: =(C9/C$12-1)*100 -> 1.097561 | E9: 170.1 | F9: =(E9/E$14-1)*100 -> 1.25
B10: 60 | C10: 164.8 | D10: =(C10/C$12-1)*100 -> 0.48780488 | E10: 169.3 | F10: =(E10/E$14-1)*100 -> 0.77380952
B11: 65 | C11: 164.2 | D11: =(C11/C$12-1)*100 -> 0.12195122 | E11: 168.7 | F11: =(E11/E$14-1)*100 -> 0.41666667
B12: 70 | C12: 164 | D12: =(C12/C$12-1)*100 -> 0 | E12: 168.3 | F12: =(E12/E$14-1)*100 -> 0.17857143
B13: 75 | C13: 164.1 | D13: =(C13/C$12-1)*100 -> 0.06097561 | E13: 168.1 | F13: =(E13/E$14-1)*100 -> 0.05952381
B14: 80 | C14: 164.3 | D14: =(C14/C$12-1)*100 -> 0.18292683 | E14: 168 | F14: =(E14/E$14-1)*100 -> 0
... B18: 100 | C18: 168 | D18: =(C18/C$12-1)*100 -> 2.4390244 | E18: 171 | F18: =(E18/E$14-1)*100 -> 1.7857143
B19: 25 | D19: 6.547619
B20: 30 | D20: 5.3571429
B21: 35 | D21: 4.2261905
B22: 40 | D22: 3.2142857
B23: 45 | D23: 2.5
B24: 50 | D24: 1.7857143
B25: 55 | D25: 1.25
B26: 60 | D26: 0.77380952
B27: 65 | D27: 0.41666667
B28: 70 | D28: 0.17857143
B29: 75 | D29: 0.05952381
B30: 80 | D30: 0
... B34: 100 | D34: 1.7857143
B36: 25 | D36: =0.0028*B36^2-0.41*B36+15 -> 6.5
B37: 30 | D37: =0.0028*B37^2-0.41*B37+15 -> 5.22
B38: 35 | D38: =0.0028*B38^2-0.41*B38+15 -> 4.08
B39: 40 | D39: =0.0028*B39^2-0.41*B39+15 -> 3.08
B40: 45 | D40: =0.0028*B40^2-0.41*B40+15 -> 2.22
B41: 50 | D41: =0.0028*B41^2-0.41*B41+15 -> 1.5
B42: 55 | D42: =0.0028*B42^2-0.41*B42+15 -> 0.92
B43: 60 | D43: =0.0028*B43^2-0.41*B43+15 -> 0.48
B44: 65 | D44: =0.0028*B44^2-0.41*B44+15 -> 0.18
B45: 70 | D45: =0.0028*B45^2-0.41*B45+15 -> 0.02
B46: 75 | D46: =0.0028*B46^2-0.41*B46+15 -> 0
B47: 80 | D47: =0.0028*B47^2-0.41*B47+15 -> 0.12
... B51: 100 | D51: =0.0028*B51^2-0.41*B51+15 -> 2

Sheet Up date log
A2: Date | B2: Update
A3: 140
A45: 41319 | B45: Cr correction due to bulbous has been modified, to be max. - 50 % of Cr
A46: 42049 | B46: Correction of SFOC as function of engine load (%MCR)
A47: 42049 | B47: Possibility of specification of normal loading or low loading SFOC

Sheet Truck data
A1: Truck engine data | B1: EU 1996 | C1: EU 2001 | D1: EU 2006 | E1: EU 2011 | F1: EU 2015
A2: Version: 16th November 2009 | B2: EURO 2 | C2: EURO 3 | D2: EURO 4 | E2: EURO 5 | F2: EURO 6
A3: Specific oil consumption (kg/kWh) | B3: 0.2 | C3: 0.2 | D3: 0.2 | E3: 0.2 | F3: 0.2
A4: NOx emission (g/kWh) | B4: 7 | C4: 5 | D4: 3.5 | E4: 2 | F4: 0.4
A5: CO emission (g/kWh) | B5: 1.2 | C5: 1.2 | D5: 0.1 | E5: 0.1 | F5: 0.1
A6: HC emission (g/kWh) | B6: 0.3 | C6: 0.25 | D6: 0.015 | E6: 0.015 | F6: 0.004
A7: Particulate emission (g/kWh) | B7: 0.15 | C7: 0.1 | D7: 0.02 | E7: 0.02 | F7: 0.01
A8: Sulphur content in oil (pct.) | B8: 0.001 | C8: =B8 -> 0.001 | D8: =C8 -> 0.001 | E8: =D8 -> 0.001 | F8: =E8 -> 0.001
A9: SO2 emission (g/kWh) | B9: =B3*20*B8 -> 0.004 | C9: =C3*20*C8 -> 0.004 | D9: =D3*20*D8 -> 0.004 | E9: =E3*20*E8 -> 0.004 | F9: =F3*20*F8 -> 0.004
A10: CO2 emission (g/kg) | B10: 3206 | C10: 3206 | D10: 3206 | E10: 3206 | F10: 3206 | G10: IMO MEPC 1 - Circ. 681
A11: NOx emission (g/kg) | B11: =B4/B3 -> 35 | C11: =C4/C3 -> 25 | D11: =D4/D3 -> 17.5 | E11: =E4/E3 -> 10 | F11: =F4/F3 -> 2
A12: CO emission (g/kg) | B12: =B5/B3 -> 6 | C12: =C5/C3 -> 6 | D12: =D5/D3 -> 0.5 | E12: =E5/E3 -> 0.5 | F12: =F5/F3 -> 0.5
A13: HC emission (g/kg) | B13: =B6/B3 -> 1.5 | C13: =C6/C3 -> 1.25 | D13: =D6/D3 -> 0.075 | E13: =E6/E3 -> 0.075 | F13: =F6/F3 -> 0.02
A14: Particulate emission (g/kg) | B14: =B7/B3 -> 0.75 | C14: =C7/C3 -> 0.5 | D14: =D7/D3 -> 0.1 | E14: =E7/E3 -> 0.1 | F14: =F7/F3 -> 0.05
A15: SO2 emission (g/kg) | B15: =B9/B3 -> 0.02 | C15: =C9/C3 -> 0.02 | D15: =D9/D3 -> 0.02 | E15: =E9/E3 -> 0.02 | F15: =F9/F3 -> 0.02
A16: NOx emission (g/MJ) | B16: =B4/B3/B21 -> 0.81775701 | C16: =C4/C3/B21 -> 0.58411215 | D16: =D4/D3/B21 -> 0.4088785 | E16: =E4/E3/B21 -> 0.23364486 | F16: =F4/F3/B21 -> 0.046728972
A17: CO emission (g/MJ) | B17: =B5/B3/B21 -> 0.14018692 | C17: =C5/C3/B21 -> 0.14018692 | D17: =D5/D3/B21 -> 0.011682243 | E17: =E5/E3/B21 -> 0.011682243 | F17: =F5/F3/B21 -> 0.011682243
A18: HC emission (g/MJ) | B18: =B6/B3/B21 -> 0.035046729 | C18: =C6/C3/B21 -> 0.029205607 | D18: =D6/D3/B21 -> 0.0017523364 | E18: =E6/E3/B21 -> 0.0017523364 | F18: =F6/F3/B21 -> 0.00046728972
A19: Particulate emission (g/MJ) | B19: =B7/B3/B21 -> 0.017523364 | C19: =C7/C3/B21 -> 0.011682243 | D19: =D7/D3/B21 -> 0.0023364486 | E19: =E7/E3/B21 -> 0.0023364486 | F19: =F7/F3/B21 -> 0.0011682243
A20: SO2 emission (g/MJ) | B20: =B9/B3/B21 -> 0.00046728972 | C20: =C9/C3/B21 -> 0.00046728972 | D20: =D9/D3/B21 -> 0.00046728972 | E20: =E9/E3/B21 -> 0.00046728972 | F20: =F9/F3/B21 -> 0.00046728972
A21: Calorific value for diesel oil (MJ/kg) | B21: 42.8
A22: EURO NORM (2 - 6) | D22: 5 | I22: Cargo handling per container
A23: TEU per truck | C23: TEU/truck | D23: 2 | I23: Handling time | J23: minutes | K23: 30
A24: Average weight of a container (TEU) | C24: t/TEU | D24: 10 | I24: Average diesel engine load during handling | J24: kW | K24: 50
A25: Length of truck - total | C25: m | D25: 16 | I25: Energy consumption per TEU | J25: MJ/TEU | K25: =K23/60*D3*B21 -> 4.28
A26: Driving distance | C26: km | D26: 400 | I26: Oil consumption per TEU | J26: g/TEU | K26: =K23/60*D3*1000 -> 100
A27: Weight of truck load | C27: t/truck | D27: =D23*D24 -> 20 | I27: CO2 emissions per TEU | J27: g/TEU | K27: =K26*B10/1000 -> 320.6
A28: Fuel consumption ratio - driving distance | C28: (-) | D28: =MAX(1,(IF(D26<20,140-D26*1.4,IF(D26<55,112-(D26-20)*0.25,IF(D26<205,103.25-(D26-55)*0.015,100.7-(D26-225)*0.005))))/100) -> 1 | I28: NOx emissions per TEU | J28: g/TEU | K28: =K25*IF(D22=2,B16,IF(D22=3,C16,IF(D22=4,D16,IF(D22=5,E16,F16)))) -> 1
A29: Energy consumption per TEU per km | C29: MJ/TEU/km | D29: =(7.5+0.27*D27-0.001*D27^2)/D23 -> 6.25 | I29: HC emissions per TEU | J29: g/TEU | K29: =K25*IF(D22=2,B18,IF(D22=3,C18,IF(D22=4,D18,IF(D22=5,E18,F18)))) -> 0.0075
A30: Energy consumption per lanemeter per km | C30: MJ/lm/km | D30: =D29*D23/D25 -> 0.78125 | I30: CO emissions per TEU | J30: g/TEU | K30: =K25*IF(D22=2,B17,IF(D22=3,C17,IF(D22=4,D17,IF(D22=5,E17,F17)))) -> 0.05
A31: Energy consumption per ton load per km | C31: MJ/t/km | D31: =D29/D24 -> 0.625 | I31: SOx emissions per TEU | J31: g/TEU | K31: =K25*IF(D22=2,B20,IF(D22=3,C20,IF(D22=4,D20,IF(D22=5,E20,F20)))) -> 0.002
A32: Oil consumption per TEU per km | C32: g/TEU/km | D32: =1000*D29/B21 -> 146.02804 | I32: Particulate emissions per TEU | J32: g/TEU | K32: =K25*IF(D22=2,B19,IF(D22=3,C19,IF(D22=4,D19,IF(D22=5,E19,F19)))) -> 0.01
A33: Oil consumption per lanemeter per km | C33: g/lm/km | D33: =D32*D23/D25 -> 18.253505
A34: Oil consumption per ton load per km | C34: g/t/km | D34: =D32/D24 -> 14.602804
A35: CO2 emissions per TEU per km | C35: g/TEU/km | D35: =D32*B10/1000 -> 468.16589
A36: CO2 emissions per lanemeter per km | C36: g/lm/km | D36: =D35*D23/D25 -> 58.520736
A37: CO2 emissions per ton load per km | C37: g/t/km | D37: =D35/D24 -> 46.816589
A38: NOx emissions per TEU per km | C38: g/TEU/km | D38: =D29*IF(D22=2,B16,IF(D22=3,C16,IF(D22=4,D16,IF(D22=5,E16,F16)))) -> 1.4602804
A39: NOx emissions per lanemeter per km | C39: g/lm/km | D39: =D38*D23/D25 -> 0.18253505
A40: NOx emissions per ton load per km | C40: g/t/km | D40: =D38/D24 -> 0.14602804
A41: HC emissions per TEU per km | C41: g/TEU/km | D41: =D29*IF(D22=2,B18,IF(D22=3,C18,IF(D22=4,D18,IF(D22=5,E18,F18)))) -> 0.010952103
A42: HC emissions per lanemeter per km | C42: g/lm/km | D42: =D41*D23/D25 -> 0.0013690129
A43: HC emissions per ton load per km | C43: g/t/km | D43: =D41/D24 -> 0.0010952103
A44: CO emissions per TEU per km | C44: g/TEU/km | D44: =D29*IF(D22=2,B17,IF(D22=3,C17,IF(D22=4,D17,IF(D22=5,E17,F17)))) -> 0.073014019
A45: CO emissions per lanemeter per km | C45: g/lm/km | D45: =D44*D23/D25 -> 0.0091267523
A46: CO emissions per ton load per km | C46: g/t/km | D46: =D44/D24 -> 0.0073014019
A47: SOx emissions per TEU per km | C47: g/TEU/km | D47: =D29*IF(D22=2,B20,IF(D22=3,C20,IF(D22=4,D20,IF(D22=5,E20,F20)))) -> 0.0029205607
A48: SOx emissions per lanemeter per km | C48: g/lm/km | D48: =D47*D23/D25 -> 0.00036507009
A49: SOx emissions per ton load per km | C49: g/t/km | D49: =D47/D24 -> 0.00029205607
A50: Particulate emissions per TEU per km | C50: g/TEU/km | D50: =D29*IF(D22=2,B19,IF(D22=3,C19,IF(D22=4,D19,IF(D22=5,E19,F19)))) -> 0.014602804
A51: Particulate emissions per lanemeter per km | C51: g/lm/km | D51: =D50*D23/D25 -> 0.0018253505
A52: Particulate emissions per ton load per km | C52: g/t/km | D52: =D50/D24 -> 0.0014602804
A54: Data (g/kg oil) shown below are based on data received from DMU in November 2009
C56: 3,5 - 7,5 tons | F56: > 32 tons | H56: DTU
A57: NOx data | B57: Urban | C57: Rural | D57: Highway | E57: Urban | F57: Rural | G57: Highway | H57: model
A58: Euro 0 | B58: 35.098 | C58: 39.456 | D58: 40.416 | E58: 41.957 | F58: 43.754 | G58: 42.683
A59: Euro 1 | B59: 30.339 | C59: 33.296 | D59: 33.214 | E59: 33.564 | F59: 34.626 | G59: 33.827
A60: Euro 2 | B60: 34.288 | C60: 35.68 | D60: 34.386 | E60: 35.873 | F60: 36.54 | G60: 35.561 | H60: 35
A61: Euro 3 | B61: 25.124 | C61: 24.913 | D61: 24.009 | E61: 27.805 | F61: 28.267 | G61: 27.617 | H61: 25
A62: Euro 4 | B62: 16.258 | C62: 16.896 | D62: 16.673 | E62: 18.439 | F62: 18.817 | G62: 18.867 | H62: 17.5
A63: Euro 5 | B63: 9.142 | C63: 9.537 | D63: 9.435 | E63: 10.35 | F63: 10.592 | G63: 10.631 | H63: 10
A64: Euro 6 | B64: 1.828 | C64: 1.907 | D64: 1.887 | E64: 2.07 | F64: 2.118 | G64: 2.126 | H64: 2
A66: PM data | B66: Urban | C66: Rural | D66: Highway | E66: Urban | F66: Rural | G66: Highway
A67: Euro 0 | B67: 3.0040352 | C67: 2.5225535 | D67: 2.1194639 | E67: 1.7380764 | F67: 1.6257588 | G67: 1.6085689
A68: Euro 1 | B68: 1.4347115 | C68: 1.1318414 | D68: 0.93313671 | E68: 1.5144735 | F68: 1.3468402 | G68: 1.3128669
A69: Euro 2 | B69: 0.64917444 | C69: 0.59474709 | D69: 0.56470265 | E69: 0.70641064 | F69: 0.64623154 | G69: 0.86523452 | H69: 0.75
A70: Euro 3 | B70: 0.65806838 | C70: 0.48710254 | D70: 0.38112005 | E70: 0.63202721 | F70: 0.56037902 | G70: 0.5472027 | H70: 0.5
A71: Euro 4 | B71: 0.13319077 | C71: 0.093388369 | D71: 0.070071908 | E71: 0.12420409 | F71: 0.10463775 | G71: 0.098719324 | H71: 0.1
A72: Euro 5 | B72: 0.13234537 | C72: 0.092978034 | D72: 0.069838717 | E72: 0.12403321 | F72: 0.10459009 | G72: 0.098678651 | H72: 0.1
A73: Euro 6 | B73: 0.052938149 | C73: 0.037191214 | D73: 0.027935487 | E73: 0.049613282 | F73: 0.041836035 | G73: 0.039471461 | H73: 0.05
A75: CO data | B75: Urban | C75: Rural | D75: Highway | E75: Urban | F75: Rural | G75: Highway
A76: Euro 0 | B76: 16.823907 | C76: 13.967939 | D76: 11.604606 | E76: 8.0012095 | F76: 7.3614298 | G76: 7.3633529
A77: Euro 1 | B77: 6.8955105 | C77: 5.5641496 | D77: 5.1460028 | E77: 7.6891017 | F77: 7.2624974 | G77: 7.2418559
A78: Euro 2 | B78: 6.0553213 | C78: 5.0420302 | D78: 4.4495387 | E78: 6.426336 | F78: 6.3912361 | G78: 6.6781786 | H78: 6
A79: Euro 3 | B79: 6.7854742 | C79: 4.8864245 | D79: 3.8598561 | E79: 7.2134734 | F79: 6.6634471 | G79: 6.7098991 | H79: 6
A80: Euro 4 | B80: 0.56916926 | C80: 0.42347487 | D80: 0.33725804 | E80: 0.52715838 | F80: 0.4763892 | G80: 0.46008155 | H80: 0.5
A81: Euro 5 | B81: 0.56474107 | C81: 0.41940684 | D81: 0.33343274 | E81: 0.52478313 | F81: 0.47518946 | G81: 0.45672344 | H81: 0.5
A82: Euro 6 | B82: 0.56474107 | C82: 0.41940684 | D82: 0.33343274 | E82: 0.52478313 | F82: 0.47518946 | G82: 0.45672344 | H82: 0.5
A84: HC data | B84: Urban | C84: Rural | D84: Highway | E84: Urban | F84: Rural | G84: Highway
A85: Euro 0 | B85: 14.945762 | C85: 9.9409508 | D85: 5.9322842 | E85: 2.4398798 | F85: 1.9043683 | G85: 1.6223981
A86: Euro 1 | B86: 3.6949415 | C86: 2.4674902 | D86: 1.598856 | E86: 2.5667396 | F86: 2.0753767 | G86: 1.7902875
A87: Euro 2 | B87: 2.5188297 | C87: 1.6299149 | D87: 1.0306839 | E87: 1.6771103 | F87: 1.3413604 | G87: 1.1242722 | H87: 1.5
A88: Euro 3 | B88: 2.1318619 | C88: 1.3847026 | D88: 0.84527341 | E88: 1.423747 | F88: 1.1399415 | G88: 0.99082339 | H88: 1.25
A89: Euro 4 | B89: 0.089291342 | C89: 0.056129478 | D89: 0.036882655 | E89: 0.077172182 | F89: 0.063629147 | G89: 0.05886313 | H89: 0.075
A90: Euro 5 | B90: 0.089036841 | C90: 0.056166529 | D90: 0.036990017 | E90: 0.07735316 | F90: 0.063959792 | G90: 0.059274298 | H90: 0.075
A91: Euro 6 | B91: 0.025565033 | C91: 0.016127023 | D91: 0.010620896 | E91: 0.022210313 | F91: 0.018364693 | G91: 0.017019353 | H91: 0.02
A93: SOx data | B93: Urban | C93: Rural | D93: Highway | E93: Urban | F93: Rural | G93: Highway
A94: Euro 0 | B94: 0.02 | C94: 0.02 | D94: 0.02 | E94: 0.02 | F94: 0.02 | G94: 0.02 | H94: 0.02
A95: Euro 1 | B95: 0.02 | C95: 0.02 | D95: 0.02 | E95: 0.02 | F95: 0.02 | G95: 0.02 | H95: 0.02
A96: Euro 2 | B96: 0.02 | C96: 0.02 | D96: 0.02 | E96: 0.02 | F96: 0.02 | G96: 0.02 | H96: 0.02
A97: Euro 3 | B97: 0.02 | C97: 0.02 | D97: 0.02 | E97: 0.02 | F97: 0.02 | G97: 0.02 | H97: 0.02
A98: Euro 4 | B98: 0.02 | C98: 0.02 | D98: 0.02 | E98: 0.02 | F98: 0.02 | G98: 0.02 | H98: 0.02
A99: Euro 5 | B99: 0.02 | C99: 0.02 | D99: 0.02 | E99: 0.02 | F99: 0.02 | G99: 0.02 | H99: 0.02
A100: Euro 6 | B100: 0.02 | C100: 0.02 | D100: 0.02 | E100: 0.02 | F100: 0.02 | G100: 0.02 | H100: 0.02
A108: Truck data from VOVLO
A109: Truck load | B109: Mean | C109: Mean | D109: Minimum | E109: Minimum | F109: Maximum | G109: Maximum | H109: DTU model
A110: tons | B110: l/100 km | C110: MJ/km | D110: l/100 km | E110: MJ/km | F110: l/100 km | G110: MJ/km | H110: MJ/km
A111: 8.5 | B111: 27.5 | C111: =B111*0.84*42.5/100 -> 9.8175 | D111: 25 | E111: =D111*0.84*42.5/100 -> 8.925 | F111: 30 | G111: =F111*0.84*42.5/100 -> 10.71 | H111: =IF(A111<15,0.224*A111+6.66,0.221*A111+9.33) -> 8.564
A112: 14 | B112: 35 | C112: =B112*0.84*42.5/100 -> 12.495 | D112: 30 | E112: =D112*0.84*42.5/100 -> 10.71 | F112: 40 | G112: =F112*0.84*42.5/100 -> 14.28 | H112: =IF(A112<15,0.224*A112+6.66,0.221*A112+9.33) -> 9.796
A113: 26 | B113: 32 | C113: =B113*0.84*42.5/100 -> 11.424 | D113: 29 | E113: =D113*0.84*42.5/100 -> 10.353 | F113: 35 | G113: =F113*0.84*42.5/100 -> 12.495 | H113: =IF(A113<15,0.224*A113+6.66,0.221*A113+9.33) -> 15.076
...

Sheet SHIP DATA
A1: Ship data (container ship) | B1: Units | C1: Default values | D1: Alternative 1 | E1: Alternative 2
A2: Container capacity | B2: TEU | C2: 18000 | D2: =C2 -> 18000 | E2: =D2 -> 18000
A3: Feeder ship - type 1 (<2900 TEU) - Panamax - type 2 (1900 - 5300 TEU) or Post Panamax - type 3 (>4000 TEU) | B3: (-) | C3: =IF(C2<2500,1,IF(C2<=5000,2,3)) -> 3 | D3: =IF(D2<2500,1,IF(D2<=5000,2,3)) -> 3 | E3: =IF(E2<2500,1,IF(E2<=5000,2,3)) -> 3
A4: Elongation in percent | B4: % | C4: 0 | D4: 0 | E4: 0
A5: Length between pp | B5: m | C5: =(1+C4/100)*IF(C3=1,10.14*C2^0.378,IF(C3=2,IF(C2<3800,2.494*C2^0.555,241.92+(C2-3800)*0.037),IF(C2<8000,131.31+0.03012*C2-0.00000099556*C2^2,14.66*C2^0.339))) -> 406.13587 | D5: =(1+D4/100)*IF(D3=1,10.14*D2^0.378,IF(D3=2,IF(D2<3800,2.494*D2^0.555,241.92+(D2-3800)*0.037),IF(D2<8000,131.31+0.03012*D2-0.00000099556*D2^2,14.66*D2^0.339))) -> 406.13587 | E5: =(1+E4/100)*IF(E3=1,10.14*E2^0.378,IF(E3=2,IF(E2<3800,2.494*E2^0.555,241.92+(E2-3800)*0.037),IF(E2<8000,131.31+0.03012*E2-0.00000099556*E2^2,14.66*E2^0.339))) -> 406.13587
A6: Length in waterline incl. bulbous bow (= 1.01 Lpp) | B6: m | C6: =C5*1.01 -> 410.19723 | D6: =D5*1.01 -> 410.19723 | E6: =E5*1.01 -> 410.19723
A7: Length over all | B7: m | C7: =IF(C3<3,MIN(294.1,1.2*C5^0.977),1.2*C5^0.977) -> 424.47601 | D7: =IF(D3<3,MIN(294.1,1.2*D5^0.977),1.2*D5^0.977) -> 424.47601 | E7: =IF(E3<31,MIN(294.1,1.2*E5^0.977),1.2*E5^0.977) -> 294.1
A8: Breadth mld. | B8: m | C8: =IF(C3=1,2.9*C2^0.3,IF(C3=2,32.22,32.51+0.0013*C2)) -> 55.91 | D8: =C8 -> 55.91 | E8: =C8 -> 55.91
A9: Depth | B9: m | C9: =IF(C3=1,0.767*C2^0.394,IF(C3=2,14.77+0.0013*C2,MIN(30.2,16.5+0.0011*C2))) -> 30.2 | D9: =C9 -> 30.2 | E9: =C9 -> 30.2
A10: Design draught | B10: m | C10: =IF(C3<3,MIN(C11,12,1.188*C2^0.279),4.83*C2^0.11) -> 14.191461 | D10: =C10 -> 14.191461 | E10: =D10 -> 14.191461
A11: Maximum draught | B11: m | C11: =IF(C3=1,0.827*C2^0.336,IF(C3=2,IF(C2<3300,2.19*C2^0.211,12.1+(C2-3300)*0.00082),12.73+0.0002*C2)) -> 16.33 | D11: =C11 -> 16.33 | E11: =D11 -> 16.33
A12: Maximum draught - design draught | B12: m | C12: =C11-C10 -> 2.1385391 | D12: =D11-D10 -> 2.1385391 | E12: =E11-E10 -> 2.1385391
A13: Design deadweight/Maximum deadweight | B13: % | C13: =C14/C15*100 -> 78.723597 | D13: =D14/D15*100 -> 78.723597 | E13: =E14/E15*100 -> 78.723597
A14: Design deadweight | B14: tons | C14: =C15-(C11-C10)*C5*C8*C32*1.025 -> 158706.77 | D14: =D15-(D11-D10)*D5*D8*D32*1.025 -> 158706.77 | E14: =E15-(E11-E10)*E5*E8*E32*1.025 -> 158706.77
A15: Maximum deadweight | B15: tons | C15: =C16*C2 -> 201600 | D15: =D16*D2 -> 201600 | E15: =E16*E2 -> 201600
A16: Maximum deadweight/TEU | B16: tons/TEU | C16: =IF(C3=1,13.65,IF(C3=2,14.6-0.00038*C2,MAX(11.2,50.43*C2^-0.16))) -> 11.2 | D16: =C16 -> 11.2 | E16: =D16 -> 11.2
A17: Lightweight coefficient | B17: t/m3 | C17: =IF(C3=1,0.659*C2^-0.23,IF(C3=2,0.105,MAX(0.09,0.104-0.00000115*C2))) -> 0.09 | D17: =IF(D3=1,0.659*D2^-0.23,IF(D3=2,0.105,MAX(0.09,0.104-0.00000115*D2))) -> 0.09 | E17: =IF(E3=1,0.659*E2^-0.23,IF(E3=2,0.105,MAX(0.09,0.104-0.00000115*E2))) -> 0.09
A18: Steel weight correction | B18: % | C18: 0 | D18: 0 | E18: 0
A19: Calculated machinery weight change due to engine change | B19: tons | C19: 0 | D19: =WEIGHT!J31+D47*D65/10*IF(D58=1,0.03,0.01) -> -869.80502 | E19: =WEIGHT!Q31+E47*E65/10*IF(E58=1,0.03,0.01) -> -385.93393
A20: Specified machinery weight change ( = the calculated value) | B20: tons | C20: 0 | D20: 0 | E20: 0
A21: Lightweight | B21: tons | C21: =C5*C8*C9*C17+C18/100*WEIGHT!C24 -> 61717.78 | D21: =C5*C8*C9*C17+WEIGHT!J30+WEIGHT!J32+D20+'SHIP DATA'!D18/100*WEIGHT!J66 -> 61717.78 | E21: =C5*C8*C9*C17+WEIGHT!Q30+WEIGHT!Q32+E20+'SHIP DATA'!E18/100*WEIGHT!Q66 -> 61717.78
A22: Steel weight | B22: tons | C22: =WEIGHT!C24 -> 54731.157 | D22: =WEIGHT!J24 -> 54731.157 | E22: =WEIGHT!Q24 -> 54731.157
A23: Displacement at design draught | B23: tons | C23: =C14+C21 -> 220424.55 | D23: =D14+D21 -> 220424.55 | E23: =E14+E21 -> 220424.55
A24: Displacement at maximum draught | B24: tons | C24: =C15+C21 -> 263317.78 | D24: =D15+D21 -> 263317.78 | E24: =E15+E21 -> 263317.78
A25: Block coefficient (based on Lpp) at design draught | B25: - | C25: =C23/C5/C8/C10/1.025 -> 0.66734153 | D25: =D23/D5/D8/D10/1.025 -> 0.66734153 | E25: =E23/E5/E8/E10/1.025 -> 0.66734153
A26: Block coefficient (based on Lpp) at maximum draught | B26: - | C26: =C24/1.025/C5/C8/C11 -> 0.69280226 | D26: =D24/1.025/D5/D8/D11 -> 0.69280226 | E26: =E24/1.025/E5/E8/E11 -> 0.69280226
A27: Lpp/Displ.vol.1/3 at design draught | B27: - | C27: =C5/(C23/1.025)^(1/3) -> 6.7789014 | D27: =D5/(D23/1.025)^(1/3) -> 6.7789014 | E27: =E5/(E23/1.025)^(1/3) -> 6.7789014
A28: Lpp/Displ.vol.1/3 at maximum draught | B28: - | C28: =C5/(C24/1.025)^(1/3) -> 6.3887993 | D28: =D5/(D24/1.025)^(1/3) -> 6.3887993 | E28: =E5/(E24/1.025)^(1/3) -> 6.3887993
A29: Midship section coefficient | B29: - | C29: 0.98 | D29: 0.98 | E29: 0.98
A30: Prismatic coefficient at design draught | B30: - | C30: =C25/C29 -> 0.68096074 | D30: =D25/D29 -> 0.68096074 | E30: =E25/E29 -> 0.68096074
A31: Prismatic coefficient at maximum draught | B31: - | C31: =C26/C29 -> 0.70694108 | D31: =D26/D29 -> 0.70694108 | E31: =E26/E29 -> 0.70694108
A32: Waterplane area coefficient based on Lpp | B32: - | C32: =0.55+0.45*C26 -> 0.86176101 | D32: =0.55+0.45*D26 -> 0.86176101 | E32: =0.55+0.45*E26 -> 0.86176101
A33: Wetted surface at design draught | B33: m2 | C33: =C34-2.4*(C11-C10)*(C6+C8) -> 25924.104 | D33: =D34-2.4*(D11-D10)*(D6+D8) -> 25924.104 | E33: =E34-2.4*(E11-E10)*(E6+E8) -> 27864.745
A34: Wetted surface at maximum draught | B34: m2 | C34: =IF(C50=1,0.995*(C24/C11/1.025+1.9*C11*C6),IF(C51=1,1.21*(C24/C11/1.025+1.3*C11*C6)*(1.2-0.34*C26*C5/C6),1.13*(C24/C11/1.025+1.7*C11*C6)*(1.2-0.31*C26*C5/C6))) -> 28316.396 | D34: =IF(D50=1,0.995*(D24/D11/1.025+1.9*D11*D6),IF(D51=1,1.21*(D24/D11/1.025+1.3*D11*D6)*(1.2-0.34*D26*D5/D6),1.13*(D24/D11/1.025+1.7*D11*D6)*(1.2-0.31*D26*D5/D6))) -> 28316.396 | E34: =IF(E50=1,0.995*(E24/E11/1.025+1.9*E11*E6),IF(E51=1,1.21*(E24/E11/1.025+1.3*E11*E6)*(1.2-0.34*E26*E5/E6),1.13*(E24/E11/1.025+1.7*E11*E6)*(1.2-0.31*E26*E5/E6))) -> 30257.038
A35: Service speed at design draught | B35: knots | C35: =IF(C5<95,14.02+(C5-95)*0.16,IF(C5<350,MIN(25.7,4+0.1216*C5-0.00017*C5^2),25.7)) -> 25.7 | D35: 23 | E35: 23
A36: Froude Number at service speed | B36: - | C36: =C35*0.5144/(9.81*C6)^0.5 -> 0.20840264 | D36: =D35*0.5144/(9.81*D6)^0.5 -> 0.1865082 | E36: =E35*0.5144/(9.81*E6)^0.5 -> 0.1865082
A37: Scantling trial speed at 100 % deadweight at 75 % MCR | B37: knots | C37: ='PT1-1'!V33 -> 25.013806 | D37: ='PT2-1'!V33 -> 22.438168 | E37: ='PT3-1'!V33 -> 22.454957
A38: Froude Number at 'reference speed' | B38: - | C38: =C37*0.5144/(9.81*C6)^0.5 -> 0.20283826 | D38: =D37*0.5144/(9.81*D6)^0.5 -> 0.18195227 | E38: =E37*0.5144/(9.81*E6)^0.5 -> 0.18208842
A39: Service allowance on resistance | B39: pct. | C39: 15 | D39: 15 | E39: 15
A40: Beaufort No. | B40: - | C40: 0 | D40: 0 | E40: 0
A41: Calculated wind speed acc. to Beaufort No. | B41: m/s | C41: =MAX(0,-0.2+0.98*C40+0.21626*C40^2-0.00466*C40^3) -> 0 | D41: =MAX(0,-0.2+0.98*D40+0.21626*D40^2-0.00466*D40^3) -> 0 | E41: =MAX(0,-0.2+0.98*E40+0.21626*E40^2-0.00466*E40^3) -> 0
A42: Longitudinal wind resistance coefficient, Cx | B42: - | C42: 0.8 | D42: 0.8 | E42: 0.8
A43: Wind speed to be used for separate wind resistance | B43: m/s | C43: 0 | D43: 0 | E43: 0
A44: Wind resistance fraction of trial resistance | B44: pct. | C44: ='PS1'!K31 -> 0 | D44: ='PS2'!K31 -> 0 | E44: ='PS3'!K31 -> 0
A45: Transmission efficiency | B45: pct. | C45: =IF(C58=1,98,96) -> 98 | D45: =IF(D58=1,98,96) -> 98 | E45: =IF(E58=1,98,96) -> 98
A46: General improved propeller efficiency | B46: pct. | C46: 0 | D46: 0 | E46: 0
A47: Main engine power (MCR) | B47: kW | C47: ='PS1'!K36/C59*100 -> 95553.023 | D47: ='PS2'!K36/D59*100 -> 65122.917 | E47: ='PS3'!K36/E59*100 -> 79467.946
A48: Auxiliary power at sea at design draught | B48: kW | C48: =IF(C47<10000,0.05*C47,250+0.025*C47) -> 2638.8256 | D48: =IF(D47<10000,0.05*D47,250+0.025*D47) -> 1878.0729 | E48: =IF(E47<10000,0.05*E47,250+0.025*E47) -> 2236.6986
A49: Auxiliary power in harbor | B49: kW | C49: =0.0021*C5^2.5 -> 6980.679 | D49: =0.0021*D5^2.5 -> 6980.679 | E49: =0.0021*E5^2.5 -> 6980.679
A50: Single screw (1) or twin screw propulsion (2) | B50: - | C50: 1 | D50: 1 | E50: 2
A51: Conventional hull form (1) or twin skeg hull form (2) | B51: - | C51: 1 | D51: 1 | E51: 2
A52: Propeller diameter | B52: m | C52: =0.623*C11-0.16 -> 10.01359 | D52: =C52 -> 10.01359 | E52: =C52 -> 10.01359
A53: Propeller type (1 = conventional - 2 = ducted) | B53: (-) | C53: 1 | D53: 1 | E53: 1
A54: Propeller loading (MCR) | B54: kW/m2 | C54: =C47/C52^2/0.7854/C50 -> 1213.316 | D54: =D47/D52^2/0.7854/D50 -> 826.91969 | E54: =E47/E52^2/0.7854/E50 -> 504.53521
A55: Speed dependency exponent n (Power = constant Vn) | B55: - | C55: ='PT1-1'!M21/'PT1-1'!M33*('PT1-1'!N33-'PT1-1'!L33)/('PT1-1'!N21-'PT1-1'!L21) -> 3.6882397 | D55: ='PT2-1'!M21/'PT2-1'!M33*('PT2-1'!N33-'PT2-1'!L33)/('PT2-1'!N21-'PT2-1'!L21) -> 3.4014533 | E55: ='PT3-1'!M21/'PT3-1'!M33*('PT3-1'!N33-'PT3-1'!L33)/('PT3-1'!N21-'PT3-1'!L21) -> 3.0086083
A56: IMO Energy Efficiency Design Index at 100 % Dw | B56: g/dwt/nm | C56: =(C47*0.75*'Emission factors'!B13*'Emission factors'!B21+C48*'Emission factors'!C13*'Emission factors'!C21)/C15/C37 -> 8.3061531 | D56: =(D47*0.75*'Emission factors'!D13*'Emission factors'!D21+D48*'Emission factors'!E13*'Emission factors'!E21)/D15/D37 -> 6.3218037 | E56: =(E47*0.75*'Emission factors'!F13*'Emission factors'!F21+E48*'Emission factors'!G13*'Emission factors'!G21)/E15/E37 -> 7.7009463
A57: ENGINE TYPE & TECHNOLOGY
A58: Main engine type (slow speed = 1, medium speed = 2) | B58: (-) | C58: 1 | D58: 1 | E58: =C58 -> 1
A59: Main engine service rating (for non derated engine only) | B59: pct. MCR | C59: 90 | D59: 90 | E59: 90
A60: Fuel type (HFO = 1, MD/GO = 2, LNG = 3, Dual fuel = 4) | B60: - | C60: 2 | D60: 2 | E60: 2
A61: SFOC at 75 % MCR in normal ME mode (If default press 1) | B61: g/kW/hour | C61: 1 | D61: 1 | E61: 1
A62: If normal tuning press 1 - if low load tuning press 2 | B62: - | C62: 1 | D62: 1 | E62: 1
A63: Sulphur content in heavy fuel (HFO) | B63: pct. | C63: 1 | D63: 1 | E63: 1
A64: Sulphur content in diesel oil or gas oil (DO/GO) | B64: pct. | C64: 1 | D64: 1 | E64: 1
A65: Derated 2 stroke main engine? (NO = 0, YES = 1) | B65: - | C65: 0 | D65: 0 | E65: 0
A66: Fuel optimised main engine? (NO = 0, YES = 1) | B66: - | C66: 0 | D66: 0 | E66: 0
A67: TIER 1, 2 or 3 engine? (1 - 3) | B67: - | C67: 3 | D67: 3 | E67: 3
A68: Specify NOx reduction technology: EGR (Exhaust Gas Recirculation) =1, SCR (Selective Catalyic Reduction) = 2 or other technology = 3 | B68: - | C68: 1 | D68: 1 | E68: 1
A69: Use of scrubbers if oil is used (NO = 0, YES=1) | B69: - | C69: 0 | D69: 0 | E69: 0
A70: ACTUAL CONDITION
A71: Payload/deadweight at design draught | B71: % | C71: =C2*0.0017+65 -> 95.6
A72: Capacity utilization (100 % ~ design condition) | B72: % | C72: =(C89*100/C13-100+$C71)/$C71*100 -> 88.408683 | D72: =(D89*100/D13-100+$C71)/$C71*100 -> 88.408683 | E72: =(E89*100/E13-100+$C71)/$C71*100 -> 88.408683
A73: Actual deadweight | B73: tons | C73: =C14/100*((100-$C71)+$C71*C72/100) -> 141120 | D73: =D14/100*((100-$C71)+$C71*D72/100) -> 141120 | E73: =E14/100*((100-$C71)+$C71*E72/100) -> 141120
A74: Actual payload | B74: tons | C74: =C14*$C71*C72/10000 -> 134136.9 | D74: =D14*$C71*D72/10000 -> 134136.9 | E74: =E14*$C71*E72/10000 -> 134136.9
A75: Actual displacement | B75: tons | C75: =C73+C21 -> 202837.78 | D75: =D73+D21 -> 202837.78 | E75: =E73+E21 -> 202837.78
A76: Waterplane area coefficient based on Lpp | B76: - | C76: =0.55+0.45*C26-0.14*(1-C75/C24) -> 0.82960519 | D76: =0.55+0.45*D26-0.14*(1-D75/D24) -> 0.82960519 | E76: =0.55+0.45*E26-0.14*(1-E75/E24) -> 0.82960519
A77: Actual draught | B77: m | C77: =C$10-(C$23-C75)/C$5/C$8/1.025/C76 -> 13.280646 | D77: =D10-(D23-D75)/D5/D8/1.025/D76 -> 13.280646 | E77: =E10-(E23-E75)/E5/E8/1.025/E76 -> 13.280646
A78: Wetted surface at actual draught | B78: m2 | C78: =C34-2.4*(C11-C77)*(C6+C8) -> 24905.214 | D78: =D34-2.4*(D11-D77)*(D6+D8) -> 24905.214 | E78: =E34-2.4*(E11-E77)*(E6+E8) -> 26845.856
A79: Service speed at actual draught | B79: knots | C79: =C35 -> 25.7 | D79: 18.5 | E79: 18.5
A80: Service allowance on resistance | B80: % | C80: 0 | D80: 0 | E80: 0
A81: Speed dependency exponent n (Power = constant Vn) | B81: - | C81: ='PAS1'!M21/'PAS1'!M36*('PAS1'!N36-'PAS1'!L36)/('PAS1'!N21-'PAS1'!L21) -> 3.5098067 | D81: ='PAS2'!M21/'PAS2'!M36*('PAS2'!N36-'PAS2'!L36)/('PAS2'!N21-'PAS2'!L21) -> 2.9567346 | E81: ='PAS3'!M21/'PAS3'!M36*('PAS3'!N36-'PAS3'!L36)/('PAS3'!N21-'PAS3'!L21) -> 2.8045177
A82: Necessary mian engine power at actual deadweight | B82: kW | C82: ='PAS1'!K36 -> 70598.252 | D82: ='PAS2'!K36 -> 24347.664 | E82: ='PAS3'!K36 -> 32402.509
A83: Engine rating in actual condition (Cont. Service Rating = CSR) | B83: % MCR | C83: =C82/C47*100 -> 73.88385 | D83: =D82/D47*100 -> 37.387245 | E83: =E82/E47*100 -> 40.774313
A84: SFOC at CSR | B84: g/kW/hour | C84: ='Emission factors'!B13*IF(C62=1,100+0.0028*C83^2-0.41*C83+15,100+0.0000000020194*C83^6-0.0000007555*C83^5+0.00011181*C83^4-0.00832*C83^3+0.33*C83^2-6.851*C83+62.9)*10 -> 175.08656 | D84: ='Emission factors'!D13*IF(D62=1,100+0.0028*D83^2-0.41*D83+15,100+0.0000000020194*D83^6-0.0000007555*D83^5+0.00011181*D83^4-0.00832*D83^3+0.33*D83^2-6.851*D83+62.9)*10 -> 181.37749 | E84: ='Emission factors'!F13*IF(E62=1,100+0.0028*E83^2-0.41*E83+15,100+0.0000000020194*E83^6-0.0000007555*E83^5+0.00011181*E83^4-0.00832*E83^3+0.33*E83^2-6.851*E83+62.9)*10 -> 180.24384
A85: Oil consumption per hour (auxiliary engines at sea) | B85: t/hour | C85: =C48*'Emission factors'!C13/1000 -> 0.51641817 | D85: =D48*'Emission factors'!E13/1000 -> 0.36753887 | E85: =E48*'Emission factors'!G13/1000 -> 0.43772192
A86: Oil consumption per hour (auxiliary engines in harbor) | B86: t/hour | C86: =C49*'Emission factors'!C13/1000 -> 1.3661189 | D86: =D49*'Emission factors'!E13/1000 -> 1.3661189 | E86: =E49*'Emission factors'!G13/1000 -> 1.3661189
A87: Oil consumption per hour (main engine) | B87: t/hour | C87: =C82*C84/1000000 -> 12.360805 | D87: =D82*D84/1000000 -> 4.4161182 | E87: =E82*E84/1000000 -> 5.8403526
A88: Oil consumption per hour (main and auxiliary engines at sea) | B88: t/hour | C88: =C85+C87 -> 12.877224 | D88: =D85+D87 -> 4.783657 | E88: =E85+E87 -> 6.2780745
A89: EEDI deadweight (per cent) | C89: 70 | D89: 70 | E89: 70
A90: Scantling deadweight | B90: tons | C90: =C15 -> 201600 | D90: =D15 -> 201600 | E90: =E15 -> 201600
A91: 70 % of maximum deadweight | B91: tons | C91: =C15*C89/100 -> 141120 | D91: =D15*D89/100 -> 141120 | E91: =E15*E89/100 -> 141120
A92: Actual displacement | B92: tons | C92: =C91+C21 -> 202837.78 | D92: =D91+D21 -> 202837.78 | E92: =E91+E21 -> 202837.78
A93: Block coefficient based on Lpp | B93: - | C93: =C92/1.025/C5/C8/C95 -> 0.65621315 | D93: =D92/1.025/D5/D8/D95 -> 0.65621315 | E93: =E92/1.025/E5/E8/E95 -> 0.65621315
A94: Waterplane area coefficient based on Lpp | B94: - | C94: =0.55+0.45*C26-0.14*(1-C92/C$24) -> 0.82960519 | D94: =0.55+0.45*D26-0.14*(1-D92/D$24) -> 0.82960519 | E94: =0.55+0.45*E26-0.14*(1-E92/E$24) -> 0.82960519
A95: Actual draught | B95: m | C95: =C$10-(C$23-C92)/C$5/C$8/1.025/C94 -> 13.280646 | D95: =D$10-(D$23-D92)/D$5/D$8/1.025/D94 -> 13.280646 | E95: =E$10-(E$23-E92)/E$5/E$8/1.025/E94 -> 13.280646
A96: Wetted surface at EEDI draught | B96: m2 | C96: =C34-2.4*(C11-C95)*(C6+C8) -> 24905.214 | D96: =D34-2.4*(D11-D95)*(D6+D8) -> 24905.214 | E96: =E34-2.4*(E11-E95)*(E6+E8) -> 26845.856
A97: 70 % DW trial speed at 75 % MCR ('reference speed') | B97: knots | C97: ='PT1-2'!V33 -> 25.810319 | D97: ='PT2-2'!V33 -> 23.062208 | E97: ='PT3-2'!V33 -> 22.944834
A98: IMO Energy Efficiency Design Index at 70 % Dw | B98: g/dwt/nm | C98: =(C47*0.75*'Emission factors'!B13*'Emission factors'!B21+C48*'Emission factors'!C13*'Emission factors'!C21)/C91/C97 -> 11.499747 | D98: =(D47*0.75*'Emission factors'!D13*'Emission factors'!D21+D48*'Emission factors'!E13*'Emission factors'!E21)/D91/D97 -> 8.7867742 | E98: =(E47*0.75*'Emission factors'!F13*'Emission factors'!F21+E48*'Emission factors'!G13*'Emission factors'!G21)/E91/E97 -> 10.766471
A99: Baseline Energy Efficiency Design Index at 70 % Dw | B99: g/dwt/nm | C99: =174.22*C15^-0.201 -> 14.958754 | D99: =174.22*D15^-0.201 -> 14.958754 | E99: =174.22*E15^-0.201 -> 14.958754
A100: Energy Efficiency Design Index at 70 % Dw - 2015 | B100: g/dwt/nm | C100: =C99*0.9 -> 13.462878 | D100: =D99*0.9 -> 13.462878 | E100: =E99*0.9 -> 13.462878
...

Sheet Emission factors
A1: Engine and emission reduction technologies | B1: Main engine | C1: Auxiliary engines | D1: Main engine | E1: Auxiliary engines | F1: Main engine | G1: Auxiliary engines
A2: Main engine type (2-stroke = 1, 4-stroke = 2) | B2: ='SHIP DATA'!C58 -> 1 | C2: 2 | D2: ='SHIP DATA'!D58 -> 1 | E2: 2 | F2: ='SHIP DATA'!E58 -> 1 | G2: 2
A3: Derated main engine - only for 2 stroke engines (NO = 0, YES = 1) | B3: ='SHIP DATA'!C65 -> 0 | C3: - | D3: ='SHIP DATA'!D65 -> 0 | E3: - | F3: ='SHIP DATA'!E65 -> 0 | G3: -
A4: Fuel for main engine (HFO = 1, MDO/GO = 2, LNG = 3 (only for 4 stroke), Dual fuel = 4) | B4: ='SHIP DATA'!C60 -> 2 | C4: =IF(B4=1,2,B4) -> 2 | D4: ='SHIP DATA'!D60 -> 2 | E4: =IF(D4=1,2,D4) -> 2 | F4: ='SHIP DATA'!E60 -> 2 | G4: =IF(F4=1,2,F4) -> 2
A5: Specific Fuel Oil Consumption (SFOC) at 75 % MCR for main engine in g/kW/hour. If not specified (1) a default value will be used | B5: ='SHIP DATA'!C61 -> 1 | C5: - | D5: ='SHIP DATA'!D61 -> 1 | E5: - | F5: ='SHIP DATA'!E61 -> 1 | G5: -
A6: Fuel optimised main engine? (0 = NO, 1 = YES) | B6: ='SHIP DATA'!C66 -> 0 | C6: - | D6: ='SHIP DATA'!D66 -> 0 | E6: - | F6: ='SHIP DATA'!E66 -> 0 | G6: -
A7: TIER 1, 2 or 3 engine (If individual NOx reduction technology is selected then press 0) | B7: ='SHIP DATA'!C67 -> 3 | C7: =B7 -> 3 | D7: ='SHIP DATA'!D67 -> 3 | E7: =D7 -> 3 | F7: ='SHIP DATA'!E67 -> 3 | G7: =F7 -> 3
A8: Specify NOx reduction technology: EGR (Exhaust Gas Recirculation) =1, SCR (Selective Catalyic Reduction) = 2 or other technology = 3 | B8: ='SHIP DATA'!C68 -> 1 | C8: =B8 -> 1 | D8: ='SHIP DATA'!D68 -> 1 | E8: =D8 -> 1 | F8: ='SHIP DATA'!E68 -> 1 | G8: =F8 -> 1
A9: Sulphur content in % in heavy fuel oil (HFO) | B9: ='SHIP DATA'!C63 -> 1 | C9: - | D9: ='SHIP DATA'!D63 -> 1 | E9: - | F9: ='SHIP DATA'!E63 -> 1 | G9: -
A10: Sulphur content in % in diesel/gas oil (DO/GO) | B10: ='SHIP DATA'!C64 -> 1 | C10: =B10 -> 1 | D10: ='SHIP DATA'!D64 -> 1 | E10: =D10 -> 1 | F10: ='SHIP DATA'!E64 -> 1 | G10: =F10 -> 1
A11: Use of scrubbers (NO = 0, YES=1) | B11: ='SHIP DATA'!C69 -> 0 | C11: =B11 -> 0 | D11: ='SHIP DATA'!D69 -> 0 | E11: =D11 -> 0 | F11: ='SHIP DATA'!E69 -> 0 | G11: =F11 -> 0
A12: Emission factors
A13: Fuel consumption (kg/kW/hour) | B13: =IF(B5>1,B5/1000,IF(B4=4,IF(B2=1,0.15,0.16),IF(B4=3,0.155,IF(B2=1,0.17,0.19)*(1+B39/100)*42.7/B33))) -> 0.1751 | C13: =IF(C4=3,0.155,IF(C4=4,0.16,0.19*42.7/C33*(1+C39/100))) -> 0.1957 | D13: =IF(D5>1,D5/1000,IF(D4=4,IF(D2=1,0.15,0.16),IF(D4=3,0.155,IF(D2=1,0.17,0.19)*(1+D39/100)*42.7/D33))) -> 0.1751 | E13: =IF(E4=3,0.155,IF(E4=4,0.16,0.19*42.7/E33*(1+E39/100))) -> 0.1957 | F13: =IF(F5>1,F5/1000,IF(F4=4,IF(F2=1,0.15,0.16),IF(F4=3,0.155,IF(F2=1,0.17,0.19)*(1+F39/100)*42.7/F33))) -> 0.1751 | G13: =IF(G4=3,0.155,IF(G4=4,0.16,0.19*42.7/G33*(1+G39/100))) -> 0.1957
A14: CO2 emission (g/kW/hour) | B14: =B13*B21 -> 561.3706 | C14: =C21*C13 -> 627.4142 | D14: =D13*D21 -> 561.3706 | E14: =E21*E13 -> 627.4142 | F14: =F13*F21 -> 561.3706 | G14: =G21*G13 -> 627.4142
A15: NOx emission (g/kW/hour) | B15: =IF(AND(B2=1,B4=4),IF(B7<3,12,3.4),IF(AND(B2=2,B4=4),IF(B7<3,9.6,2.4),IF(AND(B2=2,B4=3),1.3,IF(OR(B4=1,B4=2),IF(B2=1,17,12)*(1-B40/100))))) -> 3.4 | C15: =IF(AND(C2=1,C4=4),IF(C7<3,12,3.4),IF(AND(C2=2,C4=4),IF(C7<3,9.6,2.4),IF(AND(C2=2,C4=3),1.3,IF(OR(C4=1,C4=2),IF(C2=1,17,12)*(1-C40/100))))) -> 2.4 | D15: =IF(AND(D2=1,D4=4),IF(D7<3,12,3.4),IF(AND(D2=2,D4=4),IF(D7<3,9.6,2.4),IF(AND(D2=2,D4=3),1.3,IF(OR(D4=1,D4=2),IF(D2=1,17,12)*(1-D40/100))))) -> 3.4 | E15: =IF(AND(E2=1,E4=4),IF(E7<3,12,3.4),IF(AND(E2=2,E4=4),IF(E7<3,9.6,2.4),IF(AND(E2=2,E4=3),1.3,IF(OR(E4=1,E4=2),IF(E2=1,17,12)*(1-E40/100))))) -> 2.4 | F15: =IF(AND(F2=1,F4=4),IF(F7<3,12,3.4),IF(AND(F2=2,F4=4),IF(F7<3,9.6,2.4),IF(AND(F2=2,F4=3),1.3,IF(OR(F4=1,F4=2),IF(F2=1,17,12)*(1-F40/100))))) -> 3.4 | G15: =IF(AND(G2=1,G4=4),IF(G7<3,12,3.4),IF(AND(G2=2,G4=4),IF(G7<3,9.6,2.4),IF(AND(G2=2,G4=3),1.3,IF(OR(G4=1,G4=2),IF(G2=1,17,12)*(1-G40/100))))) -> 2.4
A16: CO emission (g/kW(hour) | B16: =IF(B4<3,IF(B2=1,0.35,0.5),IF(B2=1,0.3,1.3)) -> 0.35 | C16: =IF(C4<3,IF(C2=1,0.35,0.5),IF(C2=1,0.3,1.3)) -> 0.5 | D16: =IF(D4<3,IF(D2=1,0.35,0.5),IF(D2=1,0.3,1.3)) -> 0.35 | E16: =IF(E4<3,IF(E2=1,0.35,0.5),IF(E2=1,0.3,1.3)) -> 0.5 | F16: =IF(F4<3,IF(F2=1,0.35,0.5),IF(F2=1,0.3,1.3)) -> 0.35 | G16: =IF(G4<3,IF(G2=1,0.35,0.5),IF(G2=1,0.3,1.3)) -> 0.5
A17: HC emission (g/kW/hour) | B17: 0.5 | C17: 0.5 | D17: 0.5 | E17: 0.5 | F17: 0.5 | G17: 0.5
A18: Particulates (g/kW/hour) | B18: =IF(B4>2,IF(B4=3,0.03,0.1),(0.26+0.081*B19+0.103*B19^2)*(1-B41/100)) -> 0.444 | C18: =IF(C4>2,IF(C4=3,0.03,0.1),(0.26+0.081*C19+0.103*C19^2)*(1-C41/100)) -> 0.444 | D18: =IF(D4>2,IF(D4=3,0.03,0.1),(0.26+0.081*D19+0.103*D19^2)*(1-D41/100)) -> 0.444 | E18: =IF(E4>2,IF(E4=3,0.03,0.1),(0.26+0.081*E19+0.103*E19^2)*(1-E41/100)) -> 0.444 | F18: =IF(F4>2,IF(F4=3,0.03,0.1),(0.26+0.081*F19+0.103*F19^2)*(1-F41/100)) -> 0.444 | G18: =IF(G4>2,IF(G4=3,0.03,0.1),(0.26+0.081*G19+0.103*G19^2)*(1-G41/100)) -> 0.444
A19: S content in oil (pct.) | B19: =IF(B4=1,B9,B10) -> 1 | C19: =B10 -> 1 | D19: =IF(D4=1,D9,D10) -> 1 | E19: =D10 -> 1 | F19: =IF(F4=1,F9,F10) -> 1 | G19: =F10 -> 1
A20: SO2 emission (g/kW/hour) | B20: =IF(B4<3,B13*21*B19*(1-B42/100),(IF(B4=3,0,0.19*21*B19*$B45/100))) -> 3.6771 | C20: =IF(C4<3,C13*21*C19*(1-C42/100),(IF(C4=3,0,0.19*21*C19*$B45/100))) -> 4.1097 | D20: =IF(D4<3,D13*21*D19*(1-D42/100),(IF(D4=3,0,0.19*21*D19*$B45/100))) -> 3.6771 | E20: =IF(E4<3,E13*21*E19*(1-E42/100),(IF(E4=3,0,0.19*21*E19*$B45/100))) -> 4.1097 | F20: =IF(F4<3,F13*21*F19*(1-F42/100),(IF(F4=3,0,0.19*21*F19*$B45/100))) -> 3.6771 | G20: =IF(G4<3,G13*21*G19*(1-G42/100),(IF(G4=3,0,0.19*21*G19*$B45/100))) -> 4.1097
A21: CO2 emission (g/kg fuel) | B21: =IF(B4=4,2780,(IF(AND(B4=3,B2=2),2750,IF(B4<3,IF(B4=1,3114,3206))))) -> 3206 | C21: =IF(C4=3,2750,IF(C4=4,2780,IF(C4=1,3114,3206))) -> 3206 | D21: =IF(D4=4,2780,(IF(AND(D4=3,D2=2),2750,IF(D4<3,IF(D4=1,3114,3206))))) -> 3206 | E21: =IF(E4=3,2750,IF(E4=4,2780,IF(E4=1,3114,3206))) -> 3206 | F21: =IF(F4=4,2780,(IF(AND(F4=3,F2=2),2750,IF(F4<3,IF(F4=1,3114,3206))))) -> 3206 | G21: =IF(G4=3,2750,IF(G4=4,2780,IF(G4=1,3114,3206))) -> 3206
A22: NOx emission (g/kg fuel) | B22: =B15/B$13 -> 19.417476 | C22: =C15/C$13 -> 12.263669 | D22: =D15/D$13 -> 19.417476 | E22: =E15/E$13 -> 12.263669 | F22: =F15/F$13 -> 19.417476 | G22: =G15/G$13 -> 12.263669
A23: CO emission (g/kg fuel) | B23: =B16/B$13 -> 1.9988578 | C23: =C16/C$13 -> 2.554931 | D23: =D16/D$13 -> 1.9988578 | E23: =E16/E$13 -> 2.554931 | F23: =F16/F$13 -> 1.9988578 | G23: =G16/G$13 -> 2.554931
A24: HC emission (g/kg fuel) | B24: =B17/B$13 -> 2.8555111 | C24: =C17/C$13 -> 2.554931 | D24: =D17/D$13 -> 2.8555111 | E24: =E17/E$13 -> 2.554931 | F24: =F17/F$13 -> 2.8555111 | G24: =G17/G$13 -> 2.554931
A25: Particulates (g/kg fuel) | B25: =B18/B13 -> 2.5356939 | C25: =C18/C13 -> 2.2687787 | D25: =D18/D13 -> 2.5356939 | E25: =E18/E13 -> 2.2687787 | F25: =F18/F13 -> 2.5356939 | G25: =G18/G13 -> 2.2687787
A26: SO2 emission (g/kg fuel) | B26: =B20/B$13 -> 21 | C26: =C20/C$13 -> 21 | D26: =D20/D$13 -> 21 | E26: =E20/E$13 -> 21 | F26: =F20/F$13 -> 21 | G26: =G20/G$13 -> 21
A27: CO2 emission (g/MJ) | B27: =B21/B33 -> 75.081967 | C27: =C21/C33 -> 75.081967 | D27: =D21/D33 -> 75.081967 | E27: =E21/E33 -> 75.081967 | F27: =F21/F33 -> 75.081967 | G27: =G21/G33 -> 75.081967
A28: NOx emission (g/MJ) | B28: =B22/B33 -> 0.45474182 | C28: =C22/C33 -> 0.28720536 | D28: =D22/D33 -> 0.45474182 | E28: =E22/E33 -> 0.28720536 | F28: =F22/F33 -> 0.45474182 | G28: =G22/G33 -> 0.28720536
A29: CO emission (g/MJ) | B29: =B23/B33 -> 0.046811658 | C29: =C23/C33 -> 0.05983445 | D29: =D23/D33 -> 0.046811658 | E29: =E23/E33 -> 0.05983445 | F29: =F23/F33 -> 0.046811658 | G29: =G23/G33 -> 0.05983445
A30: HC emission (g/MJ) | B30: =B24/B33 -> 0.066873797 | C30: =C24/C33 -> 0.05983445 | D30: =D24/D33 -> 0.066873797 | E30: =E24/E33 -> 0.05983445 | F30: =F24/F33 -> 0.066873797 | G30: =G24/G33 -> 0.05983445
A31: Particulates (g/MJ) | B31: =B25/B33 -> 0.059383932 | C31: =C25/C33 -> 0.053132992 | D31: =D25/D33 -> 0.059383932 | E31: =E25/E33 -> 0.053132992 | F31: =F25/F33 -> 0.059383932 | G31: =G25/G33 -> 0.053132992
A32: SO2 emission (g/MJ) | B32: =B26/B33 -> 0.49180328 | C32: =C26/C33 -> 0.49180328 | D32: =D26/D33 -> 0.49180328 | E32: =E26/E33 -> 0.49180328 | F32: =F26/F33 -> 0.49180328 | G32: =G26/G33 -> 0.49180328
A33: Calorific value (MJ/kg fuel) | B33: =IF(B4=4,B35*B46/100+B34*B45/100,IF(B4=3,B35,B34)) -> 42.7 | C33: =IF(C4=4,C35*B46/100+B45/100*C34,IF(C4=3,C35,C34)) -> 42.7 | D33: =IF(D4=4,D35*B46/100+D34*B45/100,IF(D4=3,D35,D34)) -> 42.7 | E33: =IF(E4=4,E35*B46/100+B45/100*E34,IF(E4=3,E35,E34)) -> 42.7 | F33: =IF(F4=4,F35*B46/100+F34*B45/100,IF(F4=3,F35,F34)) -> 42.7 | G33: =IF(G4=4,G35*B46/100+B45/100*G34,IF(G4=3,G35,G34)) -> 42.7
A34: Calorific value (MJ/kg oil) | B34: =IF(B4=1,40.5,42.7) -> 42.7 | C34: =IF(C4=1,40.5,42.7) -> 42.7 | D34: =IF(D4=1,40.5,42.7) -> 42.7 | E34: =IF(E4=1,40.5,42.7) -> 42.7 | F34: =IF(F4=1,40.5,42.7) -> 42.7 | G34: =IF(G4=1,40.5,42.7) -> 42.7
A35: Calorific value (MJ/kg LNG) | B35: 50 | C35: 50 | D35: 50 | E35: 50 | F35: 50 | G35: 50
A36: SFOC change due to engine type (pct.) derated versus normal engine | B36: =IF(B2=1,-B3*4,0) -> 0 | C36: 0 | D36: =IF(D2=1,-D3*4,0) -> 0 | E36: 0 | F36: =IF(F2=1,-F3*4,0) -> 0 | G36: 0
A37: Extra energy demand due to scrubber (pct.) | B37: =IF(B11=1,3,0) -> 0 | C37: =B37 -> 0 | D37: =IF(D11=1,3,0) -> 0 | E37: =D37 -> 0 | F37: =IF(F11=1,3,0) -> 0 | G37: =F37 -> 0
A38: Extra energy demand due to NOx reducing EGR technology (pct.) | B38: =IF(OR(B7=1,B8=2,B8=3),0,IF(B8=1,(IF(B7=2,IF(B6=0,2,0.5),IF(B7=3,IF(B6=0,3,1.3)))))) -> 3 | C38: =B38 -> 3 | D38: =IF(OR(D7=1,D8=2,D8=3),0,IF(D8=1,(IF(D7=2,IF(D6=0,2,0.5),IF(D7=3,IF(D6=0,3,1.3)))))) -> 3 | E38: =D38 -> 3 | F38: =IF(OR(F7=1,F8=2,F8=3),0,IF(F8=1,(IF(F7=2,IF(F6=0,2,0.5),IF(F7=3,IF(F6=0,3,1.3)))))) -> 3 | G38: =F38 -> 3
A39: Total change of SFOC (pct.) | B39: =SUM(B36:B38) -> 3 | C39: =SUM(C36:C38) -> 3 | D39: =SUM(D36:D38) -> 3 | E39: =SUM(E36:E38) -> 3 | F39: =SUM(F36:F38) -> 3 | G39: =SUM(G36:G38) -> 3
A40: NOx reduction compared to Tier 1 (pct.) | B40: =IF(B7=1,0,IF(B7=2,20,IF(B7=3,80))) -> 80 | C40: =IF(C7=1,0,IF(C7=2,20,IF(C7=3,80))) -> 80 | D40: =IF(D7=1,0,IF(D7=2,20,IF(D7=3,80))) -> 80 | E40: =IF(E7=1,0,IF(E7=2,20,IF(E7=3,80))) -> 80 | F40: =IF(F7=1,0,IF(F7=2,20,IF(F7=3,80))) -> 80 | G40: =IF(G7=1,0,IF(G7=2,20,IF(G7=3,80))) -> 80
A41: Particulate reduction (pct.) | B41: =IF(AND(B4<3,B11=1),55,0) -> 0 | C41: =IF(AND(B4<3,C11=1),55,0) -> 0 | D41: =IF(AND(D4<3,D11=1),55,0) -> 0 | E41: =IF(AND(D4<3,E11=1),55,0) -> 0 | F41: =IF(AND(F4<3,F11=1),55,0) -> 0 | G41: =IF(AND(F4<3,G11=1),55,0) -> 0
A42: SO2 reduction (pct.) | B42: =IF(AND(B4<3,B11=1),98,IF(AND(B4=3,B2=1),92,IF(AND(B4=3,B2=2),100,0))) -> 0 | C42: =IF(AND(C4<3,C11=1),98,IF(AND(C4=3,C2=1),92,IF(AND(C4=3,C2=2),100,0))) -> 0 | D42: =IF(AND(D4<3,D11=1),98,IF(AND(D4=3,D2=1),92,IF(AND(D4=3,D2=2),100,0))) -> 0 | E42: =IF(AND(E4<3,E11=1),98,IF(AND(E4=3,E2=1),92,IF(AND(E4=3,E2=2),100,0))) -> 0 | F42: =IF(AND(F4<3,F11=1),98,IF(AND(F4=3,F2=1),92,IF(AND(F4=3,F2=2),100,0))) -> 0 | G42: =IF(AND(G4<3,G11=1),98,IF(AND(G4=3,G2=1),92,IF(AND(G4=3,G2=2),100,0))) -> 0
A43: Engine efficiency | B43: =1/B13/B33*3.6 -> 0.48149134 | C43: =1/C13/C33*3.6 -> 0.43080804 | D43: =1/D13/D33*3.6 -> 0.48149134 | E43: =1/E13/E33*3.6 -> 0.43080804 | F43: =1/F13/F33*3.6 -> 0.48149134 | G43: =1/G13/G33*3.6 -> 0.43080804
A44: Dual fuel
A45: Diesel oil (pilot fuel) in pct. | B45: 6
A46: Gas in pct. | B46: 94

Sheet Emissions in harbor
A1: Emissions and energy demand in harbor (Container ship)
C2: Default | D2: Alternative 1 | E2: Alternative 2
A3: Maximum number of containers | B3: TEU | C3: ='SHIP DATA'!C2 -> 18000 | D3: ='SHIP DATA'!D2 -> 18000 | E3: ='SHIP DATA'!E2 -> 18000
A4: Capacity utilization (100 % ~ design condition) | B4: % | C4: ='SHIP DATA'!C72 -> 88.408683 | D4: ='SHIP DATA'!D72 -> 88.408683 | E4: ='SHIP DATA'!E72 -> 88.408683
A5: Utilized number of containers | B5: TEU | C5: ='SHIP DATA'!C72*'SHIP DATA'!C2/100 -> 15913.563 | D5: ='SHIP DATA'!D72*'SHIP DATA'!D2/100 -> 15913.563 | E5: ='SHIP DATA'!E72*'SHIP DATA'!E2/100 -> 15913.563
A6: Deadweight (cargo + consumerables + ballast water etc.) | B6: tons | C6: ='SHIP DATA'!C73 -> 141120 | D6: ='SHIP DATA'!D73 -> 141120 | E6: ='SHIP DATA'!E73 -> 141120
A7: Deadwight per container | B7: dwt/TEU | C7: =C6/C5 -> 8.8679072 | D7: =D6/D5 -> 8.8679072 | E7: =E6/E5 -> 8.8679072
A8: Draught | B8: m | C8: ='SHIP DATA'!C77 -> 13.280646 | D8: ='SHIP DATA'!D77 -> 13.280646 | E8: ='SHIP DATA'!E77 -> 13.280646
A10: Auxiliary power in harbor | B10: kW | C10: ='SHIP DATA'!$C$49 -> 6980.679 | D10: ='SHIP DATA'!$D$49 -> 6980.679 | E10: ='SHIP DATA'!$E$49 -> 6980.679
A11: Energy demand per hour | B11: GJ/hour | C11: ='SHIP DATA'!C86*'Emission factors'!C33 -> 58.333276 | D11: ='SHIP DATA'!D86*'Emission factors'!E33 -> 58.333276 | E11: ='SHIP DATA'!E85*'Emission factors'!G33 -> 18.690726
A12: Oil consumption per hour | B12: t/hour | C12: ='SHIP DATA'!C86 -> 1.3661189 | D12: ='SHIP DATA'!D86 -> 1.3661189 | E12: ='SHIP DATA'!E86 -> 1.3661189
A13: CO2 emissions per hour | B13: t/hour | C13: ='SHIP DATA'!C86*'Emission factors'!D21/1000 -> 4.3797771 | D13: ='SHIP DATA'!D86*'Emission factors'!E21/1000 -> 4.3797771 | E13: ='SHIP DATA'!E86*'Emission factors'!G21/1000 -> 4.3797771
A14: NOx emissions per hour | B14: kg/hour | C14: ='SHIP DATA'!C86*'Emission factors'!C22 -> 16.75363 | D14: ='SHIP DATA'!D86*'Emission factors'!E22 -> 16.75363 | E14: ='SHIP DATA'!E86*'Emission factors'!G22 -> 16.75363
A15: SOx emissions per hour | B15: kg/hour | C15: ='SHIP DATA'!C86*'Emission factors'!C26 -> 28.688497 | D15: ='SHIP DATA'!D86*'Emission factors'!E26 -> 28.688497 | E15: ='SHIP DATA'!E86*'Emission factors'!G26 -> 28.688497
A16: CO emissions per hour | B16: kg/hour | C16: ='SHIP DATA'!C86*'Emission factors'!C23 -> 3.4903395 | D16: ='SHIP DATA'!D86*'Emission factors'!E23 -> 3.4903395 | E16: ='SHIP DATA'!E86*'Emission factors'!G23 -> 3.4903395
A17: HC emissions per hour | B17: kg/hour | C17: ='SHIP DATA'!C86*'Emission factors'!C24 -> 3.4903395 | D17: ='SHIP DATA'!D86*'Emission factors'!E24 -> 3.4903395 | E17: ='SHIP DATA'!E86*'Emission factors'!G24 -> 3.4903395
A18: Particulate emissions per hour | B18: kg/hour | C18: ='SHIP DATA'!C86*'Emission factors'!$C25 -> 3.0994215 | D18: ='SHIP DATA'!D86*'Emission factors'!$E25 -> 3.0994215 | E18: ='SHIP DATA'!E86*'Emission factors'!$G25 -> 3.0994215

Sheet Emissions-TEU
A1: Emissions and energy demand (Container ship) | K1: Road | L1: Road | N1: Road | O1: Road
C2: Default | D2: Alternative 1 | E2: Alternative 2 | G2: Emissions and energy demand (Truck) | K2: km | L2: nm | N2: km | O2: nm
A3: Capacity utilization (100 % ~ design condition) | B3: % | C3: ='SHIP DATA'!C72 -> 88.408683 | D3: ='SHIP DATA'!D72 -> 88.408683 | E3: ='SHIP DATA'!E72 -> 88.408683 | G3: EURO NORM 2, 3, 4, 5 or 6 | H3: (-) | I3: 5 | K3: 1207 | L3: =K3/1.852 -> 651.72786 | N3: 179 | O3: =N3/1.852 -> 96.652268
A4: Utilized number of containers | B4: TEU | C4: ='SHIP DATA'!C72*'SHIP DATA'!C2/100 -> 15913.563 | D4: ='SHIP DATA'!D72*'SHIP DATA'!D2/100 -> 15913.563 | E4: ='SHIP DATA'!E72*'SHIP DATA'!E2/100 -> 15913.563 | G4: TEU per truck | H4: (-) | I4: ='Truck data'!D23 -> 2
A5: Deadweight (cargo + consumerables + ballast water etc.) | B5: tons | C5: ='SHIP DATA'!C73 -> 141120 | D5: ='SHIP DATA'!D73 -> 141120 | E5: ='SHIP DATA'!E73 -> 141120 | G5: Average weight of a container | H5: (tons/TEU) | I5: ='Truck data'!D24 -> 10
A6: Deadwight per container | B6: dwt/TEU | C6: =C5/C4 -> 8.8679072 | D6: =D5/D4 -> 8.8679072 | E6: =E5/E4 -> 8.8679072 | G6: Length of truck - total | H6: m | I6: ='Truck data'!D25 -> 16
A7: Draught | B7: m | C7: ='SHIP DATA'!C77 -> 13.280646 | D7: ='SHIP DATA'!D77 -> 13.280646 | E7: ='SHIP DATA'!E77 -> 13.280646 | G7: Weight of truck load | H7: (tons/truck) | I7: =I4*I5 -> 20
A8: Ship speed | B8: knots | C8: ='SHIP DATA'!C79 -> 25.7 | D8: ='SHIP DATA'!D79 -> 18.5 | E8: ='SHIP DATA'!E79 -> 18.5
A10: Energy demand
A11: Energy demand per hour | B11: GJ/hour | C11: ='SHIP DATA'!C85*'Emission factors'!C33+'SHIP DATA'!C87*'Emission factors'!B33 -> 549.85744 | D11: ='SHIP DATA'!D85*'Emission factors'!E33+'SHIP DATA'!D87*'Emission factors'!D33 -> 204.26216 | E11: ='SHIP DATA'!E85*'Emission factors'!G33+'SHIP DATA'!E87*'Emission factors'!F33 -> 268.07378 | G11: Energy consumption per TEU per naitical mile | H11: (MJ/TEU/nm) | I11: =1.852*(7.5+0.27*I7-0.001*I7^2)/I4 -> 11.575
A12: Energy demand per nautical mile | B12: GJ/nm | C12: =C11/C8 -> 21.395231 | D12: =D11/D8 -> 11.041198 | E12: =E11/E8 -> 14.490475 | G12: Energy consumption per ton cargo per naitical mile | H12: (MJ/t/nm) | I12: =I11/I5 -> 1.1575
A13: Energy demand per TEU per nautical mile | B13: MJ/TEU/nm | C13: =C12*1000/C4 -> 1.3444652 | D13: =D12*1000/D4 -> 0.6938231 | E13: =E12*1000/E4 -> 0.91057387 | G13: Energy consumption per lanemeter per nautical mile | H13: (MJ/lm/nm) | I13: =I11*I4/I6 -> 1.446875
A15: Oil consumption
A16: Oil consumption per hour | B16: t/hour | C16: ='SHIP DATA'!C88 -> 12.877224 | D16: ='SHIP DATA'!D88 -> 4.783657 | E16: ='SHIP DATA'!E88 -> 6.2780745 | G16: Oil consumption per TEU per nautical mile | H16: (g/TEU/nm) | I16: ='Truck data'!D32*1.852 -> 270.44393
A17: Oil consumption demand per nautical mile | B17: kg/nm | C17: =C16*1000/C8 -> 501.05928 | D17: =D16*1000/D8 -> 258.57606 | E17: =E16*1000/E8 -> 339.35538 | G17: Oil consumption per ton cargo per nautical mile | H17: (g/t/nm) | I17: =I16/I5 -> 27.044393
A18: Oil consumption per TEU per nautical mile | B18: g/TEU/nm | C18: =C17*1000/C4 -> 31.486304 | D18: =D17*1000/D4 -> 16.248785 | E18: =E17*1000/E4 -> 21.324915 | G18: Oil consumption per lanemeter per nautical mile | H18: (g/lm/nm) | I18: =I16*I4/I6 -> 33.805491
A20: CO2 emissions
A21: CO2 emissions per hour | B21: t/hour | C21: =('SHIP DATA'!C85*'Emission factors'!C21+'SHIP DATA'!C87*'Emission factors'!B21)/1000 -> 41.284379 | D21: =('SHIP DATA'!D85*'Emission factors'!E21+'SHIP DATA'!D87*'Emission factors'!D21)/1000 -> 15.336404 | E21: =('SHIP DATA'!E85*'Emission factors'!G21+'SHIP DATA'!E87*'Emission factors'!F21)/1000 -> 20.127507 | G21: CO2 emissions per TEU per nautical mile | H21: (g/TEU/nm) | I21: ='Truck data'!D35*1.852 -> 867.04322 | L21: =L3*I21/1000 -> 565.07623 | O21: =N3*I21/1000 -> 155.20074
A22: CO2 emissions per nautical mile | B22: kg/nm | C22: =C21*1000/C8 -> 1606.3961 | D22: =D21*1000/D8 -> 828.99484 | E22: =E21*1000/E8 -> 1087.9733 | G22: CO2 emissions per ton cargo per nautical mile | H22: (g/t/nm) | I22: =I21/I5 -> 86.704322
A23: CO2 emissions per TEU per nautical mile | B23: g/TEU/nm | C23: =C22*1000/C4 -> 100.94509 | D23: =D22*1000/D4 -> 52.093603 | E23: =E22*1000/E4 -> 68.367677 | G23: CO2 emissions per lanemeter per nautical mile | H23: (g/lm/nm) | I23: =I21*I4/I6 -> 108.3804
A25: NOx emissions
A26: NOx emissions per hour | B26: kg/hour | C26: ='SHIP DATA'!C85*'Emission factors'!C22+'SHIP DATA'!C87*'Emission factors'!B22 -> 246.34882 | D26: ='SHIP DATA'!D85*'Emission factors'!E22+'SHIP DATA'!D87*'Emission factors'!D22 -> 90.257242 | E26: ='SHIP DATA'!E85*'Emission factors'!G22+'SHIP DATA'!E87*'Emission factors'!F22 -> 118.77298 | G26: NOx emissions per TEU per naitical mile | H26: (g/TEU/nm) | I26: ='Truck data'!D38*1.852 -> 2.7044393
A27: NOx emissions per nautical mile | B27: kg/nm | C27: =C26/C8 -> 9.5855572 | D27: =D26/D8 -> 4.8787699 | E27: =E26/E8 -> 6.4201611 | G27: NOx emissions per ton cargo per naitical mile | H27: (g/t/nm) | I27: =I26/I5 -> 0.27044393
A28: NOx emissions per TEU per nautical mile | B28: g/TEU/nm | C28: =C27*1000/C4 -> 0.60235141 | D28: =D27*1000/D4 -> 0.30657935 | E28: =E27*1000/E4 -> 0.40343958 | G28: NOx emissions per lanemeter per nautical mile | H28: (g/lm/nm) | I28: =I26*I4/I6 -> 0.33805491
A30: SOx emissions
A31: SOx emissions per hour | B31: kg/hour | C31: ='SHIP DATA'!C85*'Emission factors'!C26+'SHIP DATA'!C87*'Emission factors'!B26 -> 270.42169 | D31: ='SHIP DATA'!D85*'Emission factors'!E26+'SHIP DATA'!D87*'Emission factors'!D26 -> 100.4568 | E31: ='SHIP DATA'!E85*'Emission factors'!G26+'SHIP DATA'!E87*'Emission factors'!F26 -> 131.83956 | G31: SOx emissions per TEU per nautical mile | H31: (g/TEU/km) | I31: ='Truck data'!D47*1.852 -> 0.0054088785
A32: SOx emissions per nautical mile | B32: kg/nm | C32: =C31/C8 -> 10.522245 | D32: =D31/D8 -> 5.4300972 | E32: =E31/E8 -> 7.1264629 | G32: SOx emissions per ton cargo per nautical mile | H32: (g/t/km) | I32: =I31/I5 -> 0.00054088785
A33: SOx emissions per TEU per nautical mile | B33: g/TEU/nm | C33: =C32*1000/C4 -> 0.66121238 | D33: =D32*1000/D4 -> 0.34122447 | E33: =E32*1000/E4 -> 0.44782321 | G33: SOx emissions per lanemeter per nautical mile | H33: (g/lm/nm) | I33: =I31*I4/I6 -> 0.00067610981
A35: CO emissions
A36: CO emissions per hour | B36: kg/hour | C36: ='SHIP DATA'!C85*'Emission factors'!C23+'SHIP DATA'!C87*'Emission factors'!B23 -> 26.026905 | D36: ='SHIP DATA'!D85*'Emission factors'!E23+'SHIP DATA'!D87*'Emission factors'!D23 -> 9.7662287 | E36: ='SHIP DATA'!E85*'Emission factors'!G23+'SHIP DATA'!E87*'Emission factors'!F23 -> 12.792384 | G36: CO emissions per TEU per nautical mile | H36: (g/TEU/nm) | I36: ='Truck data'!D44*1.852 -> 0.13522196
A37: CO emissions per nautical mile | B37: kg/nm | C37: =C36/C8 -> 1.01272 | D37: =D36/D8 -> 0.52790425 | E37: =E36/E8 -> 0.69148019 | G37: CO emissions per ton cargo per nautical mile | H37: (g/t/nm) | I37: =I36/I5 -> 0.013522196
A38: CO emissions per TEU per nautical mile | B38: g/TEU/nm | C38: =C37*1000/C4 -> 0.063638799 | D38: =D37*1000/D4 -> 0.033173228 | E38: =E37*1000/E4 -> 0.043452255 | G38: CO emissions per lanemeter per nautical mile | H38: (g/lm/nm) | I38: =I36*I4/I6 -> 0.016902745
A40: HC emissions
A41: HC emissions per hour | B41: kg/hour | C41: ='SHIP DATA'!C85*'Emission factors'!C24+'SHIP DATA'!C87*'Emission factors'!B24 -> 36.61583 | D41: ='SHIP DATA'!D85*'Emission factors'!E24+'SHIP DATA'!D87*'Emission factors'!D24 -> 13.549311 | E41: ='SHIP DATA'!E85*'Emission factors'!G24+'SHIP DATA'!E87*'Emission factors'!F24 -> 17.795541 | G41: HC emissions per TEU per nautical mile | H41: (g/TEU/nm) | I41: ='Truck data'!D41*1.852 -> 0.020283294
A42: HC emissions per nautical mile | B42: kg/nm | C42: =C41/C8 -> 1.4247405 | D42: =D41/D8 -> 0.73239519 | E42: =E41/E8 -> 0.96192114 | G42: HC emissions per ton cargo per nautical mile | H42: (g/t/nm) | I42: =I41/I5 -> 0.0020283294
A43: HC emissions per TEU per nautical mile | B43: g/TEU/nm | C43: =C42*1000/C4 -> 0.089529948 | D43: =D42*1000/D4 -> 0.046023332 | E43: =E42*1000/E4 -> 0.060446623 | G43: HC emissions per lanemeter per naitical mile | H43: (g/lm/nm) | I43: =I41*I4/I6 -> 0.0025354118
A45: Particulate emissions
A46: Particulate emissions per hour | B46: kg/hour | C46: ='SHIP DATA'!C85*'Emission factors'!$C25+'SHIP DATA'!C87*'Emission factors'!B25 -> 32.514857 | D46: ='SHIP DATA'!D85*'Emission factors'!$E25+'SHIP DATA'!D87*'Emission factors'!D25 -> 12.031788 | E46: ='SHIP DATA'!E85*'Emission factors'!$G25+'SHIP DATA'!E87*'Emission factors'!F25 -> 15.80244 | G46: Particulate emissions per TEU per nautical mile | H46: (g/TEU/nm) | I46: ='Truck data'!D50*1.852 -> 0.027044393
A47: Particalate emissions per nautical mile | B47: kg/nm | C47: =C46/C8 -> 1.2651695 | D47: =D46/D8 -> 0.65036693 | E47: =E46/E8 -> 0.85418597 | G47: Particulate emissions per ton cargo per nautical mile | H47: (g/t/nm) | I47: =I46/I5 -> 0.0027044393
A48: Particulate emissions per TEU per nautical mile | B48: g/TEU/nm | C48: =C47*1000/C4 -> 0.079502594 | D48: =D47*1000/D4 -> 0.040868719 | E48: =E47*1000/E4 -> 0.053676601 | G48: Particulate emissions per lanemeter per nautical mile | H48: (g/lm/nm) | I48: =I46*I4/I6 -> 0.0033805491

Sheet Emissions-ton
A1: Emissions and energy demand | C1: ='SHIP DATA'!C2 -> 18000 | D1: TEU
A2: Condition data
A3: Capacity utilization (100 % ~ design condition) | B3: % | C3: ='SHIP DATA'!C72 -> 88.408683 | D3: ='SHIP DATA'!D72 -> 88.408683 | E3: ='SHIP DATA'!E72 -> 88.408683
A4: Deadweight (cargo + consumerables + ballast water etc.) | B4: tons | C4: ='SHIP DATA'!C73 -> 141120 | D4: ='SHIP DATA'!D73 -> 141120 | E4: ='SHIP DATA'!E73 -> 141120
A5: Payload i.e. cargo only | B5: tons | C5: ='SHIP DATA'!C74 -> 134136.9 | D5: ='SHIP DATA'!D74 -> 134136.9 | E5: ='SHIP DATA'!E74 -> 134136.9
A6: Deadweight/TEU | B6: dwt/TEU | C6: =C4/'Emissions-TEU'!C4 -> 8.8679072 | D6: =D4/'Emissions-TEU'!D4 -> 8.8679072 | E6: =E4/'Emissions-TEU'!E4 -> 8.8679072
A7: Payload/TEU | B7: t/TEU | C7: =C5/'Emissions-TEU'!C4 -> 8.429093 | D7: =D5/'Emissions-TEU'!D4 -> 8.429093 | E7: =E5/'Emissions-TEU'!E4 -> 8.429093
A8: Draught | B8: m | C8: ='SHIP DATA'!C77 -> 13.280646 | D8: ='SHIP DATA'!D77 -> 13.280646 | E8: ='SHIP DATA'!E77 -> 13.280646
A9: Ship speed | B9: knots | C9: ='SHIP DATA'!C79 -> 25.7 | D9: ='SHIP DATA'!D79 -> 18.5 | E9: ='SHIP DATA'!E79 -> 18.5
A10: Speed dependency exponent N (Power = constant VN) | C10: ='SHIP DATA'!C81 -> 3.5098067 | D10: ='SHIP DATA'!D81 -> 2.9567346 | E10: ='SHIP DATA'!E81 -> 2.8045177
A12: Energy demand
A13: Energy demand per hour | B13: GJ/hour | C13: ='SHIP DATA'!C85*'Emission factors'!C33+'SHIP DATA'!C87*'Emission factors'!B33 -> 549.85744 | D13: ='SHIP DATA'!D85*'Emission factors'!E33+'SHIP DATA'!D87*'Emission factors'!D33 -> 204.26216 | E13: ='SHIP DATA'!E85*'Emission factors'!G33+'SHIP DATA'!E87*'Emission factors'!F33 -> 268.07378
A14: Energy demand per nautiacal mile | B14: GJ/nm | C14: =C13/C9 -> 21.395231 | D14: =D13/D9 -> 11.041198 | E14: =E13/E9 -> 14.490475
A15: Energy demand per ton payload per nautical mile | B15: MJ/t/nm | C15: =C16*C4/C5 -> 0.15950295 | D15: =D16*D4/D5 -> 0.082312901 | E15: =E16*E4/E5 -> 0.1080275
A16: Energy demand per ton deadweight per nautical mile | B16: MJ/dwt/nm | C16: =C14*1000/C4 -> 0.1516102 | D16: =D14*1000/D4 -> 0.078239779 | E16: =E14*1000/E4 -> 0.10268193
A17: Energy demand per ton payload per km | B17: g/t/km | C17: =C15/1.852 -> 0.086124702 | D17: =D15/1.852 -> 0.044445411 | E17: =E15/1.852 -> 0.058330185 | F17: Useful for comparison with transportation with truck or train
A18: Oil consumption
A19: Oil consumption per hour | B19: t/hour | C19: ='SHIP DATA'!C88 -> 12.877224 | D19: ='SHIP DATA'!D88 -> 4.783657 | E19: ='SHIP DATA'!E88 -> 6.2780745
A20: Oil consumption demand per nautical mile | B20: kg/nm | C20: =C19*1000/C9 -> 501.05928 | D20: =D19*1000/D9 -> 258.57606 | E20: =E19*1000/E9 -> 339.35538
A21: Oil consumption per ton payload per nautical mile | B21: g/t/nm | C21: =C22*C4/C5 -> 3.735432 | D21: =D22*D4/D5 -> 1.9277026 | E21: =E22*E4/E5 -> 2.5299181
A22: Oil consumption per ton deadweight per nautical mile | B22: g/dwt/nm | C22: =C20*1000/C4 -> 3.5505901 | D22: =D20*1000/D4 -> 1.8323133 | E22: =E20*1000/E4 -> 2.4047291
A23: CO2 emissions
A24: CO2 emissions per hour | B24: t/hour | C24: =('SHIP DATA'!C85*'Emission factors'!C21+'SHIP DATA'!C87*'Emission factors'!B21)/1000 -> 41.284379 | D24: =('SHIP DATA'!D85*'Emission factors'!E21+'SHIP DATA'!D87*'Emission factors'!D21)/1000 -> 15.336404 | E24: =('SHIP DATA'!E85*'Emission factors'!G21+'SHIP DATA'!E87*'Emission factors'!F21)/1000 -> 20.127507
A25: CO2 emissions per nautical mile | B25: kg/nm | C25: =C24*1000/C9 -> 1606.3961 | D25: =D24*1000/D9 -> 828.99484 | E25: =E24*1000/E9 -> 1087.9733
A26: CO2 emissions per ton payload per nautical mile | B26: g/t/nm | C26: =C27*C4/C5 -> 11.975795 | D26: =D27*D4/D5 -> 6.1802146 | E26: =E27*E4/E5 -> 8.1109174
A27: CO2 emissions per ton deadweight per nautical mile | B27: g/dwt/nm | C27: =C25*1000/C4 -> 11.383192 | D27: =D25*1000/D4 -> 5.8743965 | E27: =E25*1000/E4 -> 7.7095616
A28: CO2 emissions per ton payload per km | B28: g/t/km | C28: =C26/1.852 -> 6.466412 | D28: =D26/1.852 -> 3.3370489 | E28: =E26/1.852 -> 4.3795451 | F28: Useful for comparison with transportation with truck or train
A29: NOx emissions
A30: NOx emissions per hour | B30: kg/hour | C30: ='SHIP DATA'!C85*'Emission factors'!C22+'SHIP DATA'!C87*'Emission factors'!B22 -> 246.34882 | D30: ='SHIP DATA'!D85*'Emission factors'!E22+'SHIP DATA'!D87*'Emission factors'!D22 -> 90.257242 | E30: ='SHIP DATA'!E85*'Emission factors'!G22+'SHIP DATA'!E87*'Emission factors'!F22 -> 118.77298
A31: NOx emissions per nautical mile | B31: kg/nm | C31: =C30/C9 -> 9.5855572 | D31: =D30/D9 -> 4.8787699 | E31: =E30/E9 -> 6.4201611
A32: NOx emissions per ton payload per nautical mile | B32: g/t/nm | C32: =C33*C4/C5 -> 0.071461 | D32: =D33*D4/D5 -> 0.036371571 | E32: =E33*E4/E5 -> 0.047862751
A33: NOx emissions per ton deadweight per nautical mile | B33: g/dwt/nm | C33: =C31*1000/C4 -> 0.067924867 | D33: =D31*1000/D4 -> 0.034571782 | E33: =E31*1000/E4 -> 0.045494339
A34: SOx emissions
A35: SOx emissions per hour | B35: kg/hour | C35: ='SHIP DATA'!C85*'Emission factors'!C26+'SHIP DATA'!C87*'Emission factors'!B26 -> 270.42169 | D35: ='SHIP DATA'!D85*'Emission factors'!E26+'SHIP DATA'!D87*'Emission factors'!D26 -> 100.4568 | E35: ='SHIP DATA'!E85*'Emission factors'!G26+'SHIP DATA'!E87*'Emission factors'!F26 -> 131.83956
A36: SOx emissions per nautical mile | B36: kg/nm | C36: =C35/C9 -> 10.522245 | D36: =D35/D9 -> 5.4300972 | E36: =E35/E9 -> 7.1264629
A37: SOx emissions per ton payload per nautical mile | B37: g/t/nm | C37: =C38*C4/C5 -> 0.078444073 | D37: =D38*D4/D5 -> 0.040481755 | E37: =E38*E4/E5 -> 0.05312828
A38: SOx emissions per ton deadweight per nautical mile | B38: g/dwt/nm | C38: =C36*1000/C4 -> 0.074562393 | D38: =D36*1000/D4 -> 0.03847858 | E38: =E36*1000/E4 -> 0.050499312
A39: CO emissions
A40: CO emissions per hour | B40: kg/hour | C40: ='SHIP DATA'!C85*'Emission factors'!C23+'SHIP DATA'!C87*'Emission factors'!B23 -> 26.026905 | D40: ='SHIP DATA'!D85*'Emission factors'!E23+'SHIP DATA'!D87*'Emission factors'!D23 -> 9.7662287 | E40: ='SHIP DATA'!E85*'Emission factors'!G23+'SHIP DATA'!E87*'Emission factors'!F23 -> 12.792384
A41: CO emissions per nautical mile | B41: kg/nm | C41: =C40/C9 -> 1.01272 | D41: =D40/D9 -> 0.52790425 | E41: =E40/E9 -> 0.69148019
A42: CO emissions per ton payload per nautical mile | B42: g/t/nm | C42: =C43*C4/C5 -> 0.0075498988 | D42: =D43*D4/D5 -> 0.0039355632 | E42: =E43*E4/E5 -> 0.0051550333
A43: CO emissions per ton deadweight per nautical mile | B43: g/dwt/nm | C43: =C41*1000/C4 -> 0.0071763041 | D43: =D41*1000/D4 -> 0.0037408181 | E43: =E41*1000/E4 -> 0.0048999447
A44: HC emissions
A45: HC emissions per hour | B45: kg/hour | C45: ='SHIP DATA'!C85*'Emission factors'!C24+'SHIP DATA'!C87*'Emission factors'!B24 -> 36.61583 | D45: ='SHIP DATA'!D85*'Emission factors'!E24+'SHIP DATA'!D87*'Emission factors'!D24 -> 13.549311 | E45: ='SHIP DATA'!E85*'Emission factors'!G24+'SHIP DATA'!E87*'Emission factors'!F24 -> 17.795541
A46: HC emissions per nautical mile | B46: kg/nm | C46: =C45/C9 -> 1.4247405 | D46: =D45/D9 -> 0.73239519 | E46: =E45/E9 -> 0.96192114
A47: HC emissions per ton payload per nautical mile | B47: g/t/nm | C47: =C48*C4/C5 -> 0.01062154 | D47: =D48*D4/D5 -> 0.0054600575 | E47: =E48*E4/E5 -> 0.0071711895
A48: HC emissions per ton deadweight per nautical mile | B48: g/dwt/nm | C48: =C46*1000/C4 -> 0.01009595 | D48: =D46*1000/D4 -> 0.0051898752 | E48: =E46*1000/E4 -> 0.0068163346
A49: Particulate emissions
A50: Particulate emissions per hour | B50: kg/hour | C50: ='SHIP DATA'!C85*'Emission factors'!C25+'SHIP DATA'!C87*'Emission factors'!B25 -> 32.514857 | D50: ='SHIP DATA'!D85*'Emission factors'!E25+'SHIP DATA'!D87*'Emission factors'!D25 -> 12.031788 | E50: ='SHIP DATA'!E85*'Emission factors'!G25+'SHIP DATA'!E87*'Emission factors'!F25 -> 15.80244
A51: Particalate emissions per nautical mile | B51: kg/nm | C51: =C50/C9 -> 1.2651695 | D51: =D50/D9 -> 0.65036693 | E51: =E50/E9 -> 0.85418597
A52: Particulate emissions per ton payload per nautical mile | B52: g/t/nm | C52: =C53*C4/C5 -> 0.0094319275 | D52: =D53*D4/D5 -> 0.004848531 | E52: =E53*E4/E5 -> 0.0063680162
A53: Particulate emissions per ton deadweight per nautical mile | B53: g/dwt/nm | C53: =C51*1000/C4 -> 0.0089652037 | D53: =D51*1000/D4 -> 0.0046086092 | E53: =E51*1000/E4 -> 0.0060529051

Sheet WEIGHT
A1: Weight according to Watson and Gilfillan | E1: Default | H1: Alternative 1 | O1: Alternative 2
A3: Main dimensions | H3: Main dimensions | O3: Main dimensions
A4: Length between perpendiculars | B4: m | C4: ='SHIP DATA'!C5 -> 406.13587 | D4: Block coefficient at design draught | G4: =C8/1.025/C4/C5/C7 -> 0.69280226 | H4: Length between perpendiculars | I4: m | J4: ='SHIP DATA'!D5 -> 406.13587 | K4: Block coefficient at design draught | N4: =J8/1.025/J4/J5/J7 -> 0.69280226 | O4: Length between perpendiculars | P4: m | Q4: ='SHIP DATA'!E5 -> 406.13587 | R4: Block coefficient at design draught | U4: =Q8/1.025/Q4/Q5/Q7 -> 0.69280226
A5: Breadth | B5: m | C5: ='SHIP DATA'!C8 -> 55.91 | D5: Block coefficient at upper deck D | G5: =G4+(1-G4)*(C6-C7)/3/C7 -> 0.77977577 | H5: Breadth | I5: m | J5: ='SHIP DATA'!D8 -> 55.91 | K5: Block coefficient at upper deck D | N5: =N4+(1-N4)*(J6-J7)/3/J7 -> 0.77977577 | O5: Breadth | P5: m | Q5: ='SHIP DATA'!E8 -> 55.91 | R5: Block coefficient at upper deck D | U5: =U4+(1-U4)*(Q6-Q7)/3/Q7 -> 0.77977577
A6: Depth to upper deck | B6: m | C6: ='SHIP DATA'!C9 -> 30.2 | D6: Block coefficient at 0,8 x D | G6: =G4+(1-G4)*(0.8*C6-C7)/3/C7 -> 0.74190122 | H6: Depth to upper deck | I6: m | J6: ='SHIP DATA'!D9 -> 30.2 | K6: Block coefficient at 0,8 x D | N6: =N4+(1-N4)*(0.8*J6-J7)/3/J7 -> 0.74190122 | O6: Depth to upper deck | P6: m | Q6: ='SHIP DATA'!E9 -> 30.2 | R6: Block coefficient at 0,8 x D | U6: =U4+(1-U4)*(0.8*Q6-Q7)/3/Q7 -> 0.74190122
A7: Draught | B7: m | C7: ='SHIP DATA'!C11 -> 16.33 | H7: Draught | I7: m | J7: ='SHIP DATA'!D11 -> 16.33 | O7: Draught | P7: m | Q7: ='SHIP DATA'!E11 -> 16.33
A8: Displacement | B8: tons | C8: ='SHIP DATA'!C15+'SHIP DATA'!C17*WEIGHT!C4*WEIGHT!C5*WEIGHT!C6 -> 263317.78 | H8: Displacement | I8: tons | J8: ='SHIP DATA'!D15+'SHIP DATA'!D17*WEIGHT!J4*WEIGHT!J5*WEIGHT!J6 -> 263317.78 | O8: Displacement | P8: tons | Q8: ='SHIP DATA'!E15+'SHIP DATA'!E17*WEIGHT!Q4*WEIGHT!Q5*WEIGHT!Q6 -> 263317.78
A9: Full width erections | B9: Length | C9: Breadth | D9: Height | E9: Area | F9: Volume | G9: L X H | H9: Full width erections | I9: Length | J9: Breadth | K9: Height | L9: Area | M9: Volume | N9: L X H | O9: Full width erections | P9: Length | Q9: Breadth | R9: Height | S9: Area | T9: Volume | U9: L X H
B10: m | C10: m | D10: m | E10: m2 | F10: m3 | G10: m2 | I10: m | J10: m | K10: m | L10: m2 | M10: m3 | N10: m2 | P10: m | Q10: m | R10: m | S10: m2 | T10: m3 | U10: m2
A12: Sum1 | E12: =SUM(E11:E11) -> 0 | F12: =SUM(F11:F11) -> 0 | G12: =SUM(G11:G11) -> 0 | H12: Sum1 | L12: =SUM(L11:L11) -> 0 | M12: =SUM(M11:M11) -> 0 | N12: =SUM(N11:N11) -> 0 | O12: Sum1 | S12: =SUM(S11:S11) -> 0 | T12: =SUM(T11:T11) -> 0 | U12: =SUM(U11:U11) -> 0
A13: Deck houses | B13: Length | C13: Breadth | D13: Height | E13: Area | F13: Volume | G13: L X H | H13: Deck houses | I13: Length | J13: Breadth | K13: Height | L13: Area | M13: Volume | N13: L X H | O13: Deck houses | P13: Length | Q13: Breadth | R13: Height | S13: Area | T13: Volume | U13: L X H
B14: m | C14: m | D14: m | E14: m2 | F14: m3 | G14: m2 | I14: m | J14: m | K14: m | L14: m2 | M14: m3 | N14: m2 | P14: m | Q14: m | R14: m | S14: m2 | T14: m3 | U14: m2
B15: =C4*0.05 -> 20.306794 | C15: =0.9*C5 -> 50.319 | D15: =C6 -> 30.2 | E15: =B15*C15 -> 1021.8175 | F15: =D15*E15 -> 30858.89 | G15: =B15*D15 -> 613.26517 | I15: =J4*0.05 -> 20.306794 | J15: =0.9*J5 -> 50.319 | K15: =J6 -> 30.2 | L15: =I15*J15 -> 1021.8175 | M15: =K15*L15 -> 30858.89 | N15: =I15*K15 -> 613.26517 | P15: =Q4*0.05 -> 20.306794 | Q15: =0.9*Q5 -> 50.319 | R15: =Q6 -> 30.2 | S15: =P15*Q15 -> 1021.8175 | T15: =R15*S15 -> 30858.89 | U15: =P15*R15 -> 613.26517
A16: Sum2 | E16: =SUM(E15:E15) -> 1021.8175 | F16: =SUM(F15:F15) -> 30858.89 | G16: =SUM(G15:G15) -> 613.26517 | H16: Sum2 | L16: =SUM(L15:L15) -> 1021.8175 | M16: =SUM(M15:M15) -> 30858.89 | N16: =SUM(N15:N15) -> 613.26517 | O16: Sum2 | S16: =SUM(S15:S15) -> 1021.8175 | T16: =SUM(T15:T15) -> 30858.89 | U16: =SUM(U15:U15) -> 613.26517
A17: E - steel factor (normal 0.036) | C17: 0.036 | H17: E - steel factor (normal 0.036) | J17: =C17 -> 0.036 | O17: E - steel factor (normal 0.036) | Q17: =C17 -> 0.036
A18: Volumetric outfit weight factor | C18: 0.015 | H18: Volumetric outfit weight factor | J18: 0.015 | O18: Volumetric outfit weight factor | Q18: 0.015
A19: Calculated volumes and weights | H19: Calculated volumes and weights | O19: Calculated volumes and weights
A20: Hull volume | B20: m3 | C20: =G5*C4*C5*C6 -> 534733.66 | D20: = Vs | H20: Hull volume | I20: m3 | J20: =N5*J4*J5*J6 -> 534733.66 | K20: = Vs | O20: Hull volume | P20: m3 | Q20: =U5*Q4*Q5*Q6 -> 534733.66 | R20: = Vs
A21: Volume of erections & houses | B21: m3 | C21: =F12+F16 -> 30858.89 | D21: =Vo | H21: Volume of erections & houses | I21: m3 | J21: =M12+M16 -> 30858.89 | K21: =Vo | O21: Volume of erections & houses | P21: m3 | Q21: =T12+T16 -> 30858.89 | R21: =Vo
A22: Total volume | B22: m3 | C22: =C20+C21 -> 565592.55 | D22: =Vtot | H22: Total volume | I22: m3 | J22: =J20+J21 -> 565592.55 | K22: =Vtot | O22: Total volume | P22: m3 | Q22: =Q20+Q21 -> 565592.55 | R22: =Vtot
A23: Hull Numeral, E | B23: m2 | C23: =C4*(C5+C7)+0.85*C4*(C6-C7)+0.85*G12+0.75*G16 -> 34587.343 | H23: Hull Numeral, E | I23: m2 | J23: =J4*(J5+J7)+0.85*J4*(J6-J7)+0.85*N12+0.75*N16 -> 34587.343 | O23: Hull Numeral, E | P23: m2 | Q23: =Q4*(Q5+Q7)+0.85*Q4*(Q6-Q7)+0.85*U12+0.75*U16 -> 34587.343
A24: Steel weight (Watson) | B24: tons | C24: =C17*C23^1.36*(1+0.5*(G6-0.7)) -> 54731.157 | E24: =C24/C27*100 -> 89.880345 | H24: Steel weight (Watson) | I24: tons | J24: =J17*J23^1.36*(1+0.5*(N6-0.7)) -> 54731.157 | O24: Steel weight (Watson) | P24: tons | Q24: =Q17*Q23^1.36*(1+0.5*(U6-0.7)) -> 54731.157
A25: Machinery weight | B25: tons | C25: =IF('SHIP DATA'!C58=1,1,0.7)*(0.08*'SHIP DATA'!C47-0.00000032*'SHIP DATA'!C47^2) -> 4722.5202 | E25: =C25/C27*100 -> 7.7553951 | H25: Machinery weight | I25: tons | J25: =IF('SHIP DATA'!D58=1,1,0.7)*(0.08*'SHIP DATA'!D47-0.00000032*'SHIP DATA'!D47^2) -> 3852.7152 | O25: Machinery weight | P25: tons | Q25: =IF('SHIP DATA'!E58=1,1,0.7)*(0.08*'SHIP DATA'!E47-0.00000032*'SHIP DATA'!E47^2) -> 4336.5862
A26: Outfit weight | B26: tons | C26: =49*'SHIP DATA'!C2^0.345 -> 1439.6771 | E26: =C26/C27*100 -> 2.3642598 | H26: Outfit weight | I26: tons | J26: =49*'SHIP DATA'!D2^0.345 -> 1439.6771 | O26: Outfit weight | P26: tons | Q26: =49*'SHIP DATA'!D2^0.345 -> 1439.6771
A27: Total weight | B27: tons | C27: =SUM(C24:C26) -> 60893.354 | E27: 100 | H27: Total weight based on detailed calculation | I27: tons | J27: =J25+J26+J66 -> 60023.549 | O27: Total weight | P27: tons | Q27: =Q25+Q26+Q66 -> 60507.42
A28: Light weight | B28: tons | C28: ='SHIP DATA'!C21 -> 61717.78 | D28: =C28/C27 -> 1.0135388 | H28: Light weight | I28: tons | J28: ='SHIP DATA'!D21 -> 61717.78 | K28: =J28/J27 -> 1.0282261 | O28: Light weight | P28: tons | Q28: ='SHIP DATA'!E21 -> 61717.78 | R28: =Q28/Q27 -> 1.0200035
H29: Light weight without power correction | I29: tons | J29: =J8-'SHIP DATA'!D15 -> 61717.78 | K29: =J29/J27 -> 1.0282261 | O29: Light weight without power correction | P29: tons | Q29: =Q8-'SHIP DATA'!E15 -> 61717.78 | R29: =Q29/Q27 -> 1.0200035
H30: Change of steel weight | I30: tons | J30: =J66-C24 -> 0 | O30: Change of steel weight | P30: tons | Q30: =Q66-C24 -> 0
H31: Change of machinery weight | I31: tons | J31: =J25-C25 -> -869.80502 | O31: Change of machinery weight | P31: tons | Q31: =Q25-C25 -> -385.93393
H32: Change of outfit weight | I32: tons | J32: =J26-C26 -> 0 | O32: Change of outfit weight | P32: tons | Q32: =Q26-C26 -> 0
A33: Weight according to Munro-Smith
A34: Main dimensions | C34: Basis ship | H34: Main dimensions | J34: Actual ship | K34: Difference | O34: Main dimensions | Q34: Actual ship | R34: Difference
A35: Length between perpendiculars | B35: m | C35: ='SHIP DATA'!C5 -> 406.13587 | H35: Length between perpendiculars | I35: m | J35: ='SHIP DATA'!D5 -> 406.13587 | K35: =J35-C35 -> 0 | O35: Length between perpendiculars | P35: m | Q35: ='SHIP DATA'!E5 -> 406.13587 | R35: =Q35-C35 -> 0
A36: Breadth | B36: m | C36: ='SHIP DATA'!C8 -> 55.91 | H36: Breadth | I36: m | J36: ='SHIP DATA'!D8 -> 55.91 | K36: =J36-C36 -> 0 | O36: Breadth | P36: m | Q36: ='SHIP DATA'!E8 -> 55.91 | R36: =Q36-C36 -> 0
A37: Depth to upper deck | B37: m | C37: ='SHIP DATA'!C9 -> 30.2 | H37: Depth to upper deck | I37: m | J37: ='SHIP DATA'!D9 -> 30.2 | K37: =J37-C37 -> 0 | O37: Depth to upper deck | P37: m | Q37: ='SHIP DATA'!E9 -> 30.2 | R37: =Q37-C37 -> 0
A38: Draught | B38: m | C38: ='SHIP DATA'!C11 -> 16.33 | H38: Draught | I38: m | J38: ='SHIP DATA'!D11 -> 16.33 | O38: Draught | P38: m | Q38: ='SHIP DATA'!E11 -> 16.33
A39: Displacement | B39: tons | C39: =C8 -> 263317.78 | H39: Displacement | I39: tons | J39: =J8 -> 263317.78 | O39: Displacement | P39: tons | Q39: =Q8 -> 263317.78
A40: Block coefficient at design draught | B40: (-) | C40: =C39/1.025/C35/C36/C38 -> 0.69280226 | H40: Block coefficient at design draught | I40: (-) | J40: =J39/1.025/J35/J36/J38 -> 0.69280226 | O40: Block coefficient at design draught | P40: (-) | Q40: =Q39/1.025/Q35/Q36/Q38 -> 0.69280226
A41: Block coefficient at upper deck D | B41: (-) | C41: =C40+(1-C40)*(C37-C38)/3/C38 -> 0.77977577 | H41: Block coefficient at upper deck D | I41: (-) | J41: =J40+(1-J40)*(J37-J38)/3/J38 -> 0.77977577 | K41: =J41-C41 -> 0 | O41: Block coefficient at upper deck D | P41: (-) | Q41: =Q40+(1-Q40)*(Q37-Q38)/3/Q38 -> 0.77977577 | R41: =Q41-C41 -> 0
A42: Hull volume | B42: m3 | C42: =C41*C35*C36*C37 -> 534733.66 | H42: Hull volume | I42: m3 | J42: =J41*J35*J36*J37 -> 534733.66 | K42: =J42-C42 -> 0 | O42: Hull volume | P42: m3 | Q42: =Q41*Q35*Q36*Q37 -> 534733.66 | R42: =Q42-C42 -> 0
A43: Volume of erections & houses | B43: m3 | C43: =F52+F57 -> 30858.89 | H43: Volume of erections & houses | I43: m3 | J43: =M52+M57 -> 30858.89 | K43: =J43-C43 -> 0 | O43: Volume of erections & houses | P43: m3 | Q43: =T52+T57 -> 30858.89 | R43: =Q43-C43 -> 0
A44: Total volume | B44: m3 | C44: =C42+C43 -> 565592.55 | H44: Total volume | I44: m3 | J44: =J42+J43 -> 565592.55 | K44: =J44-C44 -> 0 | O44: Total volume | P44: m3 | Q44: =Q42+Q43 -> 565592.55 | R44: =Q44-C44 -> 0
A45: Vo/Vtot | B45: (-) | C45: =C43/C44 -> 0.054560283 | H45: Vo/Vtot | I45: (-) | J45: =J43/J42 -> 0.057708897 | O45: Vo/Vtot | P45: (-) | Q45: =Q43/Q42 -> 0.057708897
A46: Appr. steel weight of erections and houses | B46: tons | C46: =C43*0.055 -> 1697.2389 | H46: Appr. steel weight of erections and houses | I46: tons | J46: =0.055*J43 -> 1697.2389 | O46: Appr. steel weight of erections and houses | P46: tons | Q46: =0.055*Q43 -> 1697.2389
A47: Hull steel weight | B47: tons | C47: =C48-C46 -> 53033.918 | H47: Hull steel weight | I47: tons | J47: =C47+J64 -> 53033.918 | O47: Hull steel weight | P47: tons | Q47: =C47+Q64 -> 53033.918
A48: Steel weight | B48: tons | C48: =C24 -> 54731.157 | H48: Steel weight | I48: tons | J48: =J46+J47 -> 54731.157 | O48: Steel weight | P48: tons | Q48: =Q46+Q47 -> 54731.157
A49: Full width erections | B49: Length | C49: Breadth | D49: Height | E49: Area | F49: Volume | H49: Full width erections | I49: Length | J49: Breadth | K49: Height | L49: Area | M49: Volume | O49: Full width erections | P49: Length | Q49: Breadth | R49: Height | S49: Area | T49: Volume
B50: m | C50: m | D50: m | E50: m2 | F50: m3 | I50: m | J50: m | K50: m | L50: m2 | M50: m3 | P50: m | Q50: m | R50: m | S50: m2 | T50: m3
A52: Sum1 | E52: =SUM(E51:E51) -> 0 | F52: =SUM(F51:F51) -> 0 | H52: Sum1 | L52: =SUM(L51:L51) -> 0 | M52: =SUM(M51:M51) -> 0 | O52: Sum1 | S52: =SUM(S51:S51) -> 0 | T52: =SUM(T51:T51) -> 0
A54: Deck houses | B54: Length | C54: Breadth | D54: Height | E54: Area | F54: Volume | H54: Deck houses | I54: Length | J54: Breadth | K54: Height | L54: Area | M54: Volume | O54: Deck houses | P54: Length | Q54: Breadth | R54: Height | S54: Area | T54: Volume
B55: m | C55: m | D55: m | E55: m2 | F55: m3 | I55: m | J55: m | K55: m | L55: m2 | M55: m3 | P55: m | Q55: m | R55: m | S55: m2 | T55: m3
A56: Deck house (standard) | B56: =C35*0.05 -> 20.306794 | C56: =C36*0.9 -> 50.319 | D56: =C37 -> 30.2 | E56: =B56*C56 -> 1021.8175 | F56: =D56*E56 -> 30858.89 | H56: Deck house (standard) | I56: =0.05*J35 -> 20.306794 | J56: =0.9*J36 -> 50.319 | K56: =J37 -> 30.2 | L56: =I56*J56 -> 1021.8175 | M56: =K56*L56 -> 30858.89 | O56: Deck house (standard) | P56: =0.05*Q35 -> 20.306794 | Q56: =0.9*Q36 -> 50.319 | R56: =Q37 -> 30.2 | S56: =P56*Q56 -> 1021.8175 | T56: =R56*S56 -> 30858.89
A57: Sum2 | E57: =SUM(E56:E56) -> 1021.8175 | F57: =SUM(F56:F56) -> 30858.89 | H57: Sum2 | L57: =SUM(L56:L56) -> 1021.8175 | M57: =SUM(M56:M56) -> 30858.89 | O57: Sum2 | S57: =SUM(S56:S56) -> 1021.8175 | T57: =SUM(T56:T56) -> 30858.89
H58: Length correction | I58: tons | J58: =0.85*C47/C35*K35 -> 0 | O58: Length correction | P58: tons | Q58: =0.85*C47/C35*R35 -> 0
H59: Breadth correction | I59: tons | J59: =0.55*C47/C36*K36 -> 0 | O59: Breadth correction | P59: tons | Q59: =0.55*C47/C36*R36 -> 0
H60: Depth correction | I60: tons | J60: =0.3*C47/C37*K37 -> 0 | O60: Depth correction | P60: tons | Q60: =0.3*C47/C37*R37 -> 0
H61: Main dimension corrections | I61: tons | J61: =SUM(J58:J60) -> 0 | O61: Main dimension corrections | P61: tons | Q61: =SUM(Q58:Q60) -> 0
H62: Scantling corrections | I62: tons | J62: =J61/3 -> 0 | O62: Scantling corrections | P62: tons | Q62: =Q61/3 -> 0
H63: Block coefficient correction | I63: tons | J63: =0.5*K41*C47 -> 0 | O63: Block coefficient correction | P63: tons | Q63: =0.5*R41*C47 -> 0
H64: Total steel weight correction | I64: tons | J64: =SUM(J61:J63) -> 0 | O64: Total steel weight correction | P64: tons | Q64: =SUM(Q61:Q63) -> 0
H66: FINAL STEEL WEIGHT | I66: tons | J66: =(J24+J48)/2 -> 54731.157 | O66: FINAL STEEL WEIGHT | P66: tons | Q66: =(Q24+Q48)/2 -> 54731.157
C71: MAN K98 | D71: Power | E71: Weight
D72: 37380 | E72: 1067
D73: 56070 | E73: 1581
D74: 87220 | E74: 2328
D75: 36120 | E75: 1111 | O75: 0 | P75: 0
D76: 54180 | E76: 1618 | O76: 90000 | P76: 2700
D77: 84280 | E77: 2405
C78: MAN K90 | D78: 34320 | E78: 945
D79: 51480 | E79: 1400
D80: 68640 | E80: 1820
D81: 27420 | E81: 991
D82: 41130 | E82: 1415
D83: 54840 | E83: 1826
C84: MAN K80 | D84: 27060 | E84: 800
D85: 40590 | E85: 1130
D86: 25080 | E86: 866
D87: 33440 | E87: 1092
C88: MAN S70 | D88: 16350 | E88: 451
D89: 26160 | E89: 681
D90: 16350 | E90: 495
D91: 26160 | E91: 704
C92: MAN S60 | D92: 11900 | E92: 321
D93: 19040 | E93: 463
D94: 11900 | E94: 324
D95: 19040 | E95: 467
C96: MAN S50 | D96: 8900 | E96: 194
D97: 16020 | E97: 321
D98: 8900 | E98: 186
D99: 16020 | E99: 311
C100: MAN S46 | D100: 6900 | E100: 121
D101: 11040 | E101: 257
C102: MAN S40 | D102: 5675 | E102: 112
D103: 9080 | E103: 163
C104: MAN S35 | D104: 4350 | E104: 81
D105: 6960 | E105: 111
D106: 3700 | E106: 67
D107: 6660 | E107: 106
D108: 8880 | E108: 144
C109: MAN S26 | D109: 2000 | E109: 37
...

Sheet PS1
A1: Speed and power calculation - Version 2012.06.18
A2: Main data | J2: Input
A3: Water density | B3: (t/m^3) | C3: 1.025 | G3: Wake fraction (1 = calc.) | J3: 1 | K3: =IF(J3=1,IF(C17=1,0.7*C71,IF(C16=1,C72,G71)),J3) -> 0.25012993
A4: Length on water line | B4: (m) | C4: ='SHIP DATA'!C6 -> 410.19723 | G4: Thrust deduction (1 = calc.) | J4: 1 | K4: =IF(K15=1,0.25,IF(J4=1,IF(C17=1,E71,IF(C16=1,E72,G72)),J4)) -> 0.16397247
A5: Breadth on water line | B5: (m) | C5: ='SHIP DATA'!C8 -> 55.91 | G5: Hull efficiency (calculated) | K5: =(1-K4)/(1-K3) -> 1.1148965
A6: Mean draught | B6: (m) | C6: ='SHIP DATA'!C10 -> 14.191461 | G6: Transm. efficiency (input) | J6: ='SHIP DATA'!C45/100 -> 0.98
A7: Displacement | B7: (tons) | C7: ='SHIP DATA'!C23 -> 220424.55 | G7: Relative rot. efficiency (input) | J7: =IF(C16=2,1.03,1.01) -> 1.01
A8: Wetted surface, given as input (S) | B8: (m^2) | C8: ='SHIP DATA'!C33 -> 25924.104 | G8: Transition zone:
A9: Wetted surface, calculated if S = 0 | B9: (m^2) | C9: =IF(C8=0,0.995*(C7/C3/C6+1.9*C4*C6),C8) -> 25924.104 | G9: Lower Froude number | J9: 0.32 | K9: =IF(J9>0.32,"Too high"," ")
A10: Midship section coefficient | B10: (-) | C10: ='SHIP DATA'!C29 -> 0.98 | J10: 0.95 | K10: =IF(J10<0.9,"Too low"," ") | M10: Design speed (knots) | P10: ='SHIP DATA'!C35 -> 25.7
A11: Block coefficient | B11: (-) | C11: =C7/C3/C4/C5/C6 -> 0.66073419
A12: Prismatic coefficient | B12: (-) | C12: =C11/C10 -> 0.67421856 | G12: Service allowance (pct.) | K12: ='SHIP DATA'!C39 -> 15
A13: Length-displacement ratio | B13: (-) | C13: =C4/(C7/C3)^(1/3) -> 6.8466904 | G13: Water temperature (degrees Celcius) | K13: 15 | M13: Stack height | O13: =IF('SHIP DATA'!C2<500,2+(500-'SHIP DATA'!C2)/125,IF('SHIP DATA'!C2<9000,7,IF('SHIP DATA'!C2<12000,8,9))) -> 9
A14: Form fore (V : -3, N: 0, U: +3) | B14: (-) | C14: 0 | G14: Bulbous bow (0 = No, 1 = Yes) | K14: 1 | M14: Tiers above cont. | O14: =IF('SHIP DATA'!C2<2500,1.5,2) -> 2
A15: Form aft (V: -3, N: 0, U: +3) | B15: (-) | C15: 0 | G15: Ship type (1 = doub. ender, 2 = conv.) | K15: 2
A16: Normal hull (1) or twin skeg (2) | B16: (-) | C16: ='SHIP DATA'!C51 -> 1 | G16: Propeller type: | M16: Wind coefficent, Cx | O16: ='SHIP DATA'!C42 -> 0.8
A17: Number of propellers (1 - 4) | B17: (-) | C17: ='SHIP DATA'!C50 -> 1 | G17: 1 = conv. - 2 = ducted - 3 = water jet | K17: ='SHIP DATA'!C53 -> 1 | M17: Front area (m2) | O17: =C5*(('SHIP DATA'!C9-C6)+2+O13*2.6+2*O14) -> 2538.7914
A18: Propeller diameter | B18: (m) | C18: ='SHIP DATA'!C52 -> 10.01359 | D18: =C18/C6 -> 0.70560671 | E18: of draught | G18: Improved propeller efficiency (pct.) | K18: ='SHIP DATA'!C46 -> 0 | M18: Wind speed (m/s) | O18: ='SHIP DATA'!C43 -> 0
A19: Number of blades, N | B19: (-) | C19: 4 | G19: Resistance fraction in % - Default = 100 | K19: 100
A20: Resistance and power data
A21: Speed (input) | B21: (knots) | C21: =D21-0.5 -> 21.7 | D21: =E21-0.5 -> 22.2 | E21: =F21-0.5 -> 22.7 | F21: =G21-0.5 -> 23.2 | G21: =H21-0.5 -> 23.7 | H21: =I21-0.5 -> 24.2 | I21: =J21-0.5 -> 24.7 | J21: =K21-0.5 -> 25.2 | K21: =P10 -> 25.7 | L21: =K21+0.5 -> 26.2 | M21: =L21+0.5 -> 26.7 | N21: =M21+0.5 -> 27.2 | O21: =N21+0.5 -> 27.7 | P21: =P22*SQRT(9.81*C4)/0.5144 -> 39.462072
A22: Froude Number | B22: (-) | C22: =C21*0.5144/SQRT(9.81*$C4) -> 0.17596643 | D22: =D21*0.5144/SQRT(9.81*$C4) -> 0.18002096 | E22: =E21*0.5144/SQRT(9.81*$C4) -> 0.18407548 | F22: =F21*0.5144/SQRT(9.81*$C4) -> 0.18813001 | G22: =G21*0.5144/SQRT(9.81*$C4) -> 0.19218454 | H22: =H21*0.5144/SQRT(9.81*$C4) -> 0.19623906 | I22: =I21*0.5144/SQRT(9.81*$C4) -> 0.20029359 | J22: =J21*0.5144/SQRT(9.81*$C4) -> 0.20434811 | ... O22: =O21*0.5144/SQRT(9.81*$C4) -> 0.22462075 | P22: =J9 -> 0.32
A23: Cf x 1000 | B23: (-) | C23: =75/(LOG10(C21*0.5144*$C4*1000000/((43.4233-31.38*$C3)*($K13+20)^(1.72*$C3-2.202)+4.7478-5.779*$C3))-2)^2 -> 1.3033352 | D23: =75/(LOG10(D21*0.5144*$C4*1000000/((43.4233-31.38*$C3)*($K13+20)^(1.72*$C3-2.202)+4.7478-5.779*$C3))-2)^2 -> 1.2999423 | E23: =75/(LOG10(E21*0.5144*$C4*1000000/((43.4233-31.38*$C3)*($K13+20)^(1.72*$C3-2.202)+4.7478-5.779*$C3))-2)^2 -> 1.2966377 | F23: =75/(LOG10(F21*0.5144*$C4*1000000/((43.4233-31.38*$C3)*($K13+20)^(1.72*$C3-2.202)+4.7478-5.779*$C3))-2)^2 -> 1.2934174 | G23: =75/(LOG10(G21*0.5144*$C4*1000000/((43.4233-31.38*$C3)*($K13+20)^(1.72*$C3-2.202)+4.7478-5.779*$C3))-2)^2 -> 1.2902773 | H23: =75/(LOG10(H21*0.5144*$C4*1000000/((43.4233-31.38*$C3)*($K13+20)^(1.72*$C3-2.202)+4.7478-5.779*$C3))-2)^2 -> 1.2872138 | I23: =75/(LOG10(I21*0.5144*$C4*1000000/((43.4233-31.38*$C3)*($K13+20)^(1.72*$C3-2.202)+4.7478-5.779*$C3))-2)^2 -> 1.2842235 | J23: =75/(LOG10(J21*0.5144*$C4*1000000/((43.4233-31.38*$C3)*($K13+20)^(1.72*$C3-2.202)+4.7478-5.779*$C3))-2)^2 -> 1.2813033 | ... P23: =75/(LOG10(P21*0.5144*$C4*1000000/((43.4233-31.38*$C3)*($K13+20)^(1.72*$C3-2.202)+4.7478-5.779*$C3))-2)^2 -> 1.2184718
A24: Cr x 1000 | B24: (-) | C24: =C46 -> 0.69995845 | D24: =D46 -> 0.70915184 | E24: =E46 -> 0.71906587 | F24: =F46 -> 0.72978545 | G24: =G46 -> 0.74140888 | H24: =H46 -> 0.75405037 | I24: =I46 -> 0.76784294 | J24: =J46 -> 0.782942 | ... P24: =P46 -> 3.5507927
A25: Cr-bulbous bow x 1000 | B25: (-) | C25: =$K14*(IF($C16=2,0.52-2.6*C22,MAX(-50,(250*C22-90))/100*C24)) -> -0.32203963 | D25: =$K14*(IF($C16=2,0.52-2.6*D22,MAX(-50,(250*D22-90))/100*D24)) -> -0.31908117 | E25: =$K14*(IF($C16=2,0.52-2.6*E22,MAX(-50,(250*E22-90))/100*E24)) -> -0.31625329 | F25: =$K14*(IF($C16=2,0.52-2.6*F22,MAX(-50,(250*F22-90))/100*F24)) -> -0.31357054 | G25: =$K14*(IF($C16=2,0.52-2.6*G22,MAX(-50,(250*G22-90))/100*G24)) -> -0.31104969 | H25: =$K14*(IF($C16=2,0.52-2.6*H22,MAX(-50,(250*H22-90))/100*H24)) -> -0.30870999 | I25: =$K14*(IF($C16=2,0.52-2.6*I22,MAX(-50,(250*I22-90))/100*I24)) -> -0.3065736 | J25: =$K14*(IF($C16=2,0.52-2.6*J22,MAX(-50,(250*J22-90))/100*J24)) -> -0.30466599 | ... P25: =$K14*(IF($C16=2,0.52-2.6*P22,MAX(-50,(250*P22-90))/100*P24)) -> -0.35507927
A26: Cr-appendage x 1000 (input) | C26: =IF($C17=2,IF($C16=1,0.3,0),0) -> 0 | D26: =IF($C17=2,IF($C16=1,0.3,0),0) -> 0 | E26: =IF($C17=2,IF($C16=1,0.3,0),0) -> 0 | F26: =IF($C17=2,IF($C16=1,0.3,0),0) -> 0 | G26: =IF($C17=2,IF($C16=1,0.3,0),0) -> 0 | H26: =IF($C17=2,IF($C16=1,0.3,0),0) -> 0 | I26: =IF($C17=2,IF($C16=1,0.3,0),0) -> 0 | J26: =IF($C17=2,IF($C16=1,0.3,0),0) -> 0 | ... P26: =IF($C17=2,IF($C16=1,0.3,0),0) -> 0
A27: Air & steering corr. x 1000 (input) | B27: (-) | C27: =MAX(0.28*'SHIP DATA'!C2^(-0.126),0.09) -> 0.09 | D27: =C27 -> 0.09 | E27: =D27 -> 0.09 | F27: =E27 -> 0.09 | G27: =F27 -> 0.09 | H27: =G27 -> 0.09 | I27: =H27 -> 0.09 | J27: =I27 -> 0.09 | K27: =J27 -> 0.09 | ... P27: =O27 -> 0.09
A28: Ca x 1000 | B28: (-) | C28: =0.5*LOG10($C7)-0.1*(LOG10($C7))^2 -> -0.18341272 | D28: =0.5*LOG10($C7)-0.1*(LOG10($C7))^2 -> -0.18341272 | E28: =0.5*LOG10($C7)-0.1*(LOG10($C7))^2 -> -0.18341272 | F28: =0.5*LOG10($C7)-0.1*(LOG10($C7))^2 -> -0.18341272 | G28: =0.5*LOG10($C7)-0.1*(LOG10($C7))^2 -> -0.18341272 | H28: =0.5*LOG10($C7)-0.1*(LOG10($C7))^2 -> -0.18341272 | I28: =0.5*LOG10($C7)-0.1*(LOG10($C7))^2 -> -0.18341272 | J28: =0.5*LOG10($C7)-0.1*(LOG10($C7))^2 -> -0.18341272 | ... P28: =0.5*LOG10($C7)-0.1*(LOG10($C7))^2 -> -0.18341272
A29: Ct x 1000 | B29: (-) | C29: =C23+C24+C25+C26+C27+C28 -> 1.5878413 | D29: =D23+D24+D25+D26+D27+D28 -> 1.5966002 | E29: =E23+E24+E25+E26+E27+E28 -> 1.6060376 | F29: =F23+F24+F25+F26+F27+F28 -> 1.6162195 | G29: =G23+G24+G25+G26+G27+G28 -> 1.6272237 | H29: =H23+H24+H25+H26+H27+H28 -> 1.6391414 | I29: =I23+I24+I25+I26+I27+I28 -> 1.6520801 | J29: =J23+J24+J25+J26+J27+J28 -> 1.6661666 | ... O29: =O23+O24+O25+O26+O27+O28 -> 1.7601546 | P29: =P23+P24+P25+P27+P28 -> 4.3207726 | S29: Dw | T29: 13650 | U29: 27300 | V29: 40380 | W29: 52320 | X29: 63500 | Y29: 85619.231 | Z29: 105743.26 | AA29: 125158.06 | AB29: 145600 | AC29: 168000
A30: Wind resistance in head wind | B30: (kN) | C30: =0.00062*$O17*$O16*((C21*0.5144+$O18)^2-(C21*0.5144)^2) -> 0 | D30: =0.00062*$O17*$O16*((D21*0.5144+$O18)^2-(D21*0.5144)^2) -> 0 | E30: =0.00062*$O17*$O16*((E21*0.5144+$O18)^2-(E21*0.5144)^2) -> 0 | F30: =0.00062*$O17*$O16*((F21*0.5144+$O18)^2-(F21*0.5144)^2) -> 0 | G30: =0.00062*$O17*$O16*((G21*0.5144+$O18)^2-(G21*0.5144)^2) -> 0 | H30: =0.00062*$O17*$O16*((H21*0.5144+$O18)^2-(H21*0.5144)^2) -> 0 | I30: =0.00062*$O17*$O16*((I21*0.5144+$O18)^2-(I21*0.5144)^2) -> 0 | J30: =0.00062*$O17*$O16*((J21*0.5144+$O18)^2-(J21*0.5144)^2) -> 0 | ... O30: =0.00062*$O17*$O16*((O21*0.5144+$O18)^2-(O21*0.5144)^2) -> 0 | Q30: Af (m2) | R30: Af/Al | T30: 0.8188149 | U30: 0.58032704 | V30: 0.4388387 | W30: 0.3226374 | X30: 0.22822672 | Y30: 0.28762919 | Z30: 0.24158043 | AA30: 0.2122077 | AB30: 0.19299836 | AC30: 0.18171787
A31: Wind resistance/total resistance | B31: % | C31: =C30/C32*100 -> 0 | D31: =D30/D32*100 -> 0 | E31: =E30/E32*100 -> 0 | F31: =F30/F32*100 -> 0 | G31: =G30/G32*100 -> 0 | H31: =H30/H32*100 -> 0 | I31: =I30/I32*100 -> 0 | J31: =J30/J32*100 -> 0 | ... O31: =O30/O32*100 -> 0 | Q31: =$C5*((0.88-0.002*$C4)*$C5+('SHIP DATA'!C9-$C6)) -> 1081.3601 | R31: =Q31/(C5*(0.88-0.002*C4)*E5+1*C4*('SHIP DATA'!C9-C6)) -> 0.16467433 | T31: 0.32752596 | U31: 0.23213082 | V31: 0.23213082 | W31: 0.17553548 | X31: 0.091290686 | Y31: 0.11505167 | Z31: 0.09663217 | AA31: 0.084883082 | AB31: 0.077199346 | AC31: 0.072687148
A32: Resistance incl. wind | B32: (kN) | C32: =($C9*$C3*C21^2*0.0001323*C29*$K19/100)+C30 -> 2628.5365 | D32: =($C9*$C3*D21^2*0.0001323*D29*$K19/100)+D30 -> 2766.2383 | E32: =($C9*$C3*E21^2*0.0001323*E29*$K19/100)+E30 -> 2909.3427 | F32: =($C9*$C3*F21^2*0.0001323*F29*$K19/100)+F30 -> 3058.1852 | G32: =($C9*$C3*G21^2*0.0001323*G29*$K19/100)+G30 -> 3213.1531 | H32: =($C9*$C3*H21^2*0.0001323*H29*$K19/100)+H30 -> 3374.6957 | I32: =($C9*$C3*I21^2*0.0001323*I29*$K19/100)+I30 -> 3543.3371 | J32: =($C9*$C3*J21^2*0.0001323*J29*$K19/100)+J30 -> 3719.6918 | ... O32: =($C9*$C3*O21^2*0.0001323*O29*$K19/100)+O30 -> 4747.8591
A33: Total resistance incl. serv. allow. | B33: (kN) | C33: =($C9*$C3*C21^2*0.0001323*C29*$K19/100)*(1+$K12/100)+C30 -> 3022.817 | D33: =($C9*$C3*D21^2*0.0001323*D29*$K19/100)*(1+$K12/100)+D30 -> 3181.1741 | E33: =($C9*$C3*E21^2*0.0001323*E29*$K19/100)*(1+$K12/100)+E30 -> 3345.7441 | F33: =($C9*$C3*F21^2*0.0001323*F29*$K19/100)*(1+$K12/100)+F30 -> 3516.9129 | G33: =($C9*$C3*G21^2*0.0001323*G29*$K19/100)*(1+$K12/100)+G30 -> 3695.126 | H33: =($C9*$C3*H21^2*0.0001323*H29*$K19/100)*(1+$K12/100)+H30 -> 3880.9001 | I33: =($C9*$C3*I21^2*0.0001323*I29*$K19/100)*(1+$K12/100)+I30 -> 4074.8377 | J33: =($C9*$C3*J21^2*0.0001323*J29*$K19/100)*(1+$K12/100)+J30 -> 4277.6455 | ... O33: =($C9*$C3*O21^2*0.0001323*O29*$K19/100)*(1+$K12/100)+O30 -> 5460.038 | P33: =($C9*$C3*P21^2*0.0001323*P29*$K19/100)*(1+$K12/100) -> 27202.353
A34: Effective power | B34: (kW) | C34: =C33*C21*0.5144 -> 33742.134 | D34: =D33*D21*0.5144 -> 36327.99 | E34: =E33*E21*0.5144 -> 39067.852 | F34: =F33*F21*0.5144 -> 41971.12 | G34: =G33*G21*0.5144 -> 45048.316 | H34: =H33*H21*0.5144 -> 48311.307 | I34: =I33*I21*0.5144 -> 51773.584 | J34: =J33*J21*0.5144 -> 55450.606 | ... P34: =P33*P21*0.5144 -> 552188.45
A35: Total propulsion efficiency | B35: (-) | C35: =C39*$J6*IF($K17=3,1,$K5*$J7) -> 0.69795675 | D35: =D39*$J6*IF($K17=3,1,$K5*$J7) -> 0.69722559 | E35: =E39*$J6*IF($K17=3,1,$K5*$J7) -> 0.69644041 | F35: =F39*$J6*IF($K17=3,1,$K5*$J7) -> 0.69559631 | G35: =G39*$J6*IF($K17=3,1,$K5*$J7) -> 0.69468755 | H35: =H39*$J6*IF($K17=3,1,$K5*$J7) -> 0.69370742 | I35: =I39*$J6*IF($K17=3,1,$K5*$J7) -> 0.69264808 | J35: =J39*$J6*IF($K17=3,1,$K5*$J7) -> 0.69150035 | ... P35: =P39*$J6*IF($K17=3,1,$K5*$J7) -> 0.54090082
A36: Propulsion power | B36: (kW) | C36: =C34/C35 -> 48344.163 | D36: =D34/D35 -> 52103.638 | E36: =E34/E35 -> 56096.475 | F36: =F34/F35 -> 60338.331 | G36: =G34/G35 -> 64846.874 | H36: =H34/H35 -> 69642.194 | I36: =I34/I35 -> 74747.315 | J36: =J34/J35 -> 80188.833 | ... P36: =P34/P35 -> 1020868.2
A37: Thrust loading coefficient, Cth | B37: (-) | C37: =2.54648*C33/(1-$K4)/$C17/$C3/(C40*$C18)^2/$J7 -> 1.2659404 | D37: =2.54648*D33/(1-$K4)/$C17/$C3/(D40*$C18)^2/$J7 -> 1.2729237 | E37: =2.54648*E33/(1-$K4)/$C17/$C3/(E40*$C18)^2/$J7 -> 1.2804478 | F37: =2.54648*F33/(1-$K4)/$C17/$C3/(F40*$C18)^2/$J7 -> 1.2885656 | G37: =2.54648*G33/(1-$K4)/$C17/$C3/(G40*$C18)^2/$J7 -> 1.2973389 | H37: =2.54648*H33/(1-$K4)/$C17/$C3/(H40*$C18)^2/$J7 -> 1.3068406 | I37: =2.54648*I33/(1-$K4)/$C17/$C3/(I40*$C18)^2/$J7 -> 1.3171562 | J37: =2.54648*J33/(1-$K4)/$C17/$C3/(J40*$C18)^2/$J7 -> 1.3283869 | ... P37: =2.54648*P33/(1-$K4)/$C17/$C3/(P40*$C18)^2/$J7 -> 3.4448283
A38: Necessary blade area ratio | B38: (-) | C38: =(1.3+0.3*$C19)*C33/(1-$K4)/$C17/(99.6+$C3*9.81*0.65*$C18)/$C18^2+C73 -> 0.74618724 | D38: =(1.3+0.3*$C19)*D33/(1-$K4)/$C17/(99.6+$C3*9.81*0.65*$C18)/$C18^2+D73 -> 0.77480048 | E38: =(1.3+0.3*$C19)*E33/(1-$K4)/$C17/(99.6+$C3*9.81*0.65*$C18)/$C18^2+E73 -> 0.80453633 | F38: =(1.3+0.3*$C19)*F33/(1-$K4)/$C17/(99.6+$C3*9.81*0.65*$C18)/$C18^2+F73 -> 0.83546452 | G38: =(1.3+0.3*$C19)*G33/(1-$K4)/$C17/(99.6+$C3*9.81*0.65*$C18)/$C18^2+G73 -> 0.86766552 | H38: =(1.3+0.3*$C19)*H33/(1-$K4)/$C17/(99.6+$C3*9.81*0.65*$C18)/$C18^2+H73 -> 0.90123268 | I38: =(1.3+0.3*$C19)*I33/(1-$K4)/$C17/(99.6+$C3*9.81*0.65*$C18)/$C18^2+I73 -> 0.93627492 | J38: =(1.3+0.3*$C19)*J33/(1-$K4)/$C17/(99.6+$C3*9.81*0.65*$C18)/$C18^2+J73 -> 0.97291989 | ... P38: =(1.3+0.3*$C19)*P33/(1-$K4)/$C17/(99.6+$C3*9.81*0.65*$C18)/$C18^2+P73 -> 5.1151431
A39: Approximate propeller efficiency | B39: (-) | C39: =(1+$K18/100)*IF($K17=3,1/(1+16.8/C21),IF($K17=1,0.81-0.014*C37,0.00098*C37^3-0.018542*C37^2+0.11195*C37+0.634)/(1+SQRT(1+C37))*2) -> 0.63247957 | D39: =(1+$K18/100)*IF($K17=3,1/(1+16.8/D21),IF($K17=1,0.81-0.014*D37,0.00098*D37^3-0.018542*D37^2+0.11195*D37+0.634)/(1+SQRT(1+D37))*2) -> 0.63181701 | E39: =(1+$K18/100)*IF($K17=3,1/(1+16.8/E21),IF($K17=1,0.81-0.014*E37,0.00098*E37^3-0.018542*E37^2+0.11195*E37+0.634)/(1+SQRT(1+E37))*2) -> 0.63110549 | F39: =(1+$K18/100)*IF($K17=3,1/(1+16.8/F21),IF($K17=1,0.81-0.014*F37,0.00098*F37^3-0.018542*F37^2+0.11195*F37+0.634)/(1+SQRT(1+F37))*2) -> 0.63034058 | G39: =(1+$K18/100)*IF($K17=3,1/(1+16.8/G21),IF($K17=1,0.81-0.014*G37,0.00098*G37^3-0.018542*G37^2+0.11195*G37+0.634)/(1+SQRT(1+G37))*2) -> 0.62951707 | H39: =(1+$K18/100)*IF($K17=3,1/(1+16.8/H21),IF($K17=1,0.81-0.014*H37,0.00098*H37^3-0.018542*H37^2+0.11195*H37+0.634)/(1+SQRT(1+H37))*2) -> 0.62862889 | I39: =(1+$K18/100)*IF($K17=3,1/(1+16.8/I21),IF($K17=1,0.81-0.014*I37,0.00098*I37^3-0.018542*I37^2+0.11195*I37+0.634)/(1+SQRT(1+I37))*2) -> 0.62766892 | J39: =(1+$K18/100)*IF($K17=3,1/(1+16.8/J21),IF($K17=1,0.81-0.014*J37,0.00098*J37^3-0.018542*J37^2+0.11195*J37+0.634)/(1+SQRT(1+J37))*2) -> 0.62662887 | ... P39: =(1+$K18/100)*IF($K17=3,1/(1+16.8/P21),IF($K17=1,0.81-0.014*P37,0.00098*P37^3-0.018542*P37^2+0.11195*P37+0.634)/(1+SQRT(1+P37))*2) -> 0.49015748
A40: Va | B40: (m/s) | C40: =C21*0.5144*(1-$K3) -> 8.3704097 | D40: =D21*0.5144*(1-$K3) -> 8.5632763 | E40: =E21*0.5144*(1-$K3) -> 8.7561429 | F40: =F21*0.5144*(1-$K3) -> 8.9490095 | G40: =G21*0.5144*(1-$K3) -> 9.141876 | H40: =H21*0.5144*(1-$K3) -> 9.3347426 | I40: =I21*0.5144*(1-$K3) -> 9.5276092 | J40: =J21*0.5144*(1-$K3) -> 9.7204758 | ... P40: =P21*0.5144*(1-$K3) -> 15.22183
A41: Vbehind | B41: (m/s) | C41: =C40*SQRT(1+C37) -> 12.600012 | D41: =D40*SQRT(1+D37) -> 12.910183 | E41: =E40*SQRT(1+E37) -> 13.222784 | F41: =F40*SQRT(1+F37) -> 13.538067 | G41: =G40*SQRT(1+G37) -> 13.856319 | H41: =H40*SQRT(1+H37) -> 14.177875 | I41: =I40*SQRT(1+I37) -> 14.503125 | J41: =J40*SQRT(1+J37) -> 14.832525 | ... P41: =P40*SQRT(1+P37) -> 32.091821
A42: Vincrease | B42: (m/s) | C42: =C41-C40 -> 4.2296023 | D42: =D41-D40 -> 4.3469062 | E42: =E41-E40 -> 4.4666412 | F42: =F41-F40 -> 4.5890572 | G42: =G41-G40 -> 4.7144426 | H42: =H41-H40 -> 4.8431322 | I42: =I41-I40 -> 4.9755159 | J42: =J41-J40 -> 5.1120495 | ... P42: =P41-P40 -> 16.869991
A43: Vbehind/Va | B43: (-) | C43: =C41/C40 -> 1.5053041 | D43: =D41/D40 -> 1.5076219 | E43: =E41/E40 -> 1.5101152 | F43: =F41/F40 -> 1.5128006 | G43: =G41/G40 -> 1.5156975 | H43: =H41/H40 -> 1.5188287 | I43: =I41/I40 -> 1.5222208 | J43: =J41/J40 -> 1.5259053 | ... P43: =P41/P40 -> 2.1082761
A44: Disc. flow speed | B44: (m/s) | C44: =C40+0.5*C42 -> 10.485211 | D44: =D40+0.5*D42 -> 10.736729 | E44: =E40+0.5*E42 -> 10.989463 | F44: =F40+0.5*F42 -> 11.243538 | G44: =G40+0.5*G42 -> 11.499097 | H44: =H40+0.5*H42 -> 11.756309 | I44: =I40+0.5*I42 -> 12.015367 | J44: =J40+0.5*J42 -> 12.276501 | ... P44: =P40+0.5*P42 -> 23.656825
A45: Water flow pr. propeller | B45: (m^3/s) | C45: =0.785*$C18^2*C44 -> 825.32773 | D45: =0.785*$C18^2*D44 -> 845.12564 | E45: =0.785*$C18^2*E44 -> 865.01922 | F45: =0.785*$C18^2*F44 -> 885.01832 | G45: =0.785*$C18^2*G44 -> 905.13429 | H45: =0.785*$C18^2*H44 -> 925.3803 | I45: =0.785*$C18^2*I44 -> 945.7717 | J45: =0.785*$C18^2*J44 -> 966.32642 | ... P45: =0.785*$C18^2*P44 -> 1862.1117
A46: Cr summation | B46: (-) | C46: =C53+C55+C57+C61+C62+C63 -> 0.69995845 | D46: =D53+D55+D57+D61+D62+D63 -> 0.70915184 | E46: =E53+E55+E57+E61+E62+E63 -> 0.71906587 | F46: =F53+F55+F57+F61+F62+F63 -> 0.72978545 | G46: =G53+G55+G57+G61+G62+G63 -> 0.74140888 | H46: =H53+H55+H57+H61+H62+H63 -> 0.75405037 | I46: =I53+I55+I57+I61+I62+I63 -> 0.76784294 | J46: =J53+J55+J57+J61+J62+J63 -> 0.782942 | ... P46: =P53+P55+P57+P61+P62+P63 -> 3.5507927
B47: A0= | C47: =1.35-0.23*$C13+0.012*$C13^2 -> 0.33778724 | D47: =1.35-0.23*$C13+0.012*$C13^2 -> 0.33778724 | E47: =1.35-0.23*$C13+0.012*$C13^2 -> 0.33778724 | F47: =1.35-0.23*$C13+0.012*$C13^2 -> 0.33778724 | G47: =1.35-0.23*$C13+0.012*$C13^2 -> 0.33778724 | H47: =1.35-0.23*$C13+0.012*$C13^2 -> 0.33778724 | I47: =1.35-0.23*$C13+0.012*$C13^2 -> 0.33778724 | J47: =1.35-0.23*$C13+0.012*$C13^2 -> 0.33778724 | ... P47: =1.35-0.23*$C13+0.012*$C13^2 -> 0.33778724
B48: A1= | C48: =0.0011*$C13^9.1 -> 44082.576 | D48: =0.0011*$C13^9.1 -> 44082.576 | E48: =0.0011*$C13^9.1 -> 44082.576 | F48: =0.0011*$C13^9.1 -> 44082.576 | G48: =0.0011*$C13^9.1 -> 44082.576 | H48: =0.0011*$C13^9.1 -> 44082.576 | I48: =0.0011*$C13^9.1 -> 44082.576 | J48: =0.0011*$C13^9.1 -> 44082.576 | ... P48: =0.0011*$C13^9.1 -> 44082.576
B49: N1= | C49: =2*$C13-3.7 -> 9.9933808 | D49: =2*$C13-3.7 -> 9.9933808 | E49: =2*$C13-3.7 -> 9.9933808 | F49: =2*$C13-3.7 -> 9.9933808 | G49: =2*$C13-3.7 -> 9.9933808 | H49: =2*$C13-3.7 -> 9.9933808 | I49: =2*$C13-3.7 -> 9.9933808 | J49: =2*$C13-3.7 -> 9.9933808 | ... P49: =2*$C13-3.7 -> 9.9933808
B50: B1= | C50: =7-0.09*$C13^2 -> 2.7810547 | D50: =7-0.09*$C13^2 -> 2.7810547 | E50: =7-0.09*$C13^2 -> 2.7810547 | F50: =7-0.09*$C13^2 -> 2.7810547 | G50: =7-0.09*$C13^2 -> 2.7810547 | H50: =7-0.09*$C13^2 -> 2.7810547 | I50: =7-0.09*$C13^2 -> 2.7810547 | J50: =7-0.09*$C13^2 -> 2.7810547 | ... P50: =7-0.09*$C13^2 -> 2.7810547
B51: B2= | C51: =(5*$C12-2.5)^2 -> 0.75880265 | D51: =(5*$C12-2.5)^2 -> 0.75880265 | E51: =(5*$C12-2.5)^2 -> 0.75880265 | F51: =(5*$C12-2.5)^2 -> 0.75880265 | G51: =(5*$C12-2.5)^2 -> 0.75880265 | H51: =(5*$C12-2.5)^2 -> 0.75880265 | I51: =(5*$C12-2.5)^2 -> 0.75880265 | J51: =(5*$C12-2.5)^2 -> 0.75880265 | ... P51: =(5*$C12-2.5)^2 -> 0.75880265
B52: B3= | C52: =(600*(C22-0.315)^2+1)^1.5 -> 44.715978 | D52: =(600*(D22-0.315)^2+1)^1.5 -> 41.214336 | E52: =(600*(E22-0.315)^2+1)^1.5 -> 37.908551 | F52: =(600*(F22-0.315)^2+1)^1.5 -> 34.792763 | G52: =(600*(G22-0.315)^2+1)^1.5 -> 31.861113 | H52: =(600*(H22-0.315)^2+1)^1.5 -> 29.107746 | I52: =(600*(I22-0.315)^2+1)^1.5 -> 26.526807 | J52: =(600*(J22-0.315)^2+1)^1.5 -> 24.112447 | ... P52: =(600*(P22-0.315)^2+1)^1.5 -> 1.0225842
B53: G= | C53: =C50*C51/C52 -> 0.047192788 | D53: =D50*D51/D52 -> 0.051202371 | E53: =E50*E51/E52 -> 0.055667433 | F53: =F50*F51/F52 -> 0.060652605 | G53: =G50*G51/G52 -> 0.066233458 | H53: =H50*H51/H52 -> 0.07249863 | I53: =I50*I51/I52 -> 0.07955242 | J53: =J50*J51/J52 -> 0.087517941 | ... P53: =P50*P51/P52 -> 2.0636655
C54: =C22-(0.04+0.59*$C12)-0.015*($C13-5) -> -0.28952287 | D54: =D22-(0.04+0.59*$C12)-0.015*($C13-5) -> -0.28546835 | E54: =E22-(0.04+0.59*$C12)-0.015*($C13-5) -> -0.28141382 | F54: =F22-(0.04+0.59*$C12)-0.015*($C13-5) -> -0.27735929 | G54: =G22-(0.04+0.59*$C12)-0.015*($C13-5) -> -0.27330477 | H54: =H22-(0.04+0.59*$C12)-0.015*($C13-5) -> -0.26925024 | I54: =I22-(0.04+0.59*$C12)-0.015*($C13-5) -> -0.26519572 | J54: =J22-(0.04+0.59*$C12)-0.015*($C13-5) -> -0.26114119 | ... P54: =P22-(0.04+0.59*$C12)-0.015*($C13-5) -> -0.14548931
B55: H= | C55: =EXP(80*C54) -> 8.7286104e-11 | D55: =EXP(80*D54) -> 1.207296e-10 | E55: =EXP(80*E54) -> 1.6698691e-10 | F55: =EXP(80*F54) -> 2.3096762e-10 | G55: =EXP(80*G54) -> 3.1946241e-10 | H55: =EXP(80*H54) -> 4.4186381e-10 | I55: =EXP(80*I54) -> 6.1116306e-10 | J55: =EXP(80*J54) -> 8.4532899e-10 | ... P55: =EXP(80*P54) -> 8.8142185e-06
C56: =20*$C12-16 -> -2.5156288 | D56: =20*$C12-16 -> -2.5156288 | E56: =20*$C12-16 -> -2.5156288 | F56: =20*$C12-16 -> -2.5156288 | G56: =20*$C12-16 -> -2.5156288 | H56: =20*$C12-16 -> -2.5156288 | I56: =20*$C12-16 -> -2.5156288 | J56: =20*$C12-16 -> -2.5156288 | ... P56: =20*$C12-16 -> -2.5156288
B57: K= | C57: =180*C22^3.7*EXP(C56) -> 0.023487627 | D57: =180*D22^3.7*EXP(D56) -> 0.025553132 | E57: =180*E22^3.7*EXP(E56) -> 0.027748135 | F57: =180*F22^3.7*EXP(F56) -> 0.030077634 | G57: =180*G22^3.7*EXP(G56) -> 0.032546704 | H57: =180*H22^3.7*EXP(H56) -> 0.035160495 | I57: =180*I22^3.7*EXP(I56) -> 0.037924237 | J57: =180*J22^3.7*EXP(J56) -> 0.040843235 | ... P57: =180*P22^3.7*EXP(P56) -> 0.21468599
C58: =C47+1.5*C22^1.8+C48*C22^(C49) -> 0.40480186 | D58: =D47+1.5*D22^1.8+D48*D22^(D49) -> 0.40787821 | E58: =E47+1.5*E22^1.8+E48*E22^(E49) -> 0.41107742 | F58: =F47+1.5*F22^1.8+F48*F22^(F49) -> 0.41441346 | G58: =G47+1.5*G22^1.8+G48*G22^(G49) -> 0.41790266 | H58: =H47+1.5*H22^1.8+H48*H22^(H49) -> 0.42156403 | I58: =I47+1.5*I22^1.8+I48*I22^(I49) -> 0.42541966 | J58: =J47+1.5*J22^1.8+J48*J22^(J49) -> 0.42949511 | ... P58: =P47+1.5*P22^1.8+P48*P22^(P49) -> 1.0307833
C59: =0.98+2.5/($C13-2)^4 -> 0.98453063 | D59: =0.98+2.5/($C13-2)^4 -> 0.98453063 | E59: =0.98+2.5/($C13-2)^4 -> 0.98453063 | F59: =0.98+2.5/($C13-2)^4 -> 0.98453063 | G59: =0.98+2.5/($C13-2)^4 -> 0.98453063 | H59: =0.98+2.5/($C13-2)^4 -> 0.98453063 | I59: =0.98+2.5/($C13-2)^4 -> 0.98453063 | J59: =0.98+2.5/($C13-2)^4 -> 0.98453063 | ... P59: =0.98+2.5/($C13-2)^4 -> 0.98453063
C60: =($C13-5)^4*(C22-0.1)^4 -> 0.00038731408 | D60: =($C13-5)^4*(D22-0.1)^4 -> 0.00047686051 | E60: =($C13-5)^4*(E22-0.1)^4 -> 0.00058110402 | F60: =($C13-5)^4*(F22-0.1)^4 -> 0.00070157104 | G60: =($C13-5)^4*(G22-0.1)^4 -> 0.00083986343 | H60: =($C13-5)^4*(H22-0.1)^4 -> 0.00099765849 | I60: =($C13-5)^4*(I22-0.1)^4 -> 0.0011767089 | J60: =($C13-5)^4*(J22-0.1)^4 -> 0.0013788429 | ... P60: =($C13-5)^4*(P22-0.1)^4 -> 0.027243763
B61: E= | C61: =C58*C59+C60 -> 0.39892715 | D61: =D58*D59+D60 -> 0.40204545 | E61: =E58*E59+E60 -> 0.40529942 | F61: =F58*F59+F60 -> 0.40870432 | G61: =G58*G59+G60 -> 0.41227783 | H61: =H58*H59+H60 -> 0.41604036 | I61: =I58*I59+I60 -> 0.4200154 | J61: =J58*J59+J60 -> 0.42422993 | ... P61: =P58*P59+P60 -> 1.0420815
B62: B/T-corr | C62: =0.16*($C5/$C6-2.5) -> 0.23035089 | D62: =0.16*($C5/$C6-2.5) -> 0.23035089 | E62: =0.16*($C5/$C6-2.5) -> 0.23035089 | F62: =0.16*($C5/$C6-2.5) -> 0.23035089 | G62: =0.16*($C5/$C6-2.5) -> 0.23035089 | H62: =0.16*($C5/$C6-2.5) -> 0.23035089 | I62: =0.16*($C5/$C6-2.5) -> 0.23035089 | J62: =0.16*($C5/$C6-2.5) -> 0.23035089 | ... P62: =0.16*($C5/$C6-2.5) -> 0.23035089
B63: Formcorr. | C63: =($C15-$C14)/3*0.1 -> 0 | D63: =($C15-$C14)/3*0.1 -> 0 | E63: =($C15-$C14)/3*0.1 -> 0 | F63: =($C15-$C14)/3*0.1 -> 0 | G63: =($C15-$C14)/3*0.1 -> 0 | H63: =($C15-$C14)/3*0.1 -> 0 | I63: =($C15-$C14)/3*0.1 -> 0 | J63: =($C15-$C14)/3*0.1 -> 0 | ... P63: =($C15-$C14)/3*0.1 -> 0
B64: a= | C64: =0.1*C5/C4+0.149 -> 0.16263003 | D64: d= | E64: =0.625*C5/C4+0.08 -> 0.16518768
B65: b= | C65: =0.05*C5/C4+0.449 -> 0.45581501 | D65: e= | E65: =0.165-0.25*C5/C4 -> 0.13092493
B66: c= | C66: =585-5027*C5/C4+11700*(C5/C4)^2 -> 117.17835 | D66: f= | E66: =825-8060*C5/C4+20300*(C5/C4)^2 -> 103.54838
B67: w1= | C67: =C64+C65/(C66*(0.98-C11)^3+1) -> 0.25732847 | D67: t1= | E67: =E64+E65/(E66*(0.98-C11)^3+1) -> 0.19514918
B68: w2= | C68: =0.025*C15/(100*(C11-0.7)^2+1) -> 0 | D68: t2= | E68: =-0.01*C15 -> 0
B69: w3= | C69: =0.00756/(C18/C4+0.002)-0.18 -> 0.10623736 | D69: t3= | E69: =2*(C18/C4-0.04) -> -0.031176706
B70: w=3 | C70: =MIN(0.1,C69) -> 0.1
B71: w(1)= | C71: =C67+C68+C70 -> 0.35732847 | D71: t(1)= | E71: =E67+E68+E69 -> 0.16397247 | F71: w(twsk)= | G71: =0.7*C11-0.2 -> 0.26251393
B72: w(2)= | C72: =1.133*C11^2-0.797*C11+0.215 -> 0.18302828 | D72: t(2)= | E72: =0.0665+0.62833*C72 -> 0.18150216 | F72: t(twsk.)= | G72: =0.19 -> 0.19
A73: Cavitation area calculation | B73: K | C73: =IF(C22>$J9,0,IF($C17=1,0.2,0.1)) -> 0.2 | D73: =IF(D22>$J9,0,IF($C17=1,0.2,0.1)) -> 0.2 | E73: =IF(E22>$J9,0,IF($C17=1,0.2,0.1)) -> 0.2 | F73: =IF(F22>$J9,0,IF($C17=1,0.2,0.1)) -> 0.2 | G73: =IF(G22>$J9,0,IF($C17=1,0.2,0.1)) -> 0.2 | H73: =IF(H22>$J9,0,IF($C17=1,0.2,0.1)) -> 0.2 | I73: =IF(I22>$J9,0,IF($C17=1,0.2,0.1)) -> 0.2 | J73: =IF(J22>$J9,0,IF($C17=1,0.2,0.1)) -> 0.2 | ... P73: =IF(P22>$J9,0,IF($C17=1,0.2,0.1)) -> 0.2
B76: Fn | C76: 0.12 | D76: 0.10915756 | E76: 0.11369068 | F76: 0.1182238 | G76: 0.12275693 | H76: 0.12729005 | I76: 0.13182317 | J76: 0.13635629 | K76: 0.14088941 | L76: 0.14542253 | M76: 0.14995565 | N76: 0.32
B77: Fn2 | C77: 0.0144 | D77: 0.011915373 | E77: 0.012925571 | F77: 0.013976868 | G77: 0.015069263 | H77: 0.016202756 | I77: 0.017377348 | J77: 0.018593038 | K77: 0.019849826 | L77: 0.021147713 | M77: 0.022486698 | N77: 0.1024
B78: Fn3 | C78: 0.001728 | D78: 0.0013006531 | E78: 0.0014695171 | F78: 0.0016523985 | G78: 0.0018498564 | H78: 0.0020624496 | I78: 0.0022907371 | J78: 0.0025352777 | K78: 0.0027966303 | L78: 0.003075354 | M78: 0.0033720075 | N78: 0.032768
B79: Fn4 | C79: 0.00020736 | D79: 0.00014197612 | E79: 0.0001670704 | F79: 0.00019535284 | G79: 0.00022708268 | H79: 0.00026252931 | I79: 0.00030197222 | J79: 0.00034570106 | K79: 0.0003940156 | L79: 0.00044722577 | M79: 0.0005056516 | N79: 0.01048576
B80: Fn5 | C80: 2.48832e-05 | D80: 1.5497767e-05 | E80: 1.8994348e-05 | F80: 2.3095356e-05 | G80: 2.7875972e-05 | H80: 3.3417368e-05 | I80: 3.9806935e-05 | J80: 4.7138513e-05 | K80: 5.5512626e-05 | L80: 6.5036704e-05 | M80: 7.5825316e-05 | N80: 0.0033554432
B81: Fn6 | C81: 2.985984e-06 | D81: 1.6916985e-06 | E81: 2.1594804e-06 | F81: 2.7304208e-06 | G81: 3.4219687e-06 | H81: 4.2536983e-06 | I81: 5.2474762e-06 | J81: 6.4276328e-06 | K81: 7.8211412e-06 | L81: 9.4578022e-06 | M81: 1.1370435e-05 | N81: 0.0010737418
A82: Cr for L/volume1/3 = 4,5 and Cp = 0,70 | B82: A0 | C82: 0.55189762 | D82: 0.49332411 | E82: 0.52080363 | F82: 0.54379556 | G82: 0.56372436 | H82: 0.58180245 | I82: 0.59904907 | J82: 0.61630908 | K82: 0.63427177 | L82: 0.65348975 | M82: 0.67439769 | N82: 10.5163
A83: Cr for L/volume1/3 = 4,5 and Cp = 0,75 | B83: A1 | C83: 0.64580449 | D83: 0.58139266 | E83: 0.61407527 | F83: 0.63807269 | G83: 0.65650773 | H83: 0.67196374 | I83: 0.6865333 | J83: 0.7018668 | K83: 0.71922121 | L83: 0.73950865 | M83: 0.76334513 | N83: 20.475216
A84: Cr for L/volume1/3 = 4,5 and Cp = 0,80 | B84: A2 | C84: 0.72480318 | D84: 0.73612195 | E84: 0.72611257 | F84: 0.72367509 | G84: 0.72885832 | H84: 0.74148737 | I84: 0.76120718 | J84: 0.787526 | K84: 0.81985889 | L84: 0.85757119 | M84: 0.90002205 | N84: 34.007724
A85: Cr for L/volume1/3 = 4,5 and Cp = 0,85 | B85: A3 | C85: 0.83039627 | D85: 0.99556667 | E85: 0.89692489 | F85: 0.84194532 | G85: 0.8220021 | H85: 0.82957668 | I85: 0.85821579 | J85: 0.90248929 | K85: 0.95794808 | L85: 1.021082 | M85: 1.0892779 | N85: 35.17717
A86: Cr for L/volume1/3 = 5 and Cp = 0,70 | B86: B0 | C86: 0.5058059 | D86: 0.45028273 | E86: 0.47746191 | F86: 0.49869571 | G86: 0.51583112 | H86: 0.53042469 | I86: 0.54376755 | J86: 0.55691031 | K86: 0.57068808 | L86: 0.58574536 | M86: 0.60256106 | N86: 11.067725
A87: Cr for L/volume1/3 = 5 and Cp = 0,75 | B87: B1 | C87: 0.54375587 | D87: 0.44613298 | E87: 0.49687075 | F87: 0.53276988 | G87: 0.55816811 | H87: 0.57672765 | I87: 0.59148947 | J87: 0.60492746 | K87: 0.61900271 | L87: 0.6352177 | M87: 0.65467055 | N87: 18.58519
A88: Cr for L/volume1/3 = 5 and Cp = 0,80 | B88: B2 | C88: 0.6442835 | D88: 0.64597638 | E88: 0.64245814 | F88: 0.64288643 | G88: 0.64792693 | H88: 0.6580024 | I88: 0.67332807 | J88: 0.69394697 | K88: 0.71976532 | L88: 0.75058785 | M88: 0.78615315 | N88: 24.967177
A89: Cr for L/volume1/3 = 5 and Cp = 0,85 | B89: B3 | C89: 0.75358073 | D89: 0.61924545 | E89: 0.6999509 | F89: 0.74295677 | G89: 0.7661151 | H89: 0.78235195 | I89: 0.80049683 | J89: 0.82604985 | K89: 0.86188644 | L89: 0.90889975 | M89: 0.96658069 | N89: -18.516943
A90: Cr for L/volume1/3 = 5,5 and Cp = 0,70 | B90: C0 | C90: 0.45175564 | D90: 0.43112228 | E90: 0.43981869 | F90: 0.44839021 | G90: 0.45702336 | H90: 0.46589375 | I90: 0.47516882 | J90: 0.4850107 | K90: 0.49557896 | L90: 0.50703346 | M90: 0.51953711 | N90: 5.8350944
A91: Cr for L/volume1/3 = 5,5 and Cp = 0,75 | B91: C1 | C91: 0.49297273 | D91: 0.48178566 | E91: 0.48624908 | F91: 0.49091004 | G91: 0.49658182 | H91: 0.50391019 | I91: 0.51339139 | J91: 0.52539012 | K91: 0.54015747 | L91: 0.5578489 | M91: 0.57854218 | N91: 11.146426
A92: Cr for L/volume1/3 = 5,5 and Cp = 0,80 | B92: C2 | C92: 0.54809639 | D92: 0.52548826 | E92: 0.53527807 | F92: 0.54441078 | G92: 0.55416542 | H92: 0.56557844 | I92: 0.57946951 | J92: 0.59646728 | K92: 0.61703518 | L92: 0.64149719 | M92: 0.67006361 | N92: 16.376264
A93: Cr for L/volume1/3 = 5,5 and Cp = 0,85 | B93: C3 | C93: 0.6568214 | D93: 0.50110036 | E93: 0.59161298 | F93: 0.64355461 | G93: 0.67213101 | H93: 0.6889083 | I93: 0.70236974 | J93: 0.71843306 | K93: 0.74092807 | L93: 0.77203477 | M93: 0.81268192 | N93: -7.9770043
... A105: Cr for L/volume1/3 = 7,0 and Cp = 0,85 | B105: F3 | C105: 0.47137325 | D105: 0.45983936 | E105: 0.46296859 | F105: 0.46847417 | G105: 0.47678569 | H105: 0.48831862 | I105: 0.50347549 | J105: 0.52264682 | K105: 0.54621224 | L105: 0.57454152 | M105: 0.60799562 | N105: 8.9880629
B106: G0 | C106: 0.13982601 | D106: 0.13982601 | E106: 0.13982601 | F106: 0.13982601 | G106: 0.13982601 | H106: 0.13982601 | I106: 0.13982601 | J106: 0.13982601 | K106: 0.13982601 | L106: 0.13982601 | M106: 0.13982601 | N106: 0.13982601
B107: G1 | C107: 0.50742397 | D107: 0.50742397 | E107: 0.50742397 | F107: 0.50742397 | G107: 0.50742397 | H107: 0.50742397 | I107: 0.50742397 | J107: 0.50742397 | K107: 0.50742397 | L107: 0.50742397 | M107: 0.50742397 | N107: 0.50742397
B108: G2 | C108: 1.367598 | D108: 1.367598 | E108: 1.367598 | F108: 1.367598 | G108: 1.367598 | H108: 1.367598 | I108: 1.367598 | J108: 1.367598 | K108: 1.367598 | L108: 1.367598 | M108: 1.367598 | N108: 1.367598
B109: G3 | C109: -0.087945945 | D109: -0.087945945 | E109: -0.087945945 | F109: -0.087945945 | G109: -0.087945945 | H109: -0.087945945 | I109: -0.087945945 | J109: -0.087945945 | K109: -0.087945945 | L109: -0.087945945 | M109: -0.087945945 | N109: -0.087945945
B110: G4 | C110: -0.94811994 | D110: -0.94811994 | E110: -0.94811994 | F110: -0.94811994 | G110: -0.94811994 | H110: -0.94811994 | I110: -0.94811994 | J110: -0.94811994 | K110: -0.94811994 | L110: -0.94811994 | M110: -0.94811994 | N110: -0.94811994
A111: Cr for L/volume1/3 = 4,5 | B111: H1 | C111: 0.74651545 | D111: 0.78600689 | E111: 0.7598498 | F111: 0.74774073 | G111: 0.74824519 | H111: 0.75991887 | I111: 0.78133877 | J111: 0.81113423 | K111: 0.84801802 | L111: 0.89081739 | M111: 0.93850512 | N111: 35.361372
A112: Cr for L/volume1/3 = 5,0 | B112: H2 | C112: 0.66840709 | D112: 0.65981412 | E112: 0.66330094 | F112: 0.66656317 | G112: 0.67234664 | H112: 0.68253749 | I112: 0.69830694 | J112: 0.72024729 | K112: 0.74849921 | L112: 0.78287031 | M112: 0.82294497 | N112: 19.448236
A113: Cr for L/volume1/3 = 5,5 | B113: H3 | C113: 0.56814688 | D113: 0.52592167 | E113: 0.54746706 | F113: 0.56297884 | G113: 0.57572432 | H113: 0.58824663 | I113: 0.60246546 | J113: 0.61977222 | K113: 0.64111971 | L113: 0.66710627 | M113: 0.6980543 | N113: 13.430987
...

Sheet PT1-1
A1: Speed and power calculation - Version 2012.06.18
A2: Main data | J2: Input
A3: Water density | B3: (t/m^3) | C3: 1.025 | G3: Wake fraction (1 = calc.) | J3: 1 | K3: =IF(J3=1,IF(C17=1,0.7*C68,IF(C16=1,C69,G68)),J3) -> 0.26401966
A4: Length on water line | B4: (m) | C4: ='SHIP DATA'!C6 -> 410.19723 | G4: Thrust deduction (1 = calc.) | J4: 1 | K4: =IF(K15=1,0.25,IF(J4=1,IF(C17=1,E68,IF(C16=1,E69,G69)),J4)) -> 0.1700494
A5: Breadth on water line | B5: (m) | C5: ='SHIP DATA'!C8 -> 55.91 | G5: Hull efficiency (calculated) | K5: =(1-K4)/(1-K3) -> 1.1276804
A6: Mean draught | B6: (m) | C6: ='SHIP DATA'!C11 -> 16.33 | G6: Transm. efficiency (input) | J6: ='SHIP DATA'!C45/100 -> 0.98
A7: Displacement | B7: (tons) | C7: ='SHIP DATA'!C24 -> 263317.78 | G7: Relative rot. efficiency (input) | J7: =IF(C16=2,1.03,1.01) -> 1.01
A8: Wetted surface, given as input (S) | B8: (m^2) | C8: ='SHIP DATA'!C34 -> 28316.396 | G8: Transition zone:
A9: Wetted surface, calculated if S = 0 | B9: (m^2) | C9: =IF(C8=0,0.995*(C7/C3/C6+1.9*C4*C6),C8) -> 28316.396 | G9: Lower Froude number | J9: 0.32 | K9: =IF(J9>0.32,"Too high"," ")
A10: Midship section coefficient | B10: (-) | C10: ='SHIP DATA'!C29 -> 0.98 | J10: 0.95 | K10: =IF(J10<0.9,"Too low"," ") | M10: Design speed (knots) | P10: ='SHIP DATA'!C35 -> 25.7
A11: Block coefficient | B11: (-) | C11: =C7/C3/C4/C5/C6 -> 0.68594283
A12: Prismatic coefficient | B12: (-) | C12: =C11/C10 -> 0.69994166 | G12: Service allowance (pct.) | K12: 0
A13: Length-displacement ratio | B13: (-) | C13: =C4/(C7/C3)^(1/3) -> 6.4526873 | G13: Water temperature (degrees Celcius) | K13: 15
A14: Form fore (V : -3, N: 0, U: +3) | B14: (-) | C14: 0 | G14: Bulbous bow (0 = No, 1 = Yes) | K14: 1
A15: Form aft (V: -3, N: 0, U: +3) | B15: (-) | C15: 0 | G15: Ship type (1 = doub. ender, 2 = conv.) | K15: 2
A16: Normal hull (1) or twin skeg (2) | B16: (-) | C16: ='SHIP DATA'!C51 -> 1 | G16: Propeller type:
A17: Number of propellers (1 - 4) | B17: (-) | C17: ='SHIP DATA'!C50 -> 1 | G17: 1 = conv. - 2 = ducted - 3 = water jet | K17: ='SHIP DATA'!C53 -> 1
A18: Propeller diameter | B18: (m) | C18: ='SHIP DATA'!C52 -> 10.01359 | D18: =C18/C6 -> 0.61320208 | E18: of draught | G18: Improved propeller efficiency (pct.) | K18: ='SHIP DATA'!C46 -> 0
A19: Number of blades, N | B19: (-) | C19: 4 | G19: Resistance fraction in % - Default = 100 | K19: 100
A20: Resistance and power data
A21: Speed (input) | B21: (knots) | C21: =D21-0.5 -> 25.2 | D21: =E21-0.5 -> 25.7 | E21: =F21-0.5 -> 26.2 | F21: =P10+1 -> 26.7 | G21: =P10+3 -> 28.7 | H21: =P10+5 -> 30.7 | I21: =K21-2 -> 24.7 | J21: =K21-1 -> 25.7 | K21: =P10+1 -> 26.7 | L21: =M21-0.001 -> 25.012806 | M21: =V33 -> 25.013806 | N21: =M21+0.001 -> 25.014806 | O21: =N21+0.5 -> 25.514806 | P21: =P22*SQRT(9.81*C4)/0.5144 -> 39.462072
A22: Froude Number | B22: (-) | C22: =C21*0.5144/SQRT(9.81*$C4) -> 0.20434811 | D22: =D21*0.5144/SQRT(9.81*$C4) -> 0.20840264 | E22: =E21*0.5144/SQRT(9.81*$C4) -> 0.21245717 | F22: =F21*0.5144/SQRT(9.81*$C4) -> 0.21651169 | G22: =G21*0.5144/SQRT(9.81*$C4) -> 0.2327298 | H22: =H21*0.5144/SQRT(9.81*$C4) -> 0.2489479 | I22: =I21*0.5144/SQRT(9.81*$C4) -> 0.20029359 | J22: =J21*0.5144/SQRT(9.81*$C4) -> 0.20840264 | ... O22: =O21*0.5144/SQRT(9.81*$C4) -> 0.20690089 | P22: =J9 -> 0.32
A23: Cf x 1000 | B23: (-) | C23: =75/(LOG10(C21*0.5144*$C4*1000000/((43.4233-31.38*$C3)*($K13+20)^(1.72*$C3-2.202)+4.7478-5.779*$C3))-2)^2 -> 1.2813033 | D23: =75/(LOG10(D21*0.5144*$C4*1000000/((43.4233-31.38*$C3)*($K13+20)^(1.72*$C3-2.202)+4.7478-5.779*$C3))-2)^2 -> 1.2784501 | E23: =75/(LOG10(E21*0.5144*$C4*1000000/((43.4233-31.38*$C3)*($K13+20)^(1.72*$C3-2.202)+4.7478-5.779*$C3))-2)^2 -> 1.2756611 | F23: =75/(LOG10(F21*0.5144*$C4*1000000/((43.4233-31.38*$C3)*($K13+20)^(1.72*$C3-2.202)+4.7478-5.779*$C3))-2)^2 -> 1.2729337 | G23: =75/(LOG10(G21*0.5144*$C4*1000000/((43.4233-31.38*$C3)*($K13+20)^(1.72*$C3-2.202)+4.7478-5.779*$C3))-2)^2 -> 1.2625924 | H23: =75/(LOG10(H21*0.5144*$C4*1000000/((43.4233-31.38*$C3)*($K13+20)^(1.72*$C3-2.202)+4.7478-5.779*$C3))-2)^2 -> 1.2530612 | I23: =75/(LOG10(I21*0.5144*$C4*1000000/((43.4233-31.38*$C3)*($K13+20)^(1.72*$C3-2.202)+4.7478-5.779*$C3))-2)^2 -> 1.2842235 | J23: =75/(LOG10(J21*0.5144*$C4*1000000/((43.4233-31.38*$C3)*($K13+20)^(1.72*$C3-2.202)+4.7478-5.779*$C3))-2)^2 -> 1.2784501 | ... P23: =75/(LOG10(P21*0.5144*$C4*1000000/((43.4233-31.38*$C3)*($K13+20)^(1.72*$C3-2.202)+4.7478-5.779*$C3))-2)^2 -> 1.2184718
A24: Cr x 1000 | B24: (-) | C24: =C43 -> 0.80825638 | D24: =D43 -> 0.83270374 | E24: =E43 -> 0.85977304 | F24: =F43 -> 0.88985003 | G24: =G43 -> 1.0506916 | H24: =H43 -> 1.3158728 | I24: =I43 -> 0.78610306 | J24: =J43 -> 0.83270374 | ... O24: =O43 -> 0.82336162 | P24: =P50+P52+P54+P58+P59+P60 -> 4.9531109
A25: Cr-bulbous bow x 1000 | B25: (-) | C25: =$K14*(IF($C16=2,0.52-2.6*C22,MAX(-50,(250*C22-90))/100*C24)) -> -0.31451657 | D25: =$K14*(IF($C16=2,0.52-2.6*D22,MAX(-50,(250*D22-90))/100*D24)) -> -0.31558922 | E25: =$K14*(IF($C16=2,0.52-2.6*E22,MAX(-50,(250*E22-90))/100*E24)) -> -0.31713338 | F25: =$K14*(IF($C16=2,0.52-2.6*F22,MAX(-50,(250*F22-90))/100*F24)) -> -0.31920769 | G25: =$K14*(IF($C16=2,0.52-2.6*G22,MAX(-50,(250*G22-90))/100*G24)) -> -0.33430434 | H25: =$K14*(IF($C16=2,0.52-2.6*H22,MAX(-50,(250*H22-90))/100*H24)) -> -0.3653261 | I25: =$K14*(IF($C16=2,0.52-2.6*I22,MAX(-50,(250*I22-90))/100*I24)) -> -0.31386425 | J25: =$K14*(IF($C16=2,0.52-2.6*J22,MAX(-50,(250*J22-90))/100*J24)) -> -0.31558922 | ... P25: =$K14*(IF($C16=2,0.52-2.6*P22,MAX(-50,(250*P22-90))/100*P24)) -> -0.49531109
A26: Cr-appendage x 1000 (input) | C26: =IF($C17=2,IF($C16=1,0.3,0),0) -> 0 | D26: =IF($C17=2,IF($C16=1,0.3,0),0) -> 0 | E26: =IF($C17=2,IF($C16=1,0.3,0),0) -> 0 | F26: =IF($C17=2,IF($C16=1,0.3,0),0) -> 0 | G26: =IF($C17=2,IF($C16=1,0.3,0),0) -> 0 | H26: =IF($C17=2,IF($C16=1,0.3,0),0) -> 0 | I26: =IF($C17=2,IF($C16=1,0.3,0),0) -> 0 | J26: =IF($C17=2,IF($C16=1,0.3,0),0) -> 0 | ... P26: =IF($C17=2,IF($C16=1,0.3,0),0) -> 0
A27: Air & steering corr. x 1000 (input) | B27: (-) | C27: =MAX(0.09,0.28*'SHIP DATA'!C2^(-0.126)) -> 0.09 | D27: =C27 -> 0.09 | E27: =D27 -> 0.09 | F27: 0 | G27: 0 | H27: =G27 -> 0 | I27: =C27 -> 0.09 | J27: =I27 -> 0.09 | K27: =J27 -> 0.09 | L27: =K27 -> 0.09 | M27: =L27 -> 0.09 | N27: =M27 -> 0.09 | O27: =N27 -> 0.09 | P27: =O27 -> 0.09
A28: Ca x 1000 | B28: (-) | C28: =0.5*LOG10($C7)-0.1*(LOG10($C7))^2 -> -0.22792045 | D28: =0.5*LOG10($C7)-0.1*(LOG10($C7))^2 -> -0.22792045 | E28: =0.5*LOG10($C7)-0.1*(LOG10($C7))^2 -> -0.22792045 | F28: =0.5*LOG10($C7)-0.1*(LOG10($C7))^2 -> -0.22792045 | G28: =0.5*LOG10($C7)-0.1*(LOG10($C7))^2 -> -0.22792045 | H28: =0.5*LOG10($C7)-0.1*(LOG10($C7))^2 -> -0.22792045 | I28: =0.5*LOG10($C7)-0.1*(LOG10($C7))^2 -> -0.22792045 | J28: =0.5*LOG10($C7)-0.1*(LOG10($C7))^2 -> -0.22792045 | ... P28: =0.5*LOG10($C7)-0.1*(LOG10($C7))^2 -> -0.22792045
A29: Ct x 1000 | B29: (-) | C29: =C23+C24+C25+C26+C27+C28 -> 1.6371226 | D29: =D23+D24+D25+D26+D27+D28 -> 1.6576442 | E29: =E23+E24+E25+E26+E27+E28 -> 1.6803803 | F29: =F23+F24+F25+F26+F27+F28 -> 1.6156556 | G29: =G23+G24+G25+G26+G27+G28 -> 1.7510593 | H29: =H23+H24+H25+H26+H27+H28 -> 1.9756875 | I29: =I23+I24+I25+I26+I27+I28 -> 1.6185419 | J29: =J23+J24+J25+J26+J27+J28 -> 1.6576442 | ... O29: =O23+O24+O25+O26+O27+O28 -> 1.6498006 | P29: =P23+P24+P25+P27+P28 -> 5.5383512
A30: Total resistance in the analysis | B30: (kN) | C30: =($C9*$C3*C21^2*0.0001323*C29*$K19/100)*(1+$K12/100) -> 3992.1236 | D30: =($C9*$C3*D21^2*0.0001323*D29*$K19/100)*(1+$K12/100) -> 4204.1601 | E30: =($C9*$C3*E21^2*0.0001323*E29*$K19/100)*(1+$K12/100) -> 4429.267 | F30: =($C9*$C3*F21^2*0.0001323*F29*$K19/100)*(1+$K12/100) -> 4422.7563 | G30: =($C9*$C3*G21^2*0.0001323*G29*$K19/100)*(1+$K12/100) -> 5538.4256 | H30: =($C9*$C3*H21^2*0.0001323*H29*$K19/100)*(1+$K12/100) -> 7150.1753 | I30: =($C9*$C3*I21^2*0.0001323*I29*$K19/100)*(1+$K12/100) -> 3791.7486 | J30: =($C9*$C3*J21^2*0.0001323*J29*$K19/100)*(1+$K12/100) -> 4204.1601 | ... P30: =($C9*$C3*P21^2*0.0001323*P29*$K19/100)*(1+$K12/100) -> 33117.836
A31: Effective power | B31: (kW) | C31: =C30*C21*0.5144 -> 51749.42 | D31: =D30*D21*0.5144 -> 55579.332 | E31: =E30*E21*0.5144 -> 59694.472 | F31: =F30*F21*0.5144 -> 60744.258 | G31: =G30*G21*0.5144 -> 81765.328 | H31: =H30*H21*0.5144 -> 112916.14 | I31: =I30*I21*0.5144 -> 48176.744 | J31: =J30*J21*0.5144 -> 55579.332 | ... P31: =P30*P21*0.5144 -> 672268.54
A32: Total propulsion efficiency | B32: (-) | C32: =C36*$J6*IF($K17=3,1,$K5*$J7) -> 0.70275361 | D32: =D36*$J6*IF($K17=3,1,$K5*$J7) -> 0.70105996 | E32: =E36*$J6*IF($K17=3,1,$K5*$J7) -> 0.69919798 | F32: =F36*$J6*IF($K17=3,1,$K5*$J7) -> 0.70453872 | G32: =G36*$J6*IF($K17=3,1,$K5*$J7) -> 0.69350425 | H32: =H36*$J6*IF($K17=3,1,$K5*$J7) -> 0.67629557 | I32: =I36*$J6*IF($K17=3,1,$K5*$J7) -> 0.7042979 | J32: =J36*$J6*IF($K17=3,1,$K5*$J7) -> 0.70105996 | ... P32: =P36*$J6*IF($K17=3,1,$K5*$J7) -> 0.50325167
A33: Propulsion power | B33: (kW) | C33: =C31/C32 -> 73638.071 | D33: =D31/D32 -> 79278.999 | E33: =E31/E32 -> 85375.635 | F33: =F31/F32 -> 86218.481 | G33: =G31/G32 -> 117901.7 | H33: =H31/H32 -> 166962.71 | I33: =I31/I32 -> 68403.93 | J33: =J31/J32 -> 79278.999 | ... P33: =P31/P32 -> 1335849.6 | Q33: 75 % MCR | R33: ='SHIP DATA'!$C$47*0.75 -> 71664.767 | S33: =S34*S35*R36-S34*S36*R35+S35*S36*R34 -> 25.594956 | T33: 75 % MCR | U33: ='SHIP DATA'!C47*0.75 -> 71664.767 | V33: =V34*V35*U36-V34*V36*U35+V35*V36*U34 -> 25.013806
A34: Thrust loading coefficient, Cth | B34: (-) | C34: =2.54648*C30/(1-$K4)/$C17/$C3/(C37*$C18)^2/$J7 -> 1.2963782 | D34: =2.54648*D30/(1-$K4)/$C17/$C3/(D37*$C18)^2/$J7 -> 1.3126285 | E34: =2.54648*E30/(1-$K4)/$C17/$C3/(E37*$C18)^2/$J7 -> 1.3306324 | F34: =2.54648*F30/(1-$K4)/$C17/$C3/(F37*$C18)^2/$J7 -> 1.2793793 | G34: =2.54648*G30/(1-$K4)/$C17/$C3/(G37*$C18)^2/$J7 -> 1.3866005 | H34: =2.54648*H30/(1-$K4)/$C17/$C3/(H37*$C18)^2/$J7 -> 1.5644755 | I34: =2.54648*I30/(1-$K4)/$C17/$C3/(I37*$C18)^2/$J7 -> 1.2816648 | J34: =2.54648*J30/(1-$K4)/$C17/$C3/(J37*$C18)^2/$J7 -> 1.3126285 | ... P34: =2.54648*P30/(1-$K4)/$C17/$C3/(P37*$C18)^2/$J7 -> 4.38562 | Q34: =F33-G33 -> -31683.216 | R34: =F21/Q34/Q35 -> 1.0436876e-08 | S34: =R33-F33 -> -14553.713 | T34: =I33-J33 -> -10875.07 | U34: =I21/T34/T35 -> 9.6310364e-08 | V34: =U33-I33 -> 3260.8375
A35: Necessary blade area ratio | B35: (-) | C35: =(1.3+0.3*$C19)*C30/(1-$K4)/$C17/(99.6+$C3*9.81*0.65*$C18)/$C18^2+C70 -> 0.92661107 | D35: =(1.3+0.3*$C19)*D30/(1-$K4)/$C17/(99.6+$C3*9.81*0.65*$C18)/$C18^2+D70 -> 0.96520406 | E35: =(1.3+0.3*$C19)*E30/(1-$K4)/$C17/(99.6+$C3*9.81*0.65*$C18)/$C18^2+E70 -> 1.006176 | F35: =(1.3+0.3*$C19)*F30/(1-$K4)/$C17/(99.6+$C3*9.81*0.65*$C18)/$C18^2+F70 -> 1.004991 | G35: =(1.3+0.3*$C19)*G30/(1-$K4)/$C17/(99.6+$C3*9.81*0.65*$C18)/$C18^2+G70 -> 1.2080553 | H35: =(1.3+0.3*$C19)*H30/(1-$K4)/$C17/(99.6+$C3*9.81*0.65*$C18)/$C18^2+H70 -> 1.5014117 | I35: =(1.3+0.3*$C19)*I30/(1-$K4)/$C17/(99.6+$C3*9.81*0.65*$C18)/$C18^2+I70 -> 0.89014057 | J35: =(1.3+0.3*$C19)*J30/(1-$K4)/$C17/(99.6+$C3*9.81*0.65*$C18)/$C18^2+J70 -> 0.96520406 | ... P35: =(1.3+0.3*$C19)*P30/(1-$K4)/$C17/(99.6+$C3*9.81*0.65*$C18)/$C18^2+P70 -> 6.2278157 | Q35: =F33-H33 -> -80744.228 | R35: =G21/Q34/Q36 -> 1.8463589e-08 | S35: =R33-G33 -> -46236.929 | T35: =I33-K33 -> -23582.611 | U35: =J21/T34/T36 -> 1.8596857e-07 | V35: =U33-J33 -> -7614.232
A36: Approximate propeller efficiency | B36: (-) | C36: =(1+$K18/100)*IF($K17=3,1/(1+16.8/C21),IF($K17=1,0.81-0.014*C34,0.00098*C34^3-0.018542*C34^2+0.11195*C34+0.634)/(1+SQRT(1+C34))*2) -> 0.62960708 | D36: =(1+$K18/100)*IF($K17=3,1/(1+16.8/D21),IF($K17=1,0.81-0.014*D34,0.00098*D34^3-0.018542*D34^2+0.11195*D34+0.634)/(1+SQRT(1+D34))*2) -> 0.62808972 | E36: =(1+$K18/100)*IF($K17=3,1/(1+16.8/E21),IF($K17=1,0.81-0.014*E34,0.00098*E34^3-0.018542*E34^2+0.11195*E34+0.634)/(1+SQRT(1+E34))*2) -> 0.62642154 | F36: =(1+$K18/100)*IF($K17=3,1/(1+16.8/F21),IF($K17=1,0.81-0.014*F34,0.00098*F34^3-0.018542*F34^2+0.11195*F34+0.634)/(1+SQRT(1+F34))*2) -> 0.63120639 | G36: =(1+$K18/100)*IF($K17=3,1/(1+16.8/G21),IF($K17=1,0.81-0.014*G34,0.00098*G34^3-0.018542*G34^2+0.11195*G34+0.634)/(1+SQRT(1+G34))*2) -> 0.62132045 | H36: =(1+$K18/100)*IF($K17=3,1/(1+16.8/H21),IF($K17=1,0.81-0.014*H34,0.00098*H34^3-0.018542*H34^2+0.11195*H34+0.634)/(1+SQRT(1+H34))*2) -> 0.60590294 | I36: =(1+$K18/100)*IF($K17=3,1/(1+16.8/I21),IF($K17=1,0.81-0.014*I34,0.00098*I34^3-0.018542*I34^2+0.11195*I34+0.634)/(1+SQRT(1+I34))*2) -> 0.63099064 | J36: =(1+$K18/100)*IF($K17=3,1/(1+16.8/J21),IF($K17=1,0.81-0.014*J34,0.00098*J34^3-0.018542*J34^2+0.11195*J34+0.634)/(1+SQRT(1+J34))*2) -> 0.62808972 | ... P36: =(1+$K18/100)*IF($K17=3,1/(1+16.8/P21),IF($K17=1,0.81-0.014*P34,0.00098*P34^3-0.018542*P34^2+0.11195*P34+0.634)/(1+SQRT(1+P34))*2) -> 0.45087042 | Q36: =G33-H33 -> -49061.012 | R36: =H21/Q35/Q36 -> 7.749798e-09 | S36: =R33-H33 -> -95297.941 | T36: =J33-K33 -> -12707.541 | U36: =K21/T35/T36 -> 8.9095925e-08 | V36: =U33-K33 -> -20321.773
A37: Va | B37: (m/s) | C37: =C21*0.5144*(1-$K3) -> 9.5404249 | D37: =D21*0.5144*(1-$K3) -> 9.729719 | E37: =E21*0.5144*(1-$K3) -> 9.9190131 | F37: =F21*0.5144*(1-$K3) -> 10.108307 | G37: =G21*0.5144*(1-$K3) -> 10.865484 | H37: =H21*0.5144*(1-$K3) -> 11.62266 | I37: =I21*0.5144*(1-$K3) -> 9.3511307 | J37: =J21*0.5144*(1-$K3) -> 9.729719 | ... P37: =P21*0.5144*(1-$K3) -> 14.939878
A38: Vbehind | B38: (m/s) | C38: =C37*SQRT(1+C34) -> 14.457374 | D38: =D37*SQRT(1+D34) -> 14.796304 | E38: =E37*SQRT(1+E34) -> 15.142771 | F38: =F37*SQRT(1+F34) -> 15.261131 | G38: =G37*SQRT(1+G34) -> 16.78568 | H38: =H37*SQRT(1+H34) -> 18.612505 | I38: =I37*SQRT(1+I34) -> 14.125052 | J38: =J37*SQRT(1+J34) -> 14.796304 | ... P38: =P37*SQRT(1+P34) -> 34.670884
A39: Vincrease | B39: (m/s) | C39: =C38-C37 -> 4.9169495 | D39: =D38-D37 -> 5.0665845 | E39: =E38-E37 -> 5.223758 | F39: =F38-F37 -> 5.1528242 | G39: =G38-G37 -> 5.920196 | H39: =H38-H37 -> 6.9898445 | I39: =I38-I37 -> 4.7739211 | J39: =J38-J37 -> 5.0665845 | ... P39: =P38-P37 -> 19.731006
A40: Vbehind/Va | B40: (-) | C40: =C38/C37 -> 1.5153806 | D40: =D38/D37 -> 1.5207329 | E40: =E38/E37 -> 1.5266409 | F40: =F38/F37 -> 1.5097613 | G40: =G38/G37 -> 1.5448626 | H40: =H38/H37 -> 1.601398 | I40: =I38/I37 -> 1.5105181 | J40: =J38/J37 -> 1.5207329 | ... P40: =P38/P37 -> 2.3206939
A41: Disc. flow speed | B41: (m/s) | C41: =C37+0.5*C39 -> 11.9989 | D41: =D37+0.5*D39 -> 12.263011 | E41: =E37+0.5*E39 -> 12.530892 | F41: =F37+0.5*F39 -> 12.684719 | G41: =G37+0.5*G39 -> 13.825582 | H41: =H37+0.5*H39 -> 15.117583 | I41: =I37+0.5*I39 -> 11.738091 | J41: =J37+0.5*J39 -> 12.263011 | ... P41: =P37+0.5*P39 -> 24.805381
A42: Water flow pr. propeller | B42: (m^3/s) | C42: =0.785*$C18^2*C41 -> 944.47548 | D42: =0.785*$C18^2*D41 -> 965.26464 | E42: =0.785*$C18^2*E41 -> 986.35048 | F42: =0.785*$C18^2*F41 -> 998.45876 | G42: =0.785*$C18^2*G41 -> 1088.26 | H42: =0.785*$C18^2*H41 -> 1189.958 | I42: =0.785*$C18^2*I41 -> 923.94634 | J42: =0.785*$C18^2*J41 -> 965.26464 | ... P42: =0.785*$C18^2*P41 -> 1952.5186
A43: Cr summation | B43: (-) | C43: =C50+C52+C54+C58+C59+C60 -> 0.80825638 | D43: =D50+D52+D54+D58+D59+D60 -> 0.83270374 | E43: =E50+E52+E54+E58+E59+E60 -> 0.85977304 | F43: =F50+F52+F54+F58+F59+F60 -> 0.88985003 | G43: =G50+G52+G54+G58+G59+G60 -> 1.0506916 | H43: =H50+H52+H54+H58+H59+H60 -> 1.3158728 | I43: =I50+I52+I54+I58+I59+I60 -> 0.78610306 | J43: =J50+J52+J54+J58+J59+J60 -> 0.83270374 | ... P43: =P50+P52+P54+P58+P59+P60 -> 4.9531109
B44: A0= | C44: =1.35-0.23*$C13+0.012*$C13^2 -> 0.365528 | D44: =1.35-0.23*$C13+0.012*$C13^2 -> 0.365528 | E44: =1.35-0.23*$C13+0.012*$C13^2 -> 0.365528 | F44: =1.35-0.23*$C13+0.012*$C13^2 -> 0.365528 | G44: =1.35-0.23*$C13+0.012*$C13^2 -> 0.365528 | H44: =1.35-0.23*$C13+0.012*$C13^2 -> 0.365528 | I44: =1.35-0.23*$C13+0.012*$C13^2 -> 0.365528 | J44: =1.35-0.23*$C13+0.012*$C13^2 -> 0.365528 | ... P44: =1.35-0.23*$C13+0.012*$C13^2 -> 0.365528
B45: A1= | C45: =0.0011*$C13^9.1 -> 25705.87 | D45: =0.0011*$C13^9.1 -> 25705.87 | E45: =0.0011*$C13^9.1 -> 25705.87 | F45: =0.0011*$C13^9.1 -> 25705.87 | G45: =0.0011*$C13^9.1 -> 25705.87 | H45: =0.0011*$C13^9.1 -> 25705.87 | I45: =0.0011*$C13^9.1 -> 25705.87 | J45: =0.0011*$C13^9.1 -> 25705.87 | ... P45: =0.0011*$C13^9.1 -> 25705.87
B46: N1= | C46: =2*$C13-3.7 -> 9.2053745 | D46: =2*$C13-3.7 -> 9.2053745 | E46: =2*$C13-3.7 -> 9.2053745 | F46: =2*$C13-3.7 -> 9.2053745 | G46: =2*$C13-3.7 -> 9.2053745 | H46: =2*$C13-3.7 -> 9.2053745 | I46: =2*$C13-3.7 -> 9.2053745 | J46: =2*$C13-3.7 -> 9.2053745 | ... P46: =2*$C13-3.7 -> 9.2053745
B47: B1= | C47: =7-0.09*$C13^2 -> 3.2526544 | D47: =7-0.09*$C13^2 -> 3.2526544 | E47: =7-0.09*$C13^2 -> 3.2526544 | F47: =7-0.09*$C13^2 -> 3.2526544 | G47: =7-0.09*$C13^2 -> 3.2526544 | H47: =7-0.09*$C13^2 -> 3.2526544 | I47: =7-0.09*$C13^2 -> 3.2526544 | J47: =7-0.09*$C13^2 -> 3.2526544 | ... P47: =7-0.09*$C13^2 -> 3.2526544
B48: B2= | C48: =(5*$C12-2.5)^2 -> 0.99941668 | D48: =(5*$C12-2.5)^2 -> 0.99941668 | E48: =(5*$C12-2.5)^2 -> 0.99941668 | F48: =(5*$C12-2.5)^2 -> 0.99941668 | G48: =(5*$C12-2.5)^2 -> 0.99941668 | H48: =(5*$C12-2.5)^2 -> 0.99941668 | I48: =(5*$C12-2.5)^2 -> 0.99941668 | J48: =(5*$C12-2.5)^2 -> 0.99941668 | ... P48: =(5*$C12-2.5)^2 -> 0.99941668
B49: B3= | C49: =(600*(C22-0.315)^2+1)^1.5 -> 24.112447 | D49: =(600*(D22-0.315)^2+1)^1.5 -> 21.858818 | E49: =(600*(E22-0.315)^2+1)^1.5 -> 19.760079 | F49: =(600*(F22-0.315)^2+1)^1.5 -> 17.810393 | G49: =(600*(G22-0.315)^2+1)^1.5 -> 11.38567 | H49: =(600*(H22-0.315)^2+1)^1.5 -> 6.8810361 | I49: =(600*(I22-0.315)^2+1)^1.5 -> 26.526807 | J49: =(600*(J22-0.315)^2+1)^1.5 -> 21.858818 | ... P49: =(600*(P22-0.315)^2+1)^1.5 -> 1.0225842
B50: G= | C50: =C47*C48/C49 -> 0.13481656 | D50: =D47*D48/D49 -> 0.14871605 | E50: =E47*E48/E49 -> 0.16451134 | F50: =F47*F48/F49 -> 0.18252023 | G50: =G47*G48/G49 -> 0.28551303 | H50: =H47*H48/H49 -> 0.47242262 | I50: =I47*I48/I49 -> 0.12254611 | J50: =J47*J48/J49 -> 0.14871605 | ... P50: =P47*P48/P49 -> 3.1789629
C51: =C22-(0.04+0.59*$C12)-0.015*($C13-5) -> -0.27040777 | D51: =D22-(0.04+0.59*$C12)-0.015*($C13-5) -> -0.26635325 | E51: =E22-(0.04+0.59*$C12)-0.015*($C13-5) -> -0.26229872 | F51: =F22-(0.04+0.59*$C12)-0.015*($C13-5) -> -0.2582442 | G51: =G22-(0.04+0.59*$C12)-0.015*($C13-5) -> -0.24202609 | H51: =H22-(0.04+0.59*$C12)-0.015*($C13-5) -> -0.22580799 | I51: =I22-(0.04+0.59*$C12)-0.015*($C13-5) -> -0.2744623 | J51: =J22-(0.04+0.59*$C12)-0.015*($C13-5) -> -0.26635325 | ... P51: =P22-(0.04+0.59*$C12)-0.015*($C13-5) -> -0.15475589
B52: H= | C52: =EXP(80*C51) -> 4.0278351e-10 | D52: =EXP(80*D51) -> 5.5710923e-10 | E52: =EXP(80*E51) -> 7.7056453e-10 | F52: =EXP(80*F51) -> 1.0658048e-09 | G52: =EXP(80*G51) -> 3.9007879e-09 | H52: =EXP(80*H51) -> 1.4276672e-08 | I52: =EXP(80*I51) -> 2.9120781e-10 | J52: =EXP(80*J51) -> 5.5710923e-10 | ... P52: =EXP(80*P51) -> 4.1998109e-06
C53: =20*$C12-16 -> -2.0011668 | D53: =20*$C12-16 -> -2.0011668 | E53: =20*$C12-16 -> -2.0011668 | F53: =20*$C12-16 -> -2.0011668 | G53: =20*$C12-16 -> -2.0011668 | H53: =20*$C12-16 -> -2.0011668 | I53: =20*$C12-16 -> -2.0011668 | J53: =20*$C12-16 -> -2.0011668 | ... P53: =20*$C12-16 -> -2.0011668
B54: K= | C54: =180*C22^3.7*EXP(C53) -> 0.068320047 | D54: =180*D22^3.7*EXP(D53) -> 0.073471467 | E54: =180*E22^3.7*EXP(E53) -> 0.078900714 | F54: =180*F22^3.7*EXP(F53) -> 0.084617039 | G54: =180*G22^3.7*EXP(G53) -> 0.11054247 | H54: =180*H22^3.7*EXP(H53) -> 0.14183328 | I54: =180*I22^3.7*EXP(I53) -> 0.063437328 | J54: =180*J22^3.7*EXP(J53) -> 0.073471467 | ... P54: =180*P22^3.7*EXP(P53) -> 0.3591135
C55: =C44+1.5*C22^1.8+C45*C22^(C46) -> 0.46310701 | D55: =D44+1.5*D22^1.8+D45*D22^(D46) -> 0.46848991 | E55: =E44+1.5*E22^1.8+E45*E22^(E46) -> 0.47431686 | F55: =F44+1.5*F22^1.8+F45*F22^(F46) -> 0.48064656 | G55: =G44+1.5*G22^1.8+G45*G22^(G46) -> 0.51244212 | H55: =H44+1.5*H22^1.8+H45*H22^(H46) -> 0.55925164 | I55: =I44+1.5*I22^1.8+I45*I22^(I46) -> 0.45811618 | J55: =J44+1.5*J22^1.8+J45*J22^(J46) -> 0.46848991 | ... P55: =P44+1.5*P22^1.8+P45*P22^(P46) -> 1.2741763
C56: =0.98+2.5/($C13-2)^4 -> 0.98635991 | D56: =0.98+2.5/($C13-2)^4 -> 0.98635991 | E56: =0.98+2.5/($C13-2)^4 -> 0.98635991 | F56: =0.98+2.5/($C13-2)^4 -> 0.98635991 | G56: =0.98+2.5/($C13-2)^4 -> 0.98635991 | H56: =0.98+2.5/($C13-2)^4 -> 0.98635991 | I56: =0.98+2.5/($C13-2)^4 -> 0.98635991 | J56: =0.98+2.5/($C13-2)^4 -> 0.98635991 | ... P56: =0.98+2.5/($C13-2)^4 -> 0.98635991
C57: =($C13-5)^4*(C22-0.1)^4 -> 0.00052799151 | D57: =($C13-5)^4*(D22-0.1)^4 -> 0.00061496155 | E57: =($C13-5)^4*(E22-0.1)^4 -> 0.00071225756 | F57: =($C13-5)^4*(F22-0.1)^4 -> 0.00082066623 | G57: =($C13-5)^4*(G22-0.1)^4 -> 0.0013821725 | H57: =($C13-5)^4*(H22-0.1)^4 -> 0.0021919269 | I57: =($C13-5)^4*(I22-0.1)^4 -> 0.00045058964 | J57: =($C13-5)^4*(J22-0.1)^4 -> 0.00061496155 | ... P57: =($C13-5)^4*(P22-0.1)^4 -> 0.01043228
B58: E= | C58: =C55*C56+C57 -> 0.45731818 | D58: =D55*D56+D57 -> 0.46271463 | E58: =E55*E56+E57 -> 0.4685594 | F58: =F55*F56+F57 -> 0.47491117 | G58: =G55*G56+G57 -> 0.50683453 | H58: =H55*H56+H57 -> 0.55381533 | I58: =I55*I56+I57 -> 0.45231802 | J58: =J55*J56+J57 -> 0.46271463 | ... P58: =P55*P56+P57 -> 1.2672287
B59: B/T-corr | C59: =0.16*($C5/$C6-2.5) -> 0.14780159 | D59: =0.16*($C5/$C6-2.5) -> 0.14780159 | E59: =0.16*($C5/$C6-2.5) -> 0.14780159 | F59: =0.16*($C5/$C6-2.5) -> 0.14780159 | G59: =0.16*($C5/$C6-2.5) -> 0.14780159 | H59: =0.16*($C5/$C6-2.5) -> 0.14780159 | I59: =0.16*($C5/$C6-2.5) -> 0.14780159 | J59: =0.16*($C5/$C6-2.5) -> 0.14780159 | ... P59: =0.16*($C5/$C6-2.5) -> 0.14780159
B60: Formcorr. | C60: =($C15-$C14)/3*0.1 -> 0 | D60: =($C15-$C14)/3*0.1 -> 0 | E60: =($C15-$C14)/3*0.1 -> 0 | F60: =($C15-$C14)/3*0.1 -> 0 | G60: =($C15-$C14)/3*0.1 -> 0 | H60: =($C15-$C14)/3*0.1 -> 0 | I60: =($C15-$C14)/3*0.1 -> 0 | J60: =($C15-$C14)/3*0.1 -> 0 | ... P60: =($C15-$C14)/3*0.1 -> 0
B61: a= | C61: =0.1*C5/C4+0.149 -> 0.16263003 | D61: d= | E61: =0.625*C5/C4+0.08 -> 0.16518768
B62: b= | C62: =0.05*C5/C4+0.449 -> 0.45581501 | D62: e= | E62: =0.165-0.25*C5/C4 -> 0.13092493
B63: c= | C63: =585-5027*C5/C4+11700*(C5/C4)^2 -> 117.17835 | D63: f= | E63: =825-8060*C5/C4+20300*(C5/C4)^2 -> 103.54838
B64: w1= | C64: =C61+C62/(C63*(0.98-C11)^3+1) -> 0.27717094 | D64: t1= | E64: =E61+E62/(E63*(0.98-C11)^3+1) -> 0.2012261
B65: w2= | C65: =0.025*C15/(100*(C11-0.7)^2+1) -> 0 | D65: t2= | E65: =-0.01*C15 -> 0
B66: w3= | C66: =0.00756/(C18/C4+0.002)-0.18 -> 0.10623736 | D66: t3= | E66: =2*(C18/C4-0.04) -> -0.031176706
B67: w=3 | C67: =MIN(0.1,C66) -> 0.1
B68: w(1)= | C68: =C64+C65+C67 -> 0.37717094 | D68: t(1)= | E68: =E64+E65+E66 -> 0.1700494 | F68: w(twsk)= | G68: =0.7*C11-0.2 -> 0.28015998
B69: w(2)= | C69: =1.133*C11^2-0.797*C11+0.215 -> 0.20139996 | D69: t(2)= | E69: =0.0665+0.62833*C69 -> 0.19304564 | F69: t(twsk.)= | G69: =0.19 -> 0.19
A70: Cavitation area calculation | B70: K | C70: =IF(C22>$J9,0,IF($C17=1,0.2,0.1)) -> 0.2 | D70: =IF(D22>$J9,0,IF($C17=1,0.2,0.1)) -> 0.2 | E70: =IF(E22>$J9,0,IF($C17=1,0.2,0.1)) -> 0.2 | F70: =IF(F22>$J9,0,IF($C17=1,0.2,0.1)) -> 0.2 | G70: =IF(G22>$J9,0,IF($C17=1,0.2,0.1)) -> 0.2 | H70: =IF(H22>$J9,0,IF($C17=1,0.2,0.1)) -> 0.2 | I70: =IF(I22>$J9,0,IF($C17=1,0.2,0.1)) -> 0.2 | J70: =IF(J22>$J9,0,IF($C17=1,0.2,0.1)) -> 0.2 | ... P70: =IF(P22>$J9,0,IF($C17=1,0.2,0.1)) -> 0.2
A72: Korrektioner
A73: 36967 | B73: Waterjet virkningsgrad inkluderet samt også mulighed for opdeling af total fremdrivningsmodstand til separate analyser
A74: 38922 | B74: Korrektion for bulb = 10 % af restmodstanden samt Ca
A75: 38959 | B75: Korrektion for temperatur på Cf
A76: 39513 | B76: Korrektion af Cr for bulb
A77: 41078 | B77: High speed del af programmet er fjernet

Sheet PT1-2
A1: Speed and power calculation - Version 2012.06.18
A2: Main data | J2: Input
A3: Water density | B3: (t/m^3) | C3: 1.025 | G3: Wake fraction (1 = calc.) | J3: 1 | K3: =IF(J3=1,IF(C17=1,0.7*C68,IF(C16=1,C69,G68)),J3) -> 0.24494316
A4: Length on water line | B4: (m) | C4: ='SHIP DATA'!C6 -> 410.19723 | G4: Thrust deduction (1 = calc.) | J4: 1 | K4: =IF(K15=1,0.25,IF(J4=1,IF(C17=1,E68,IF(C16=1,E69,G69)),J4)) -> 0.16168578
A5: Breadth on water line | B5: (m) | C5: ='SHIP DATA'!C8 -> 55.91 | G5: Hull efficiency (calculated) | K5: =(1-K4)/(1-K3) -> 1.1102664
A6: Mean draught | B6: (m) | C6: ='SHIP DATA'!C95 -> 13.280646 | G6: Transm. efficiency (input) | J6: ='SHIP DATA'!C45/100 -> 0.98
A7: Displacement | B7: (tons) | C7: ='SHIP DATA'!C92 -> 202837.78 | G7: Relative rot. efficiency (input) | J7: =IF(C16=2,1.03,1.01) -> 1.01
A8: Wetted surface, given as input (S) | B8: (m^2) | C8: ='SHIP DATA'!C96 -> 24905.214 | G8: Transition zone:
A9: Wetted surface, calculated if S = 0 | B9: (m^2) | C9: =IF(C8=0,0.995*(C7/C3/C6+1.9*C4*C6),C8) -> 24905.214 | G9: Lower Froude number | J9: 0.32 | K9: =IF(J9>0.32,"Too high"," ")
A10: Midship section coefficient | B10: (-) | C10: ='SHIP DATA'!C29 -> 0.98 | J10: 0.95 | K10: =IF(J10<0.9,"Too low"," ") | M10: Design speed (knots) | P10: ='SHIP DATA'!C35 -> 25.7
A11: Block coefficient | B11: (-) | C11: =C7/C3/C4/C5/C6 -> 0.64971599
A12: Prismatic coefficient | B12: (-) | C12: =C11/C10 -> 0.6629755 | G12: Service allowance (pct.) | K12: 0
A13: Length-displacement ratio | B13: (-) | C13: =C4/(C7/C3)^(1/3) -> 7.0391096 | G13: Water temperature (degrees Celcius) | K13: 15
A14: Form fore (V : -3, N: 0, U: +3) | B14: (-) | C14: 0 | G14: Bulbous bow (0 = No, 1 = Yes) | K14: 1
A15: Form aft (V: -3, N: 0, U: +3) | B15: (-) | C15: 0 | G15: Ship type (1 = doub. ender, 2 = conv.) | K15: 2
A16: Normal hull (1) or twin skeg (2) | B16: (-) | C16: ='SHIP DATA'!C51 -> 1 | G16: Propeller type:
A17: Number of propellers (1 - 4) | B17: (-) | C17: ='SHIP DATA'!C50 -> 1 | G17: 1 = conv. - 2 = ducted - 3 = water jet | K17: ='SHIP DATA'!C53 -> 1
A18: Propeller diameter | B18: (m) | C18: ='SHIP DATA'!C52 -> 10.01359 | D18: =C18/C6 -> 0.75399869 | E18: of draught | G18: Improved propeller efficiency (pct.) | K18: ='SHIP DATA'!C46 -> 0
A19: Number of blades, N | B19: (-) | C19: 4 | G19: Resistance fraction in % - Default = 100 | K19: 100
A20: Resistance and power data
A21: Speed (input) | B21: (knots) | C21: =D21-0.5 -> 25.2 | D21: =E21-0.5 -> 25.7 | E21: =F21-0.5 -> 26.2 | F21: =P10+1 -> 26.7 | G21: =P10+3 -> 28.7 | H21: =P10+5 -> 30.7 | I21: =J21-1 -> 24.7 | J21: =P10 -> 25.7 | K21: =J21+1 -> 26.7 | L21: =M21-0.001 -> 25.809319 | M21: =V33 -> 25.810319 | N21: =M21+0.001 -> 25.811319 | O21: =N21+0.5 -> 26.311319 | P21: =P22*SQRT(9.81*C4)/0.5144 -> 39.462072
A22: Froude Number | B22: (-) | C22: =C21*0.5144/SQRT(9.81*$C4) -> 0.20434811 | D22: =D21*0.5144/SQRT(9.81*$C4) -> 0.20840264 | E22: =E21*0.5144/SQRT(9.81*$C4) -> 0.21245717 | F22: =F21*0.5144/SQRT(9.81*$C4) -> 0.21651169 | G22: =G21*0.5144/SQRT(9.81*$C4) -> 0.2327298 | H22: =H21*0.5144/SQRT(9.81*$C4) -> 0.2489479 | I22: =I21*0.5144/SQRT(9.81*$C4) -> 0.20029359 | J22: =J21*0.5144/SQRT(9.81*$C4) -> 0.20840264 | ... O22: =O21*0.5144/SQRT(9.81*$C4) -> 0.21335986 | P22: =J9 -> 0.32
A23: Cf x 1000 | B23: (-) | C23: =75/(LOG10(C21*0.5144*$C4*1000000/((43.4233-31.38*$C3)*($K13+20)^(1.72*$C3-2.202)+4.7478-5.779*$C3))-2)^2 -> 1.2813033 | D23: =75/(LOG10(D21*0.5144*$C4*1000000/((43.4233-31.38*$C3)*($K13+20)^(1.72*$C3-2.202)+4.7478-5.779*$C3))-2)^2 -> 1.2784501 | E23: =75/(LOG10(E21*0.5144*$C4*1000000/((43.4233-31.38*$C3)*($K13+20)^(1.72*$C3-2.202)+4.7478-5.779*$C3))-2)^2 -> 1.2756611 | F23: =75/(LOG10(F21*0.5144*$C4*1000000/((43.4233-31.38*$C3)*($K13+20)^(1.72*$C3-2.202)+4.7478-5.779*$C3))-2)^2 -> 1.2729337 | G23: =75/(LOG10(G21*0.5144*$C4*1000000/((43.4233-31.38*$C3)*($K13+20)^(1.72*$C3-2.202)+4.7478-5.779*$C3))-2)^2 -> 1.2625924 | H23: =75/(LOG10(H21*0.5144*$C4*1000000/((43.4233-31.38*$C3)*($K13+20)^(1.72*$C3-2.202)+4.7478-5.779*$C3))-2)^2 -> 1.2530612 | I23: =75/(LOG10(I21*0.5144*$C4*1000000/((43.4233-31.38*$C3)*($K13+20)^(1.72*$C3-2.202)+4.7478-5.779*$C3))-2)^2 -> 1.2842235 | J23: =75/(LOG10(J21*0.5144*$C4*1000000/((43.4233-31.38*$C3)*($K13+20)^(1.72*$C3-2.202)+4.7478-5.779*$C3))-2)^2 -> 1.2784501 | ... P23: =75/(LOG10(P21*0.5144*$C4*1000000/((43.4233-31.38*$C3)*($K13+20)^(1.72*$C3-2.202)+4.7478-5.779*$C3))-2)^2 -> 1.2184718
A24: Cr x 1000 | B24: (-) | C24: =C43 -> 0.78710956 | D24: =D43 -> 0.80104679 | E24: =E43 -> 0.81636433 | F24: =F43 -> 0.83326521 | G24: =G43 -> 0.92222381 | H24: =H43 -> 1.0662687 | I24: =I43 -> 0.77438041 | J24: =J43 -> 0.80104679 | ... O24: =O43 -> 0.81998227 | P24: =P50+P52+P54+P58+P59+P60 -> 3.0538454
A25: Cr-bulbous bow x 1000 | B25: (-) | C25: =$K14*(IF($C16=2,0.52-2.6*C22,MAX(-50,(250*C22-90))/100*C24)) -> -0.30628772 | D25: =$K14*(IF($C16=2,0.52-2.6*D22,MAX(-50,(250*D22-90))/100*D24)) -> -0.30359144 | E25: =$K14*(IF($C16=2,0.52-2.6*E22,MAX(-50,(250*E22-90))/100*E24)) -> -0.30112177 | F25: =$K14*(IF($C16=2,0.52-2.6*F22,MAX(-50,(250*F22-90))/100*F24)) -> -0.29890954 | G25: =$K14*(IF($C16=2,0.52-2.6*G22,MAX(-50,(250*G22-90))/100*G24)) -> -0.29342903 | H25: =$K14*(IF($C16=2,0.52-2.6*H22,MAX(-50,(250*H22-90))/100*H24)) -> -0.29602843 | I25: =$K14*(IF($C16=2,0.52-2.6*I22,MAX(-50,(250*I22-90))/100*I24)) -> -0.30918379 | J25: =$K14*(IF($C16=2,0.52-2.6*J22,MAX(-50,(250*J22-90))/100*J24)) -> -0.30359144 | ... P25: =$K14*(IF($C16=2,0.52-2.6*P22,MAX(-50,(250*P22-90))/100*P24)) -> -0.30538454
A26: Cr-appendage x 1000 (input) | C26: =IF($C17=2,IF($C16=1,0.3,0),0) -> 0 | D26: =IF($C17=2,IF($C16=1,0.3,0),0) -> 0 | E26: =IF($C17=2,IF($C16=1,0.3,0),0) -> 0 | F26: =IF($C17=2,IF($C16=1,0.3,0),0) -> 0 | G26: =IF($C17=2,IF($C16=1,0.3,0),0) -> 0 | H26: =IF($C17=2,IF($C16=1,0.3,0),0) -> 0 | I26: =IF($C17=2,IF($C16=1,0.3,0),0) -> 0 | J26: =IF($C17=2,IF($C16=1,0.3,0),0) -> 0 | ... P26: =IF($C17=2,IF($C16=1,0.3,0),0) -> 0
A27: Air & steering corr. x 1000 (input) | B27: (-) | C27: =MAX(0.09,0.28*'SHIP DATA'!C2^(-0.126)) -> 0.09 | D27: =C27 -> 0.09 | E27: =D27 -> 0.09 | F27: 0 | G27: 0 | H27: =G27 -> 0 | I27: =C27 -> 0.09 | J27: =I27 -> 0.09 | K27: =J27 -> 0.09 | L27: =K27 -> 0.09 | M27: =L27 -> 0.09 | N27: =M27 -> 0.09 | O27: =N27 -> 0.09 | P27: =O27 -> 0.09
A28: Ca x 1000 | B28: (-) | C28: =0.5*LOG10($C7)-0.1*(LOG10($C7))^2 -> -0.16300847 | D28: =0.5*LOG10($C7)-0.1*(LOG10($C7))^2 -> -0.16300847 | E28: =0.5*LOG10($C7)-0.1*(LOG10($C7))^2 -> -0.16300847 | F28: =0.5*LOG10($C7)-0.1*(LOG10($C7))^2 -> -0.16300847 | G28: =0.5*LOG10($C7)-0.1*(LOG10($C7))^2 -> -0.16300847 | H28: =0.5*LOG10($C7)-0.1*(LOG10($C7))^2 -> -0.16300847 | I28: =0.5*LOG10($C7)-0.1*(LOG10($C7))^2 -> -0.16300847 | J28: =0.5*LOG10($C7)-0.1*(LOG10($C7))^2 -> -0.16300847 | ... P28: =0.5*LOG10($C7)-0.1*(LOG10($C7))^2 -> -0.16300847
A29: Ct x 1000 | B29: (-) | C29: =C23+C24+C25+C26+C27+C28 -> 1.6891167 | D29: =D23+D24+D25+D26+D27+D28 -> 1.702897 | E29: =E23+E24+E25+E26+E27+E28 -> 1.7178952 | F29: =F23+F24+F25+F26+F27+F28 -> 1.6442809 | G29: =G23+G24+G25+G26+G27+G28 -> 1.7283787 | H29: =H23+H24+H25+H26+H27+H28 -> 1.860293 | I29: =I23+I24+I25+I26+I27+I28 -> 1.6764117 | J29: =J23+J24+J25+J26+J27+J28 -> 1.702897 | ... O29: =O23+O24+O25+O26+O27+O28 -> 1.7214167 | P29: =P23+P24+P25+P27+P28 -> 3.8939242
A30: Total resistance in the analysis | B30: (kN) | C30: =($C9*$C3*C21^2*0.0001323*C29*$K19/100)*(1+$K12/100) -> 3622.7196 | D30: =($C9*$C3*D21^2*0.0001323*D29*$K19/100)*(1+$K12/100) -> 3798.6441 | E30: =($C9*$C3*E21^2*0.0001323*E29*$K19/100)*(1+$K12/100) -> 3982.6601 | F30: =($C9*$C3*F21^2*0.0001323*F29*$K19/100)*(1+$K12/100) -> 3958.8818 | G30: =($C9*$C3*G21^2*0.0001323*G29*$K19/100)*(1+$K12/100) -> 4808.1355 | H30: =($C9*$C3*H21^2*0.0001323*H29*$K19/100)*(1+$K12/100) -> 5921.5048 | I30: =($C9*$C3*I21^2*0.0001323*I29*$K19/100)*(1+$K12/100) -> 3454.2087 | J30: =($C9*$C3*J21^2*0.0001323*J29*$K19/100)*(1+$K12/100) -> 3798.6441 | ... P30: =($C9*$C3*P21^2*0.0001323*P29*$K19/100)*(1+$K12/100) -> 20479.59
A31: Effective power | B31: (kW) | C31: =C30*C21*0.5144 -> 46960.879 | D31: =D30*D21*0.5144 -> 50218.379 | E31: =E30*E21*0.5144 -> 53675.426 | F31: =F30*F21*0.5144 -> 54373.183 | G31: =G30*G21*0.5144 -> 70983.851 | H31: =H30*H21*0.5144 -> 93512.878 | I31: =I30*I21*0.5144 -> 43888.07 | J31: =J30*J21*0.5144 -> 50218.379 | ... P31: =P30*P21*0.5144 -> 415721.13
A32: Total propulsion efficiency | B32: (-) | C32: =C36*$J6*IF($K17=3,1,$K5*$J7) -> 0.71234089 | D32: =D36*$J6*IF($K17=3,1,$K5*$J7) -> 0.7113261 | E32: =E36*$J6*IF($K17=3,1,$K5*$J7) -> 0.71022672 | F32: =F36*$J6*IF($K17=3,1,$K5*$J7) -> 0.71567407 | G32: =G36*$J6*IF($K17=3,1,$K5*$J7) -> 0.70946139 | H32: =H36*$J6*IF($K17=3,1,$K5*$J7) -> 0.70004425 | I32: =I36*$J6*IF($K17=3,1,$K5*$J7) -> 0.71328049 | J32: =J36*$J6*IF($K17=3,1,$K5*$J7) -> 0.7113261 | ... P32: =P36*$J6*IF($K17=3,1,$K5*$J7) -> 0.58999664
A33: Propulsion power | B33: (kW) | C33: =C31/C32 -> 65924.728 | D33: =D31/D32 -> 70598.252 | E33: =E31/E32 -> 75575.058 | F33: =F31/F32 -> 75974.785 | G33: =G31/G32 -> 100053.16 | H33: =H31/H32 -> 133581.38 | I33: =I31/I32 -> 61529.89 | J33: =J31/J32 -> 70598.252 | ... P33: =P31/P32 -> 704616.09 | Q33: 75 % MCR | R33: ='SHIP DATA'!$C$47*0.75 -> 71664.767 | S33: =S34*S35*R36-S34*S36*R35+S35*S36*R34 -> 26.292277 | T33: 75 % MCR | U33: ='SHIP DATA'!C47*0.75 -> 71664.767 | V33: =V34*V35*U36-V34*V36*U35+V35*V36*U34 -> 25.810319
A34: Thrust loading coefficient, Cth | B34: (-) | C34: =2.54648*C30/(1-$K4)/$C17/$C3/(C37*$C18)^2/$J7 -> 1.1065754 | D34: =2.54648*D30/(1-$K4)/$C17/$C3/(D37*$C18)^2/$J7 -> 1.1156032 | E34: =2.54648*E30/(1-$K4)/$C17/$C3/(E37*$C18)^2/$J7 -> 1.1254288 | F34: =2.54648*F30/(1-$K4)/$C17/$C3/(F37*$C18)^2/$J7 -> 1.0772026 | G34: =2.54648*G30/(1-$K4)/$C17/$C3/(G37*$C18)^2/$J7 -> 1.1322968 | H34: =2.54648*H30/(1-$K4)/$C17/$C3/(H37*$C18)^2/$J7 -> 1.2187166 | I34: =2.54648*I30/(1-$K4)/$C17/$C3/(I37*$C18)^2/$J7 -> 1.0982521 | J34: =2.54648*J30/(1-$K4)/$C17/$C3/(J37*$C18)^2/$J7 -> 1.1156032 | ... P34: =2.54648*P30/(1-$K4)/$C17/$C3/(P37*$C18)^2/$J7 -> 2.5509906 | Q34: =F33-G33 -> -24078.371 | R34: =F21/Q34/Q35 -> 1.9249166e-08 | S34: =R33-F33 -> -4310.0172 | T34: =I33-J33 -> -9068.3618 | U34: =I21/T34/T35 -> 1.4073273e-07 | V34: =U33-I33 -> 10134.877
A35: Necessary blade area ratio | B35: (-) | C35: =(1.3+0.3*$C19)*C30/(1-$K4)/$C17/(99.6+$C3*9.81*0.65*$C18)/$C18^2+C70 -> 0.85279701 | D35: =(1.3+0.3*$C19)*D30/(1-$K4)/$C17/(99.6+$C3*9.81*0.65*$C18)/$C18^2+D70 -> 0.88449778 | E35: =(1.3+0.3*$C19)*E30/(1-$K4)/$C17/(99.6+$C3*9.81*0.65*$C18)/$C18^2+E70 -> 0.91765659 | F35: =(1.3+0.3*$C19)*F30/(1-$K4)/$C17/(99.6+$C3*9.81*0.65*$C18)/$C18^2+F70 -> 0.91337186 | G35: =(1.3+0.3*$C19)*G30/(1-$K4)/$C17/(99.6+$C3*9.81*0.65*$C18)/$C18^2+G70 -> 1.0664034 | H35: =(1.3+0.3*$C19)*H30/(1-$K4)/$C17/(99.6+$C3*9.81*0.65*$C18)/$C18^2+H70 -> 1.2670273 | I35: =(1.3+0.3*$C19)*I30/(1-$K4)/$C17/(99.6+$C3*9.81*0.65*$C18)/$C18^2+I70 -> 0.82243214 | J35: =(1.3+0.3*$C19)*J30/(1-$K4)/$C17/(99.6+$C3*9.81*0.65*$C18)/$C18^2+J70 -> 0.88449778 | ... P35: =(1.3+0.3*$C19)*P30/(1-$K4)/$C17/(99.6+$C3*9.81*0.65*$C18)/$C18^2+P70 -> 3.8903256 | Q35: =F33-H33 -> -57606.597 | R35: =G21/Q34/Q36 -> 3.5550377e-08 | S35: =R33-G33 -> -28388.389 | T35: =I33-K33 -> -19354.101 | U35: =J21/T34/T36 -> 2.7552992e-07 | V35: =U33-J33 -> 1066.5155
A36: Approximate propeller efficiency | B36: (-) | C36: =(1+$K18/100)*IF($K17=3,1/(1+16.8/C21),IF($K17=1,0.81-0.014*C34,0.00098*C34^3-0.018542*C34^2+0.11195*C34+0.634)/(1+SQRT(1+C34))*2) -> 0.64820628 | D36: =(1+$K18/100)*IF($K17=3,1/(1+16.8/D21),IF($K17=1,0.81-0.014*D34,0.00098*D34^3-0.018542*D34^2+0.11195*D34+0.634)/(1+SQRT(1+D34))*2) -> 0.64728286 | E36: =(1+$K18/100)*IF($K17=3,1/(1+16.8/E21),IF($K17=1,0.81-0.014*E34,0.00098*E34^3-0.018542*E34^2+0.11195*E34+0.634)/(1+SQRT(1+E34))*2) -> 0.64628246 | F36: =(1+$K18/100)*IF($K17=3,1/(1+16.8/F21),IF($K17=1,0.81-0.014*F34,0.00098*F34^3-0.018542*F34^2+0.11195*F34+0.634)/(1+SQRT(1+F34))*2) -> 0.65123936 | G36: =(1+$K18/100)*IF($K17=3,1/(1+16.8/G21),IF($K17=1,0.81-0.014*G34,0.00098*G34^3-0.018542*G34^2+0.11195*G34+0.634)/(1+SQRT(1+G34))*2) -> 0.64558603 | H36: =(1+$K18/100)*IF($K17=3,1/(1+16.8/H21),IF($K17=1,0.81-0.014*H34,0.00098*H34^3-0.018542*H34^2+0.11195*H34+0.634)/(1+SQRT(1+H34))*2) -> 0.63701675 | I36: =(1+$K18/100)*IF($K17=3,1/(1+16.8/I21),IF($K17=1,0.81-0.014*I34,0.00098*I34^3-0.018542*I34^2+0.11195*I34+0.634)/(1+SQRT(1+I34))*2) -> 0.64906129 | J36: =(1+$K18/100)*IF($K17=3,1/(1+16.8/J21),IF($K17=1,0.81-0.014*J34,0.00098*J34^3-0.018542*J34^2+0.11195*J34+0.634)/(1+SQRT(1+J34))*2) -> 0.64728286 | ... P36: =(1+$K18/100)*IF($K17=3,1/(1+16.8/P21),IF($K17=1,0.81-0.014*P34,0.00098*P34^3-0.018542*P34^2+0.11195*P34+0.634)/(1+SQRT(1+P34))*2) -> 0.53687713 | Q36: =G33-H33 -> -33528.226 | R36: =H21/Q35/Q36 -> 1.5894819e-08 | S36: =R33-H33 -> -61916.615 | T36: =J33-K33 -> -10285.739 | U36: =K21/T35/T36 -> 1.3412284e-07 | V36: =U33-K33 -> -9219.2239
A37: Va | B37: (m/s) | C37: =C21*0.5144*(1-$K3) -> 9.7877112 | D37: =D21*0.5144*(1-$K3) -> 9.9819118 | E37: =E21*0.5144*(1-$K3) -> 10.176112 | F37: =F21*0.5144*(1-$K3) -> 10.370313 | G37: =G21*0.5144*(1-$K3) -> 11.147116 | H37: =H21*0.5144*(1-$K3) -> 11.923918 | I37: =I21*0.5144*(1-$K3) -> 9.5935106 | J37: =J21*0.5144*(1-$K3) -> 9.9819118 | ... P37: =P21*0.5144*(1-$K3) -> 15.327118
A38: Vbehind | B38: (m/s) | C38: =C37*SQRT(1+C34) -> 14.205929 | D38: =D37*SQRT(1+D34) -> 14.518804 | E38: =E37*SQRT(1+E34) -> 14.835602 | F38: =F37*SQRT(1+F34) -> 14.946217 | G38: =G37*SQRT(1+G34) -> 16.277449 | H38: =H37*SQRT(1+H34) -> 17.761101 | I38: =I37*SQRT(1+I34) -> 13.896531 | J38: =J37*SQRT(1+J34) -> 14.518804 | ... P38: =P37*SQRT(1+P34) -> 28.882531
A39: Vincrease | B39: (m/s) | C39: =C38-C37 -> 4.4182182 | D39: =D38-D37 -> 4.5368919 | E39: =E38-E37 -> 4.6594898 | F39: =F38-F37 -> 4.5759043 | G39: =G38-G37 -> 5.130333 | H39: =H38-H37 -> 5.8371834 | I39: =I38-I37 -> 4.3030201 | J39: =J38-J37 -> 4.5368919 | ... P39: =P38-P37 -> 13.555414
A40: Vbehind/Va | B40: (-) | C40: =C38/C37 -> 1.4514046 | D40: =D38/D37 -> 1.4545113 | E40: =E38/E37 -> 1.4578851 | F40: =F38/F37 -> 1.4412504 | G40: =G38/G37 -> 1.4602386 | H40: =H38/H37 -> 1.4895357 | I40: =I38/I37 -> 1.4485345 | J40: =J38/J37 -> 1.4545113 | ... P40: =P38/P37 -> 1.8844072
A41: Disc. flow speed | B41: (m/s) | C41: =C37+0.5*C39 -> 11.99682 | D41: =D37+0.5*D39 -> 12.250358 | E41: =E37+0.5*E39 -> 12.505857 | F41: =F37+0.5*F39 -> 12.658265 | G41: =G37+0.5*G39 -> 13.712282 | H41: =H37+0.5*H39 -> 14.84251 | I41: =I37+0.5*I39 -> 11.745021 | J41: =J37+0.5*J39 -> 12.250358 | ... P41: =P37+0.5*P39 -> 22.104824
A42: Water flow pr. propeller | B42: (m^3/s) | C42: =0.785*$C18^2*C41 -> 944.31181 | D42: =0.785*$C18^2*D41 -> 964.26863 | E42: =0.785*$C18^2*E41 -> 984.3799 | F42: =0.785*$C18^2*F41 -> 996.37646 | G42: =0.785*$C18^2*G41 -> 1079.3418 | H42: =0.785*$C18^2*H41 -> 1168.306 | I42: =0.785*$C18^2*I41 -> 924.49178 | J42: =0.785*$C18^2*J41 -> 964.26863 | ... P42: =0.785*$C18^2*P41 -> 1739.9483
A43: Cr summation | B43: (-) | C43: =C50+C52+C54+C58+C59+C60 -> 0.78710956 | D43: =D50+D52+D54+D58+D59+D60 -> 0.80104679 | E43: =E50+E52+E54+E58+E59+E60 -> 0.81636433 | F43: =F50+F52+F54+F58+F59+F60 -> 0.83326521 | G43: =G50+G52+G54+G58+G59+G60 -> 0.92222381 | H43: =H50+H52+H54+H58+H59+H60 -> 1.0662687 | I43: =I50+I52+I54+I58+I59+I60 -> 0.77438041 | J43: =J50+J52+J54+J58+J59+J60 -> 0.80104679 | ... P43: =P50+P52+P54+P58+P59+P60 -> 3.0538454
B44: A0= | C44: =1.35-0.23*$C13+0.012*$C13^2 -> 0.32559356 | D44: =1.35-0.23*$C13+0.012*$C13^2 -> 0.32559356 | E44: =1.35-0.23*$C13+0.012*$C13^2 -> 0.32559356 | F44: =1.35-0.23*$C13+0.012*$C13^2 -> 0.32559356 | G44: =1.35-0.23*$C13+0.012*$C13^2 -> 0.32559356 | H44: =1.35-0.23*$C13+0.012*$C13^2 -> 0.32559356 | I44: =1.35-0.23*$C13+0.012*$C13^2 -> 0.32559356 | J44: =1.35-0.23*$C13+0.012*$C13^2 -> 0.32559356 | ... P44: =1.35-0.23*$C13+0.012*$C13^2 -> 0.32559356
B45: A1= | C45: =0.0011*$C13^9.1 -> 56728.855 | D45: =0.0011*$C13^9.1 -> 56728.855 | E45: =0.0011*$C13^9.1 -> 56728.855 | F45: =0.0011*$C13^9.1 -> 56728.855 | G45: =0.0011*$C13^9.1 -> 56728.855 | H45: =0.0011*$C13^9.1 -> 56728.855 | I45: =0.0011*$C13^9.1 -> 56728.855 | J45: =0.0011*$C13^9.1 -> 56728.855 | ... P45: =0.0011*$C13^9.1 -> 56728.855
B46: N1= | C46: =2*$C13-3.7 -> 10.378219 | D46: =2*$C13-3.7 -> 10.378219 | E46: =2*$C13-3.7 -> 10.378219 | F46: =2*$C13-3.7 -> 10.378219 | G46: =2*$C13-3.7 -> 10.378219 | H46: =2*$C13-3.7 -> 10.378219 | I46: =2*$C13-3.7 -> 10.378219 | J46: =2*$C13-3.7 -> 10.378219 | ... P46: =2*$C13-3.7 -> 10.378219
B47: B1= | C47: =7-0.09*$C13^2 -> 2.5405842 | D47: =7-0.09*$C13^2 -> 2.5405842 | E47: =7-0.09*$C13^2 -> 2.5405842 | F47: =7-0.09*$C13^2 -> 2.5405842 | G47: =7-0.09*$C13^2 -> 2.5405842 | H47: =7-0.09*$C13^2 -> 2.5405842 | I47: =7-0.09*$C13^2 -> 2.5405842 | J47: =7-0.09*$C13^2 -> 2.5405842 | ... P47: =7-0.09*$C13^2 -> 2.5405842
B48: B2= | C48: =(5*$C12-2.5)^2 -> 0.66402531 | D48: =(5*$C12-2.5)^2 -> 0.66402531 | E48: =(5*$C12-2.5)^2 -> 0.66402531 | F48: =(5*$C12-2.5)^2 -> 0.66402531 | G48: =(5*$C12-2.5)^2 -> 0.66402531 | H48: =(5*$C12-2.5)^2 -> 0.66402531 | I48: =(5*$C12-2.5)^2 -> 0.66402531 | J48: =(5*$C12-2.5)^2 -> 0.66402531 | ... P48: =(5*$C12-2.5)^2 -> 0.66402531
B49: B3= | C49: =(600*(C22-0.315)^2+1)^1.5 -> 24.112447 | D49: =(600*(D22-0.315)^2+1)^1.5 -> 21.858818 | E49: =(600*(E22-0.315)^2+1)^1.5 -> 19.760079 | F49: =(600*(F22-0.315)^2+1)^1.5 -> 17.810393 | G49: =(600*(G22-0.315)^2+1)^1.5 -> 11.38567 | H49: =(600*(H22-0.315)^2+1)^1.5 -> 6.8810361 | I49: =(600*(I22-0.315)^2+1)^1.5 -> 26.526807 | J49: =(600*(J22-0.315)^2+1)^1.5 -> 21.858818 | ... P49: =(600*(P22-0.315)^2+1)^1.5 -> 1.0225842
B50: G= | C50: =C47*C48/C49 -> 0.069964373 | D50: =D47*D48/D49 -> 0.077177649 | E50: =E47*E48/E49 -> 0.085374769 | F50: =F47*F48/F49 -> 0.094720663 | G50: =G47*G48/G49 -> 0.14816978 | H50: =H47*H48/H49 -> 0.24516835 | I50: =I47*I48/I49 -> 0.063596505 | J50: =J47*J48/J49 -> 0.077177649 | ... P50: =P47*P48/P49 -> 1.6497539
C51: =C22-(0.04+0.59*$C12)-0.015*($C13-5) -> -0.25739407 | D51: =D22-(0.04+0.59*$C12)-0.015*($C13-5) -> -0.25333955 | E51: =E22-(0.04+0.59*$C12)-0.015*($C13-5) -> -0.24928502 | F51: =F22-(0.04+0.59*$C12)-0.015*($C13-5) -> -0.24523049 | G51: =G22-(0.04+0.59*$C12)-0.015*($C13-5) -> -0.22901239 | H51: =H22-(0.04+0.59*$C12)-0.015*($C13-5) -> -0.21279429 | I51: =I22-(0.04+0.59*$C12)-0.015*($C13-5) -> -0.2614486 | J51: =J22-(0.04+0.59*$C12)-0.015*($C13-5) -> -0.25333955 | ... P51: =P22-(0.04+0.59*$C12)-0.015*($C13-5) -> -0.14174219
B52: H= | C52: =EXP(80*C51) -> 1.1408117e-09 | D52: =EXP(80*D51) -> 1.5779114e-09 | E52: =EXP(80*E51) -> 2.1824851e-09 | F52: =EXP(80*F51) -> 3.0187e-09 | G52: =EXP(80*G51) -> 1.1048278e-08 | H52: =EXP(80*H51) -> 4.0436101e-08 | I52: =EXP(80*I51) -> 8.2479362e-10 | J52: =EXP(80*J51) -> 1.5779114e-09 | ... P52: =EXP(80*P51) -> 1.1895207e-05
C53: =20*$C12-16 -> -2.7404901 | D53: =20*$C12-16 -> -2.7404901 | E53: =20*$C12-16 -> -2.7404901 | F53: =20*$C12-16 -> -2.7404901 | G53: =20*$C12-16 -> -2.7404901 | H53: =20*$C12-16 -> -2.7404901 | I53: =20*$C12-16 -> -2.7404901 | J53: =20*$C12-16 -> -2.7404901 | ... P53: =20*$C12-16 -> -2.7404901
B54: K= | C54: =180*C22^3.7*EXP(C53) -> 0.032618512 | D54: =180*D22^3.7*EXP(D53) -> 0.03507799 | E54: =180*E22^3.7*EXP(E53) -> 0.037670113 | F54: =180*F22^3.7*EXP(F53) -> 0.040399297 | G54: =180*G22^3.7*EXP(G53) -> 0.052777056 | H54: =180*H22^3.7*EXP(H53) -> 0.067716442 | I54: =180*I22^3.7*EXP(I53) -> 0.030287322 | J54: =180*J22^3.7*EXP(J53) -> 0.03507799 | ... P54: =180*P22^3.7*EXP(P53) -> 0.17145404
C55: =C44+1.5*C22^1.8+C45*C22^(C46) -> 0.4155958 | D55: =D44+1.5*D22^1.8+D45*D22^(D46) -> 0.41958699 | E55: =E44+1.5*E22^1.8+E45*E22^(E46) -> 0.42380559 | F55: =F44+1.5*F22^1.8+F45*F22^(F46) -> 0.42828271 | G55: =G44+1.5*G22^1.8+G45*G22^(G46) -> 0.4495779 | H55: =H44+1.5*H22^1.8+H45*H22^(H46) -> 0.4790158 | I55: =I44+1.5*I22^1.8+I45*I22^(I46) -> 0.41180507 | J55: =J44+1.5*J22^1.8+J45*J22^(J46) -> 0.41958699 | ... P55: =P44+1.5*P22^1.8+P45*P22^(P46) -> 0.93359617
C56: =0.98+2.5/($C13-2)^4 -> 0.98387726 | D56: =0.98+2.5/($C13-2)^4 -> 0.98387726 | E56: =0.98+2.5/($C13-2)^4 -> 0.98387726 | F56: =0.98+2.5/($C13-2)^4 -> 0.98387726 | G56: =0.98+2.5/($C13-2)^4 -> 0.98387726 | H56: =0.98+2.5/($C13-2)^4 -> 0.98387726 | I56: =0.98+2.5/($C13-2)^4 -> 0.98387726 | J56: =0.98+2.5/($C13-2)^4 -> 0.98387726 | ... P56: =0.98+2.5/($C13-2)^4 -> 0.98387726
C57: =($C13-5)^4*(C22-0.1)^4 -> 0.0020497492 | D57: =($C13-5)^4*(D22-0.1)^4 -> 0.0023873811 | E57: =($C13-5)^4*(E22-0.1)^4 -> 0.0027651001 | F57: =($C13-5)^4*(F22-0.1)^4 -> 0.0031859603 | G57: =($C13-5)^4*(G22-0.1)^4 -> 0.0053658191 | H57: =($C13-5)^4*(H22-0.1)^4 -> 0.008509418 | I57: =($C13-5)^4*(I22-0.1)^4 -> 0.0017492625 | J57: =($C13-5)^4*(J22-0.1)^4 -> 0.0023873811 | ... P57: =($C13-5)^4*(P22-0.1)^4 -> 0.040499814
B58: E= | C58: =C55*C56+C57 -> 0.410945 | D58: =D55*D56+D57 -> 0.41520948 | E58: =E55*E56+E57 -> 0.41973778 | F58: =F55*F56+F57 -> 0.42456358 | G58: =G55*G56+G57 -> 0.44769529 | H58: =H55*H56+H57 -> 0.47980217 | I58: =I55*I56+I57 -> 0.40691491 | J58: =J55*J56+J57 -> 0.41520948 | ... P58: =P55*P56+P57 -> 0.95904386
B59: B/T-corr | C59: =0.16*($C5/$C6-2.5) -> 0.27358167 | D59: =0.16*($C5/$C6-2.5) -> 0.27358167 | E59: =0.16*($C5/$C6-2.5) -> 0.27358167 | F59: =0.16*($C5/$C6-2.5) -> 0.27358167 | G59: =0.16*($C5/$C6-2.5) -> 0.27358167 | H59: =0.16*($C5/$C6-2.5) -> 0.27358167 | I59: =0.16*($C5/$C6-2.5) -> 0.27358167 | J59: =0.16*($C5/$C6-2.5) -> 0.27358167 | ... P59: =0.16*($C5/$C6-2.5) -> 0.27358167
B60: Formcorr. | C60: =($C15-$C14)/3*0.1 -> 0 | D60: =($C15-$C14)/3*0.1 -> 0 | E60: =($C15-$C14)/3*0.1 -> 0 | F60: =($C15-$C14)/3*0.1 -> 0 | G60: =($C15-$C14)/3*0.1 -> 0 | H60: =($C15-$C14)/3*0.1 -> 0 | I60: =($C15-$C14)/3*0.1 -> 0 | J60: =($C15-$C14)/3*0.1 -> 0 | ... P60: =($C15-$C14)/3*0.1 -> 0
B61: a= | C61: =0.1*C5/C4+0.149 -> 0.16263003 | D61: d= | E61: =0.625*C5/C4+0.08 -> 0.16518768
B62: b= | C62: =0.05*C5/C4+0.449 -> 0.45581501 | D62: e= | E62: =0.165-0.25*C5/C4 -> 0.13092493
B63: c= | C63: =585-5027*C5/C4+11700*(C5/C4)^2 -> 117.17835 | D63: f= | E63: =825-8060*C5/C4+20300*(C5/C4)^2 -> 103.54838
B64: w1= | C64: =C61+C62/(C63*(0.98-C11)^3+1) -> 0.2499188 | D64: t1= | E64: =E61+E62/(E63*(0.98-C11)^3+1) -> 0.19286249
B65: w2= | C65: =0.025*C15/(100*(C11-0.7)^2+1) -> 0 | D65: t2= | E65: =-0.01*C15 -> 0
B66: w3= | C66: =0.00756/(C18/C4+0.002)-0.18 -> 0.10623736 | D66: t3= | E66: =2*(C18/C4-0.04) -> -0.031176706
B67: w=3 | C67: =MIN(0.1,C66) -> 0.1
B68: w(1)= | C68: =C64+C65+C67 -> 0.3499188 | D68: t(1)= | E68: =E64+E65+E66 -> 0.16168578 | F68: w(twsk)= | G68: =0.7*C11-0.2 -> 0.25480119
B69: w(2)= | C69: =1.133*C11^2-0.797*C11+0.215 -> 0.17545063 | D69: t(2)= | E69: =0.0665+0.62833*C69 -> 0.17674089 | F69: t(twsk.)= | G69: =0.19 -> 0.19
A70: Cavitation area calculation | B70: K | C70: =IF(C22>$J9,0,IF($C17=1,0.2,0.1)) -> 0.2 | D70: =IF(D22>$J9,0,IF($C17=1,0.2,0.1)) -> 0.2 | E70: =IF(E22>$J9,0,IF($C17=1,0.2,0.1)) -> 0.2 | F70: =IF(F22>$J9,0,IF($C17=1,0.2,0.1)) -> 0.2 | G70: =IF(G22>$J9,0,IF($C17=1,0.2,0.1)) -> 0.2 | H70: =IF(H22>$J9,0,IF($C17=1,0.2,0.1)) -> 0.2 | I70: =IF(I22>$J9,0,IF($C17=1,0.2,0.1)) -> 0.2 | J70: =IF(J22>$J9,0,IF($C17=1,0.2,0.1)) -> 0.2 | ... P70: =IF(P22>$J9,0,IF($C17=1,0.2,0.1)) -> 0.2
A72: Korrektioner
A73: 36967 | B73: Waterjet virkningsgrad inkluderet samt også mulighed for opdeling af total fremdrivningsmodstand til separate analyser
A74: 38922 | B74: Korrektion for bulb = 10 % af restmodstanden samt Ca
A75: 38959 | B75: Korrektion for temperatur på Cf
A76: 39513 | B76: Korrektion af Cr for bulb

Sheet PAS1
A1: Speed and power calculation - Version 2012.06.18
A2: Main data | J2: Input
A3: Water density | B3: (t/m^3) | C3: 1.025 | G3: Wake fraction (1 = calc.) | J3: 1 | K3: =IF(J3=1,IF(C17=1,0.7*C71,IF(C16=1,C72,G71)),J3) -> 0.24494316
A4: Length on water line | B4: (m) | C4: ='SHIP DATA'!C6 -> 410.19723 | G4: Thrust deduction (1 = calc.) | J4: 1 | K4: =IF(K15=1,0.25,IF(J4=1,IF(C17=1,E71,IF(C16=1,E72,G72)),J4)) -> 0.16168578
A5: Breadth on water line | B5: (m) | C5: ='SHIP DATA'!C8 -> 55.91 | G5: Hull efficiency (calculated) | K5: =(1-K4)/(1-K3) -> 1.1102664
A6: Mean draught | B6: (m) | C6: ='SHIP DATA'!C77 -> 13.280646 | G6: Transm. efficiency (input) | J6: ='SHIP DATA'!C45/100 -> 0.98
A7: Displacement | B7: (tons) | C7: ='SHIP DATA'!C75 -> 202837.78 | G7: Relative rot. efficiency (input) | J7: =IF(C16=2,1.03,1.01) -> 1.01
A8: Wetted surface, given as input (S) | B8: (m^2) | C8: ='SHIP DATA'!C78 -> 24905.214 | G8: Transition zone:
A9: Wetted surface, calculated if S = 0 | B9: (m^2) | C9: =IF(C8=0,0.995*(C7/C3/C6+1.9*C4*C6),C8) -> 24905.214 | G9: Lower Froude number | J9: 0.32 | K9: =IF(J9>0.32,"Too high"," ")
A10: Midship section coefficient | B10: (-) | C10: ='SHIP DATA'!C29 -> 0.98 | J10: 0.95 | K10: =IF(J10<0.9,"Too low"," ") | M10: Design speed (knots) | P10: ='SHIP DATA'!C79 -> 25.7
A11: Block coefficient | B11: (-) | C11: =C7/C3/C4/C5/C6 -> 0.64971599
A12: Prismatic coefficient | B12: (-) | C12: =C11/C10 -> 0.6629755 | G12: Service allowance (pct.) | K12: ='SHIP DATA'!C80 -> 0
A13: Length-displacement ratio | B13: (-) | C13: =C4/(C7/C3)^(1/3) -> 7.0391096 | G13: Water temperature (degrees Celcius) | K13: 15 | M13: Stack height | O13: =IF('SHIP DATA'!C2<500,2+(500-'SHIP DATA'!C2)/125,IF('SHIP DATA'!C2<9000,7,IF('SHIP DATA'!C2<12000,8,9))) -> 9
A14: Form fore (V : -3, N: 0, U: +3) | B14: (-) | C14: 0 | G14: Bulbous bow (0 = No, 1 = Yes) | K14: 1 | M14: Tiers above cont. | O14: =IF('SHIP DATA'!C2<2500,1.5,2) -> 2
A15: Form aft (V: -3, N: 0, U: +3) | B15: (-) | C15: 0 | G15: Ship type (1 = doub. ender, 2 = conv.) | K15: 2
A16: Normal hull (1) or twin skeg (2) | B16: (-) | C16: ='SHIP DATA'!C51 -> 1 | G16: Propeller type: | M16: Wind coefficent, Cx | O16: ='SHIP DATA'!C42 -> 0.8
A17: Number of propellers (1 - 4) | B17: (-) | C17: ='SHIP DATA'!C50 -> 1 | G17: 1 = conv. - 2 = ducted - 3 = water jet | K17: ='SHIP DATA'!C53 -> 1 | M17: Front area (m2) | O17: =C5*(('SHIP DATA'!C9-C6)+2+O13*2.6+2*O14) -> 2589.7151
A18: Propeller diameter | B18: (m) | C18: ='SHIP DATA'!C52 -> 10.01359 | D18: =C18/C6 -> 0.75399869 | E18: of draught | G18: Improved propeller efficiency (pct.) | K18: ='SHIP DATA'!C46 -> 0 | M18: Wind speed (m/s) | O18: ='SHIP DATA'!C43 -> 0
A19: Number of blades, N | B19: (-) | C19: 4 | G19: Resistance fraction in % - Default = 100 | K19: 100
A20: Resistance and power data
A21: Speed (input) | B21: (knots) | C21: =D21-0.5 -> 21.7 | D21: =E21-0.5 -> 22.2 | E21: =F21-0.5 -> 22.7 | F21: =G21-0.5 -> 23.2 | G21: =H21-0.5 -> 23.7 | H21: =I21-0.5 -> 24.2 | I21: =J21-0.5 -> 24.7 | J21: =K21-0.5 -> 25.2 | K21: =P10 -> 25.7 | L21: =M21-0.01 -> 25.69 | M21: =P10 -> 25.7 | N21: =M21+0.01 -> 25.71 | O21: =N21+0.5 -> 26.21 | P21: =P22*SQRT(9.81*C4)/0.5144 -> 39.462072
A22: Froude Number | B22: (-) | C22: =C21*0.5144/SQRT(9.81*$C4) -> 0.17596643 | D22: =D21*0.5144/SQRT(9.81*$C4) -> 0.18002096 | E22: =E21*0.5144/SQRT(9.81*$C4) -> 0.18407548 | F22: =F21*0.5144/SQRT(9.81*$C4) -> 0.18813001 | G22: =G21*0.5144/SQRT(9.81*$C4) -> 0.19218454 | H22: =H21*0.5144/SQRT(9.81*$C4) -> 0.19623906 | I22: =I21*0.5144/SQRT(9.81*$C4) -> 0.20029359 | J22: =J21*0.5144/SQRT(9.81*$C4) -> 0.20434811 | ... O22: =O21*0.5144/SQRT(9.81*$C4) -> 0.21253826 | P22: =J9 -> 0.32
A23: Cf x 1000 | B23: (-) | C23: =75/(LOG10(C21*0.5144*$C4*1000000/((43.4233-31.38*$C3)*($K13+20)^(1.72*$C3-2.202)+4.7478-5.779*$C3))-2)^2 -> 1.3033352 | D23: =75/(LOG10(D21*0.5144*$C4*1000000/((43.4233-31.38*$C3)*($K13+20)^(1.72*$C3-2.202)+4.7478-5.779*$C3))-2)^2 -> 1.2999423 | E23: =75/(LOG10(E21*0.5144*$C4*1000000/((43.4233-31.38*$C3)*($K13+20)^(1.72*$C3-2.202)+4.7478-5.779*$C3))-2)^2 -> 1.2966377 | F23: =75/(LOG10(F21*0.5144*$C4*1000000/((43.4233-31.38*$C3)*($K13+20)^(1.72*$C3-2.202)+4.7478-5.779*$C3))-2)^2 -> 1.2934174 | G23: =75/(LOG10(G21*0.5144*$C4*1000000/((43.4233-31.38*$C3)*($K13+20)^(1.72*$C3-2.202)+4.7478-5.779*$C3))-2)^2 -> 1.2902773 | H23: =75/(LOG10(H21*0.5144*$C4*1000000/((43.4233-31.38*$C3)*($K13+20)^(1.72*$C3-2.202)+4.7478-5.779*$C3))-2)^2 -> 1.2872138 | I23: =75/(LOG10(I21*0.5144*$C4*1000000/((43.4233-31.38*$C3)*($K13+20)^(1.72*$C3-2.202)+4.7478-5.779*$C3))-2)^2 -> 1.2842235 | J23: =75/(LOG10(J21*0.5144*$C4*1000000/((43.4233-31.38*$C3)*($K13+20)^(1.72*$C3-2.202)+4.7478-5.779*$C3))-2)^2 -> 1.2813033 | ... P23: =75/(LOG10(P21*0.5144*$C4*1000000/((43.4233-31.38*$C3)*($K13+20)^(1.72*$C3-2.202)+4.7478-5.779*$C3))-2)^2 -> 1.2184718
A24: Cr x 1000 | B24: (-) | C24: =C46 -> 0.71649549 | D24: =D46 -> 0.72441066 | E24: =E46 -> 0.73291609 | F24: =F46 -> 0.74208007 | G24: =G46 -> 0.75198168 | H24: =H46 -> 0.76271279 | I24: =I46 -> 0.77438041 | J24: =J46 -> 0.78710956 | ... O24: =O46 -> 0.8166861 | P24: =P53+P55+P57+P61+P62+P63 -> 3.0538454
A25: Cr-bulbous bow x 1000 | B25: (-) | C25: =$K14*(IF($C16=2,0.52-2.6*C22,MAX(-50,(250*C22-90))/100*C24)) -> -0.32964805 | D25: =$K14*(IF($C16=2,0.52-2.6*D22,MAX(-50,(250*D22-90))/100*D24)) -> -0.32594684 | E25: =$K14*(IF($C16=2,0.52-2.6*E22,MAX(-50,(250*E22-90))/100*E24)) -> -0.32234477 | F25: =$K14*(IF($C16=2,0.52-2.6*F22,MAX(-50,(250*F22-90))/100*F24)) -> -0.31885323 | G25: =$K14*(IF($C16=2,0.52-2.6*G22,MAX(-50,(250*G22-90))/100*G24)) -> -0.31548539 | H25: =$K14*(IF($C16=2,0.52-2.6*H22,MAX(-50,(250*H22-90))/100*H24)) -> -0.3122564 | I25: =$K14*(IF($C16=2,0.52-2.6*I22,MAX(-50,(250*I22-90))/100*I24)) -> -0.30918379 | J25: =$K14*(IF($C16=2,0.52-2.6*J22,MAX(-50,(250*J22-90))/100*J24)) -> -0.30628772 | ... P25: =$K14*(IF($C16=2,0.52-2.6*P22,MAX(-50,(250*P22-90))/100*P24)) -> -0.30538454
A26: Cr-appendage x 1000 (input) | C26: =IF($C17=2,IF($C16=1,0.3,0),0) -> 0 | D26: =IF($C17=2,IF($C16=1,0.3,0),0) -> 0 | E26: =IF($C17=2,IF($C16=1,0.3,0),0) -> 0 | F26: =IF($C17=2,IF($C16=1,0.3,0),0) -> 0 | G26: =IF($C17=2,IF($C16=1,0.3,0),0) -> 0 | H26: =IF($C17=2,IF($C16=1,0.3,0),0) -> 0 | I26: =IF($C17=2,IF($C16=1,0.3,0),0) -> 0 | J26: =IF($C17=2,IF($C16=1,0.3,0),0) -> 0 | ... P26: =IF($C17=2,IF($C16=1,0.3,0),0) -> 0
A27: Air & steering corr. x 1000 (input) | B27: (-) | C27: =MAX(0.09,0.28*'SHIP DATA'!C2^(-0.126)) -> 0.09 | D27: =C27 -> 0.09 | E27: =D27 -> 0.09 | F27: =E27 -> 0.09 | G27: =F27 -> 0.09 | H27: =G27 -> 0.09 | I27: =H27 -> 0.09 | J27: =I27 -> 0.09 | K27: =J27 -> 0.09 | ... P27: =O27 -> 0.09
A28: Ca x 1000 | B28: (-) | C28: =0.5*LOG10($C7)-0.1*(LOG10($C7))^2 -> -0.16300847 | D28: =0.5*LOG10($C7)-0.1*(LOG10($C7))^2 -> -0.16300847 | E28: =0.5*LOG10($C7)-0.1*(LOG10($C7))^2 -> -0.16300847 | F28: =0.5*LOG10($C7)-0.1*(LOG10($C7))^2 -> -0.16300847 | G28: =0.5*LOG10($C7)-0.1*(LOG10($C7))^2 -> -0.16300847 | H28: =0.5*LOG10($C7)-0.1*(LOG10($C7))^2 -> -0.16300847 | I28: =0.5*LOG10($C7)-0.1*(LOG10($C7))^2 -> -0.16300847 | J28: =0.5*LOG10($C7)-0.1*(LOG10($C7))^2 -> -0.16300847 | ... P28: =0.5*LOG10($C7)-0.1*(LOG10($C7))^2 -> -0.16300847
A29: Ct x 1000 | B29: (-) | C29: =C23+C24+C25+C26+C27+C28 -> 1.6171742 | D29: =D23+D24+D25+D26+D27+D28 -> 1.6253976 | E29: =E23+E24+E25+E26+E27+E28 -> 1.6342006 | F29: =F23+F24+F25+F26+F27+F28 -> 1.6436357 | G29: =G23+G24+G25+G26+G27+G28 -> 1.6537651 | H29: =H23+H24+H25+H26+H27+H28 -> 1.6646617 | I29: =I23+I24+I25+I26+I27+I28 -> 1.6764117 | J29: =J23+J24+J25+J26+J27+J28 -> 1.6891167 | ... O29: =O23+O24+O25+O26+O27+O28 -> 1.7182087 | P29: =P23+P24+P25+P27+P28 -> 3.8939242
A30: Wind resistance in head wind | B30: (kN) | C30: =0.00062*$O17*$O16*((C21*0.5144+$O18)^2-(C21*0.5144)^2) -> 0 | D30: =0.00062*$O17*$O16*((D21*0.5144+$O18)^2-(D21*0.5144)^2) -> 0 | E30: =0.00062*$O17*$O16*((E21*0.5144+$O18)^2-(E21*0.5144)^2) -> 0 | F30: =0.00062*$O17*$O16*((F21*0.5144+$O18)^2-(F21*0.5144)^2) -> 0 | G30: =0.00062*$O17*$O16*((G21*0.5144+$O18)^2-(G21*0.5144)^2) -> 0 | H30: =0.00062*$O17*$O16*((H21*0.5144+$O18)^2-(H21*0.5144)^2) -> 0 | I30: =0.00062*$O17*$O16*((I21*0.5144+$O18)^2-(I21*0.5144)^2) -> 0 | J30: =0.00062*$O17*$O16*((J21*0.5144+$O18)^2-(J21*0.5144)^2) -> 0 | ... O30: =0.00062*$O17*$O16*((O21*0.5144+$O18)^2-(O21*0.5144)^2) -> 0
A31: Wind resistance/total resistance | B31: % | C31: =C30/C32*100 -> 0 | D31: =D30/D32*100 -> 0 | E31: =E30/E32*100 -> 0 | F31: =F30/F32*100 -> 0 | G31: =G30/G32*100 -> 0 | H31: =H30/H32*100 -> 0 | I31: =I30/I32*100 -> 0 | J31: =J30/J32*100 -> 0 | ... O31: =O30/O32*100 -> 0
A32: Resistance incl. wind | B32: (kN) | C32: =($C9*$C3*C21^2*0.0001323*C29*$K19/100)+C30 -> 2571.8773 | D32: =($C9*$C3*D21^2*0.0001323*D29*$K19/100)+D30 -> 2705.4503 | E32: =($C9*$C3*E21^2*0.0001323*E29*$K19/100)+E30 -> 2844.0096 | F32: =($C9*$C3*F21^2*0.0001323*F29*$K19/100)+F30 -> 2987.8276 | G32: =($C9*$C3*G21^2*0.0001323*G29*$K19/100)+G30 -> 3137.2166 | H32: =($C9*$C3*H21^2*0.0001323*H29*$K19/100)+H30 -> 3292.5373 | I32: =($C9*$C3*I21^2*0.0001323*I29*$K19/100)+I30 -> 3454.2087 | J32: =($C9*$C3*J21^2*0.0001323*J29*$K19/100)+J30 -> 3622.7196 | ... O32: =($C9*$C3*O21^2*0.0001323*O29*$K19/100)+O30 -> 3986.4283
A33: Total resistance in the analysis | B33: (kN) | C33: =($C9*$C3*C21^2*0.0001323*C29*$K19/100)*(1+$K12/100)+C30 -> 2571.8773 | D33: =($C9*$C3*D21^2*0.0001323*D29*$K19/100)*(1+$K12/100)+D30 -> 2705.4503 | E33: =($C9*$C3*E21^2*0.0001323*E29*$K19/100)*(1+$K12/100)+E30 -> 2844.0096 | F33: =($C9*$C3*F21^2*0.0001323*F29*$K19/100)*(1+$K12/100)+F30 -> 2987.8276 | G33: =($C9*$C3*G21^2*0.0001323*G29*$K19/100)*(1+$K12/100)+G30 -> 3137.2166 | H33: =($C9*$C3*H21^2*0.0001323*H29*$K19/100)*(1+$K12/100)+H30 -> 3292.5373 | I33: =($C9*$C3*I21^2*0.0001323*I29*$K19/100)*(1+$K12/100)+I30 -> 3454.2087 | J33: =($C9*$C3*J21^2*0.0001323*J29*$K19/100)*(1+$K12/100)+J30 -> 3622.7196 | ... P33: =($C9*$C3*P21^2*0.0001323*P29*$K19/100)*(1+$K12/100)+P30 -> 20479.59
A34: Effective power | B34: (kW) | C34: =C33*C21*0.5144 -> 28708.529 | D34: =D33*D21*0.5144 -> 30895.377 | E34: =E33*E21*0.5144 -> 33209.159 | F34: =F33*F21*0.5144 -> 35656.973 | G34: =G33*G21*0.5144 -> 38246.686 | H34: =H33*H21*0.5144 -> 40987.085 | I34: =I33*I21*0.5144 -> 43888.07 | J34: =J33*J21*0.5144 -> 46960.879 | ... P34: =P33*P21*0.5144 -> 415721.13
A35: Total propulsion efficiency | B35: (-) | C35: =C39*$J6*IF($K17=3,1,$K5*$J7) -> 0.71771299 | D35: =D39*$J6*IF($K17=3,1,$K5*$J7) -> 0.71709252 | E35: =E39*$J6*IF($K17=3,1,$K5*$J7) -> 0.71643018 | F35: =F39*$J6*IF($K17=3,1,$K5*$J7) -> 0.71572239 | G35: =G39*$J6*IF($K17=3,1,$K5*$J7) -> 0.71496494 | H35: =H39*$J6*IF($K17=3,1,$K5*$J7) -> 0.71415291 | I35: =I39*$J6*IF($K17=3,1,$K5*$J7) -> 0.71328049 | J35: =J39*$J6*IF($K17=3,1,$K5*$J7) -> 0.71234089 | ... P35: =P39*$J6*IF($K17=3,1,$K5*$J7) -> 0.58999664
A36: Propulsion power | B36: (kW) | C36: =C34/C35 -> 40000.013 | D36: =D34/D35 -> 43084.227 | E36: =E34/E35 -> 46353.658 | F36: =F34/F35 -> 49819.558 | G36: =G34/G35 -> 53494.491 | H36: =H34/H35 -> 57392.59 | I36: =I34/I35 -> 61529.89 | J36: =J34/J35 -> 65924.728 | ... P36: =P34/P35 -> 704616.09
A37: Thrust loading coefficient, Cth | B37: (-) | C37: =2.54648*C33/(1-$K4)/$C17/$C3/(C40*$C18)^2/$J7 -> 1.0594444 | D37: =2.54648*D33/(1-$K4)/$C17/$C3/(D40*$C18)^2/$J7 -> 1.0648317 | E37: =2.54648*E33/(1-$K4)/$C17/$C3/(E40*$C18)^2/$J7 -> 1.0705987 | F37: =2.54648*F33/(1-$K4)/$C17/$C3/(F40*$C18)^2/$J7 -> 1.0767799 | G37: =2.54648*G33/(1-$K4)/$C17/$C3/(G40*$C18)^2/$J7 -> 1.0834159 | H37: =2.54648*H33/(1-$K4)/$C17/$C3/(H40*$C18)^2/$J7 -> 1.0905544 | I37: =2.54648*I33/(1-$K4)/$C17/$C3/(I40*$C18)^2/$J7 -> 1.0982521 | J37: =2.54648*J33/(1-$K4)/$C17/$C3/(J40*$C18)^2/$J7 -> 1.1065754 | ... P37: =2.54648*P33/(1-$K4)/$C17/$C3/(P40*$C18)^2/$J7 -> 2.5509906
A38: Necessary blade area ratio | B38: (-) | C38: =(1.3+0.3*$C19)*C33/(1-$K4)/$C17/(99.6+$C3*9.81*0.65*$C18)/$C18^2+C73 -> 0.66344018 | D38: =(1.3+0.3*$C19)*D33/(1-$K4)/$C17/(99.6+$C3*9.81*0.65*$C18)/$C18^2+D73 -> 0.6875094 | E38: =(1.3+0.3*$C19)*E33/(1-$K4)/$C17/(99.6+$C3*9.81*0.65*$C18)/$C18^2+E73 -> 0.71247714 | F38: =(1.3+0.3*$C19)*F33/(1-$K4)/$C17/(99.6+$C3*9.81*0.65*$C18)/$C18^2+F73 -> 0.73839246 | G38: =(1.3+0.3*$C19)*G33/(1-$K4)/$C17/(99.6+$C3*9.81*0.65*$C18)/$C18^2+G73 -> 0.76531165 | H38: =(1.3+0.3*$C19)*H33/(1-$K4)/$C17/(99.6+$C3*9.81*0.65*$C18)/$C18^2+H73 -> 0.79329972 | I38: =(1.3+0.3*$C19)*I33/(1-$K4)/$C17/(99.6+$C3*9.81*0.65*$C18)/$C18^2+I73 -> 0.82243214 | J38: =(1.3+0.3*$C19)*J33/(1-$K4)/$C17/(99.6+$C3*9.81*0.65*$C18)/$C18^2+J73 -> 0.85279701 | ... P38: =(1.3+0.3*$C19)*P33/(1-$K4)/$C17/(99.6+$C3*9.81*0.65*$C18)/$C18^2+P73 -> 3.8903256
A39: Approximate propeller efficiency | B39: (-) | C39: =(1+$K18/100)*IF($K17=3,1/(1+16.8/C21),IF($K17=1,0.81-0.014*C37,0.00098*C37^3-0.018542*C37^2+0.11195*C37+0.634)/(1+SQRT(1+C37))*2) -> 0.65309472 | D39: =(1+$K18/100)*IF($K17=3,1/(1+16.8/D21),IF($K17=1,0.81-0.014*D37,0.00098*D37^3-0.018542*D37^2+0.11195*D37+0.634)/(1+SQRT(1+D37))*2) -> 0.65253011 | E39: =(1+$K18/100)*IF($K17=3,1/(1+16.8/E21),IF($K17=1,0.81-0.014*E37,0.00098*E37^3-0.018542*E37^2+0.11195*E37+0.634)/(1+SQRT(1+E37))*2) -> 0.6519274 | F39: =(1+$K18/100)*IF($K17=3,1/(1+16.8/F21),IF($K17=1,0.81-0.014*F37,0.00098*F37^3-0.018542*F37^2+0.11195*F37+0.634)/(1+SQRT(1+F37))*2) -> 0.65128333 | G39: =(1+$K18/100)*IF($K17=3,1/(1+16.8/G21),IF($K17=1,0.81-0.014*G37,0.00098*G37^3-0.018542*G37^2+0.11195*G37+0.634)/(1+SQRT(1+G37))*2) -> 0.65059408 | H39: =(1+$K18/100)*IF($K17=3,1/(1+16.8/H21),IF($K17=1,0.81-0.014*H37,0.00098*H37^3-0.018542*H37^2+0.11195*H37+0.634)/(1+SQRT(1+H37))*2) -> 0.64985516 | I39: =(1+$K18/100)*IF($K17=3,1/(1+16.8/I21),IF($K17=1,0.81-0.014*I37,0.00098*I37^3-0.018542*I37^2+0.11195*I37+0.634)/(1+SQRT(1+I37))*2) -> 0.64906129 | J39: =(1+$K18/100)*IF($K17=3,1/(1+16.8/J21),IF($K17=1,0.81-0.014*J37,0.00098*J37^3-0.018542*J37^2+0.11195*J37+0.634)/(1+SQRT(1+J37))*2) -> 0.64820628 | ... P39: =(1+$K18/100)*IF($K17=3,1/(1+16.8/P21),IF($K17=1,0.81-0.014*P37,0.00098*P37^3-0.018542*P37^2+0.11195*P37+0.634)/(1+SQRT(1+P37))*2) -> 0.53687713
A40: Va | B40: (m/s) | C40: =C21*0.5144*(1-$K3) -> 8.4283069 | D40: =D21*0.5144*(1-$K3) -> 8.6225075 | E40: =E21*0.5144*(1-$K3) -> 8.8167081 | F40: =F21*0.5144*(1-$K3) -> 9.0109087 | G40: =G21*0.5144*(1-$K3) -> 9.2051093 | H40: =H21*0.5144*(1-$K3) -> 9.3993099 | I40: =I21*0.5144*(1-$K3) -> 9.5935106 | J40: =J21*0.5144*(1-$K3) -> 9.7877112 | ... P40: =P21*0.5144*(1-$K3) -> 15.327118
A41: Vbehind | B41: (m/s) | C41: =C40*SQRT(1+C37) -> 12.095265 | D41: =D40*SQRT(1+D37) -> 12.390131 | E41: =E40*SQRT(1+E37) -> 12.686868 | F41: =F40*SQRT(1+F37) -> 12.985654 | G41: =G40*SQRT(1+G37) -> 13.286694 | H41: =H40*SQRT(1+H37) -> 13.590227 | I41: =I40*SQRT(1+I37) -> 13.896531 | J41: =J40*SQRT(1+J37) -> 14.205929 | ... P41: =P40*SQRT(1+P37) -> 28.882531
A42: Vincrease | B42: (m/s) | C42: =C41-C40 -> 3.6669577 | D42: =D41-D40 -> 3.767624 | E42: =E41-E40 -> 3.8701603 | F42: =F41-F40 -> 3.9747452 | G42: =G41-G40 -> 4.0815847 | H42: =H41-H40 -> 4.1909171 | I42: =I41-I40 -> 4.3030201 | J42: =J41-J40 -> 4.4182182 | ... P42: =P41-P40 -> 13.555414
A43: Vbehind/Va | B43: (-) | C43: =C41/C40 -> 1.4350764 | D43: =D41/D40 -> 1.4369522 | E43: =E41/E40 -> 1.4389575 | F43: =F41/F40 -> 1.4411037 | G43: =G41/G40 -> 1.4434043 | H43: =H41/H40 -> 1.445875 | I43: =I41/I40 -> 1.4485345 | J43: =J41/J40 -> 1.4514046 | ... P43: =P41/P40 -> 1.8844072
A44: Disc. flow speed | B44: (m/s) | C44: =C40+0.5*C42 -> 10.261786 | D44: =D40+0.5*D42 -> 10.506319 | E44: =E40+0.5*E42 -> 10.751788 | F44: =F40+0.5*F42 -> 10.998281 | G44: =G40+0.5*G42 -> 11.245902 | H44: =H40+0.5*H42 -> 11.494769 | I44: =I40+0.5*I42 -> 11.745021 | J44: =J40+0.5*J42 -> 11.99682 | ... P44: =P40+0.5*P42 -> 22.104824
A45: Water flow pr. propeller | B45: (m^3/s) | C45: =0.785*$C18^2*C44 -> 807.74115 | D45: =0.785*$C18^2*D44 -> 826.98926 | E45: =0.785*$C18^2*E44 -> 846.31097 | F45: =0.785*$C18^2*F44 -> 865.71331 | G45: =0.785*$C18^2*G44 -> 885.20437 | H45: =0.785*$C18^2*H44 -> 904.79355 | I45: =0.785*$C18^2*I44 -> 924.49178 | J45: =0.785*$C18^2*J44 -> 944.31181 | ... P45: =0.785*$C18^2*P44 -> 1739.9483
A46: Cr summation | B46: (-) | C46: =C53+C55+C57+C61+C62+C63 -> 0.71649549 | D46: =D53+D55+D57+D61+D62+D63 -> 0.72441066 | E46: =E53+E55+E57+E61+E62+E63 -> 0.73291609 | F46: =F53+F55+F57+F61+F62+F63 -> 0.74208007 | G46: =G53+G55+G57+G61+G62+G63 -> 0.75198168 | H46: =H53+H55+H57+H61+H62+H63 -> 0.76271279 | I46: =I53+I55+I57+I61+I62+I63 -> 0.77438041 | J46: =J53+J55+J57+J61+J62+J63 -> 0.78710956 | ... P46: =P53+P55+P57+P61+P62+P63 -> 3.0538454
B47: A0= | C47: =1.35-0.23*$C13+0.012*$C13^2 -> 0.32559356 | D47: =1.35-0.23*$C13+0.012*$C13^2 -> 0.32559356 | E47: =1.35-0.23*$C13+0.012*$C13^2 -> 0.32559356 | F47: =1.35-0.23*$C13+0.012*$C13^2 -> 0.32559356 | G47: =1.35-0.23*$C13+0.012*$C13^2 -> 0.32559356 | H47: =1.35-0.23*$C13+0.012*$C13^2 -> 0.32559356 | I47: =1.35-0.23*$C13+0.012*$C13^2 -> 0.32559356 | J47: =1.35-0.23*$C13+0.012*$C13^2 -> 0.32559356 | ... P47: =1.35-0.23*$C13+0.012*$C13^2 -> 0.32559356
B48: A1= | C48: =0.0011*$C13^9.1 -> 56728.855 | D48: =0.0011*$C13^9.1 -> 56728.855 | E48: =0.0011*$C13^9.1 -> 56728.855 | F48: =0.0011*$C13^9.1 -> 56728.855 | G48: =0.0011*$C13^9.1 -> 56728.855 | H48: =0.0011*$C13^9.1 -> 56728.855 | I48: =0.0011*$C13^9.1 -> 56728.855 | J48: =0.0011*$C13^9.1 -> 56728.855 | ... P48: =0.0011*$C13^9.1 -> 56728.855
B49: N1= | C49: =2*$C13-3.7 -> 10.378219 | D49: =2*$C13-3.7 -> 10.378219 | E49: =2*$C13-3.7 -> 10.378219 | F49: =2*$C13-3.7 -> 10.378219 | G49: =2*$C13-3.7 -> 10.378219 | H49: =2*$C13-3.7 -> 10.378219 | I49: =2*$C13-3.7 -> 10.378219 | J49: =2*$C13-3.7 -> 10.378219 | ... P49: =2*$C13-3.7 -> 10.378219
B50: B1= | C50: =7-0.09*$C13^2 -> 2.5405842 | D50: =7-0.09*$C13^2 -> 2.5405842 | E50: =7-0.09*$C13^2 -> 2.5405842 | F50: =7-0.09*$C13^2 -> 2.5405842 | G50: =7-0.09*$C13^2 -> 2.5405842 | H50: =7-0.09*$C13^2 -> 2.5405842 | I50: =7-0.09*$C13^2 -> 2.5405842 | J50: =7-0.09*$C13^2 -> 2.5405842 | ... P50: =7-0.09*$C13^2 -> 2.5405842
B51: B2= | C51: =(5*$C12-2.5)^2 -> 0.66402531 | D51: =(5*$C12-2.5)^2 -> 0.66402531 | E51: =(5*$C12-2.5)^2 -> 0.66402531 | F51: =(5*$C12-2.5)^2 -> 0.66402531 | G51: =(5*$C12-2.5)^2 -> 0.66402531 | H51: =(5*$C12-2.5)^2 -> 0.66402531 | I51: =(5*$C12-2.5)^2 -> 0.66402531 | J51: =(5*$C12-2.5)^2 -> 0.66402531 | ... P51: =(5*$C12-2.5)^2 -> 0.66402531
B52: B3= | C52: =(600*(C22-0.315)^2+1)^1.5 -> 44.715978 | D52: =(600*(D22-0.315)^2+1)^1.5 -> 41.214336 | E52: =(600*(E22-0.315)^2+1)^1.5 -> 37.908551 | F52: =(600*(F22-0.315)^2+1)^1.5 -> 34.792763 | G52: =(600*(G22-0.315)^2+1)^1.5 -> 31.861113 | H52: =(600*(H22-0.315)^2+1)^1.5 -> 29.107746 | I52: =(600*(I22-0.315)^2+1)^1.5 -> 26.526807 | J52: =(600*(J22-0.315)^2+1)^1.5 -> 24.112447 | ... P52: =(600*(P22-0.315)^2+1)^1.5 -> 1.0225842
B53: G= | C53: =C50*C51/C52 -> 0.03772728 | D53: =D50*D51/D52 -> 0.040932656 | E53: =E50*E51/E52 -> 0.044502156 | F53: =F50*F51/F52 -> 0.048487447 | G53: =G50*G51/G52 -> 0.052948942 | H53: =H50*H51/H52 -> 0.057957502 | I53: =I50*I51/I52 -> 0.063596505 | J53: =J50*J51/J52 -> 0.069964373 | ... P53: =P50*P51/P52 -> 1.6497539
C54: =C22-(0.04+0.59*$C12)-0.015*($C13-5) -> -0.28577576 | D54: =D22-(0.04+0.59*$C12)-0.015*($C13-5) -> -0.28172123 | E54: =E22-(0.04+0.59*$C12)-0.015*($C13-5) -> -0.2776667 | F54: =F22-(0.04+0.59*$C12)-0.015*($C13-5) -> -0.27361218 | G54: =G22-(0.04+0.59*$C12)-0.015*($C13-5) -> -0.26955765 | H54: =H22-(0.04+0.59*$C12)-0.015*($C13-5) -> -0.26550313 | I54: =I22-(0.04+0.59*$C12)-0.015*($C13-5) -> -0.2614486 | J54: =J22-(0.04+0.59*$C12)-0.015*($C13-5) -> -0.25739407 | ... P54: =P22-(0.04+0.59*$C12)-0.015*($C13-5) -> -0.14174219
B55: H= | C55: =EXP(80*C54) -> 1.1779675e-10 | D55: =EXP(80*D54) -> 1.6293034e-10 | E55: =EXP(80*E54) -> 2.2535678e-10 | F55: =EXP(80*F54) -> 3.1170179e-10 | G55: =EXP(80*G54) -> 4.3112972e-10 | H55: =EXP(80*H54) -> 5.9631623e-10 | I55: =EXP(80*I54) -> 8.2479362e-10 | J55: =EXP(80*J54) -> 1.1408117e-09 | ... P55: =EXP(80*P54) -> 1.1895207e-05
C56: =20*$C12-16 -> -2.7404901 | D56: =20*$C12-16 -> -2.7404901 | E56: =20*$C12-16 -> -2.7404901 | F56: =20*$C12-16 -> -2.7404901 | G56: =20*$C12-16 -> -2.7404901 | H56: =20*$C12-16 -> -2.7404901 | I56: =20*$C12-16 -> -2.7404901 | J56: =20*$C12-16 -> -2.7404901 | ... P56: =20*$C12-16 -> -2.7404901
B57: K= | C57: =180*C22^3.7*EXP(C56) -> 0.018757854 | D57: =180*D22^3.7*EXP(D56) -> 0.020407422 | E57: =180*E22^3.7*EXP(E56) -> 0.022160411 | F57: =180*F22^3.7*EXP(F56) -> 0.024020812 | G57: =180*G22^3.7*EXP(G56) -> 0.025992678 | H57: =180*H22^3.7*EXP(H56) -> 0.028080122 | I57: =180*I22^3.7*EXP(I56) -> 0.030287322 | J57: =180*J22^3.7*EXP(J56) -> 0.032618512 | ... P57: =180*P22^3.7*EXP(P56) -> 0.17145404
C58: =C47+1.5*C22^1.8+C48*C22^(C49) -> 0.39217586 | D58: =D47+1.5*D22^1.8+D48*D22^(D49) -> 0.39515094 | E58: =E47+1.5*E22^1.8+E48*E22^(E49) -> 0.39822854 | F58: =F47+1.5*F22^1.8+F48*F22^(F49) -> 0.40141918 | G58: =G47+1.5*G22^1.8+G48*G22^(G49) -> 0.40473532 | H58: =H47+1.5*H22^1.8+H48*H22^(H49) -> 0.40819157 | I58: =I47+1.5*I22^1.8+I48*I22^(I49) -> 0.41180507 | J58: =J47+1.5*J22^1.8+J48*J22^(J49) -> 0.4155958 | ... P58: =P47+1.5*P22^1.8+P48*P22^(P49) -> 0.93359617
C59: =0.98+2.5/($C13-2)^4 -> 0.98387726 | D59: =0.98+2.5/($C13-2)^4 -> 0.98387726 | E59: =0.98+2.5/($C13-2)^4 -> 0.98387726 | F59: =0.98+2.5/($C13-2)^4 -> 0.98387726 | G59: =0.98+2.5/($C13-2)^4 -> 0.98387726 | H59: =0.98+2.5/($C13-2)^4 -> 0.98387726 | I59: =0.98+2.5/($C13-2)^4 -> 0.98387726 | J59: =0.98+2.5/($C13-2)^4 -> 0.98387726 | ... P59: =0.98+2.5/($C13-2)^4 -> 0.98387726
C60: =($C13-5)^4*(C22-0.1)^4 -> 0.00057577025 | D60: =($C13-5)^4*(D22-0.1)^4 -> 0.00070888746 | E60: =($C13-5)^4*(E22-0.1)^4 -> 0.00086385293 | F60: =($C13-5)^4*(F22-0.1)^4 -> 0.0010429358 | G60: =($C13-5)^4*(G22-0.1)^4 -> 0.0012485174 | H60: =($C13-5)^4*(H22-0.1)^4 -> 0.0014830911 | I60: =($C13-5)^4*(I22-0.1)^4 -> 0.0017492625 | J60: =($C13-5)^4*(J22-0.1)^4 -> 0.0020497492 | ... P60: =($C13-5)^4*(P22-0.1)^4 -> 0.040499814
B61: E= | C61: =C58*C59+C60 -> 0.38642868 | D61: =D58*D59+D60 -> 0.38948891 | E61: =E58*E59+E60 -> 0.39267185 | F61: =F58*F59+F60 -> 0.39599014 | G61: =G58*G59+G60 -> 0.39945839 | H61: =H58*H59+H60 -> 0.4030935 | I61: =I58*I59+I60 -> 0.40691491 | J61: =J58*J59+J60 -> 0.410945 | ... P61: =P58*P59+P60 -> 0.95904386
B62: B/T-corr | C62: =0.16*($C5/$C6-2.5) -> 0.27358167 | D62: =0.16*($C5/$C6-2.5) -> 0.27358167 | E62: =0.16*($C5/$C6-2.5) -> 0.27358167 | F62: =0.16*($C5/$C6-2.5) -> 0.27358167 | G62: =0.16*($C5/$C6-2.5) -> 0.27358167 | H62: =0.16*($C5/$C6-2.5) -> 0.27358167 | I62: =0.16*($C5/$C6-2.5) -> 0.27358167 | J62: =0.16*($C5/$C6-2.5) -> 0.27358167 | ... P62: =0.16*($C5/$C6-2.5) -> 0.27358167
B63: Formcorr. | C63: =($C15-$C14)/3*0.1 -> 0 | D63: =($C15-$C14)/3*0.1 -> 0 | E63: =($C15-$C14)/3*0.1 -> 0 | F63: =($C15-$C14)/3*0.1 -> 0 | G63: =($C15-$C14)/3*0.1 -> 0 | H63: =($C15-$C14)/3*0.1 -> 0 | I63: =($C15-$C14)/3*0.1 -> 0 | J63: =($C15-$C14)/3*0.1 -> 0 | ... P63: =($C15-$C14)/3*0.1 -> 0
B64: a= | C64: =0.1*C5/C4+0.149 -> 0.16263003 | D64: d= | E64: =0.625*C5/C4+0.08 -> 0.16518768
B65: b= | C65: =0.05*C5/C4+0.449 -> 0.45581501 | D65: e= | E65: =0.165-0.25*C5/C4 -> 0.13092493
B66: c= | C66: =585-5027*C5/C4+11700*(C5/C4)^2 -> 117.17835 | D66: f= | E66: =825-8060*C5/C4+20300*(C5/C4)^2 -> 103.54838
B67: w1= | C67: =C64+C65/(C66*(0.98-C11)^3+1) -> 0.2499188 | D67: t1= | E67: =E64+E65/(E66*(0.98-C11)^3+1) -> 0.19286249
B68: w2= | C68: =0.025*C15/(100*(C11-0.7)^2+1) -> 0 | D68: t2= | E68: =-0.01*C15 -> 0
B69: w3= | C69: =0.00756/(C18/C4+0.002)-0.18 -> 0.10623736 | D69: t3= | E69: =2*(C18/C4-0.04) -> -0.031176706
B70: w=3 | C70: =MIN(0.1,C69) -> 0.1
B71: w(1)= | C71: =C67+C68+C70 -> 0.3499188 | D71: t(1)= | E71: =E67+E68+E69 -> 0.16168578 | F71: w(twsk)= | G71: =0.7*C11-0.2 -> 0.25480119
B72: w(2)= | C72: =1.133*C11^2-0.797*C11+0.215 -> 0.17545063 | D72: t(2)= | E72: =0.0665+0.62833*C72 -> 0.17674089 | F72: t(twsk.)= | G72: =0.19 -> 0.19
A73: Cavitation area calculation | B73: K | C73: =IF(C22>$J9,0,IF($C17=1,0.2,0.1)) -> 0.2 | D73: =IF(D22>$J9,0,IF($C17=1,0.2,0.1)) -> 0.2 | E73: =IF(E22>$J9,0,IF($C17=1,0.2,0.1)) -> 0.2 | F73: =IF(F22>$J9,0,IF($C17=1,0.2,0.1)) -> 0.2 | G73: =IF(G22>$J9,0,IF($C17=1,0.2,0.1)) -> 0.2 | H73: =IF(H22>$J9,0,IF($C17=1,0.2,0.1)) -> 0.2 | I73: =IF(I22>$J9,0,IF($C17=1,0.2,0.1)) -> 0.2 | J73: =IF(J22>$J9,0,IF($C17=1,0.2,0.1)) -> 0.2 | ... P73: =IF(P22>$J9,0,IF($C17=1,0.2,0.1)) -> 0.2
A75: Korrektioner
A76: 36967 | B76: Waterjet virkningsgrad inkluderet samt også mulighed for opdeling af total fremdrivningsmodstand til separate analyser
A77: 38922 | B77: Korrektion for bulb = 10 % af restmodstanden samt Ca
A78: 38959 | B78: Korrektion for temperatur på Cf
A79: 39513 | B79: Korrektion af Cr for bulb

Sheet PS2
A1: Speed and power calculation - Version 2012.06.18
A2: Main data | J2: Input
A3: Water density | B3: (t/m^3) | C3: 1.025 | G3: Wake fraction (1 = calc.) | J3: 1 | K3: =IF(J3=1,IF(C17=1,0.7*C71,IF(C16=1,C72,G71)),J3) -> 0.25012993
A4: Length on water line | B4: (m) | C4: ='SHIP DATA'!D6 -> 410.19723 | G4: Thrust deduction (1 = calc.) | J4: 1 | K4: =IF(K15=1,0.25,IF(J4=1,IF(C17=1,E71,IF(C16=1,E72,G72)),J4)) -> 0.16397247
A5: Breadth on water line | B5: (m) | C5: ='SHIP DATA'!D8 -> 55.91 | G5: Hull efficiency (calculated) | K5: =(1-K4)/(1-K3) -> 1.1148965
A6: Mean draught | B6: (m) | C6: ='SHIP DATA'!D10 -> 14.191461 | G6: Transm. efficiency (input) | J6: ='SHIP DATA'!D45/100 -> 0.98
A7: Displacement | B7: (tons) | C7: ='SHIP DATA'!D23 -> 220424.55 | G7: Relative rot. efficiency (input) | J7: =IF(C16=2,1.03,1.01) -> 1.01
A8: Wetted surface, given as input (S) | B8: (m^2) | C8: ='SHIP DATA'!D33 -> 25924.104 | G8: Transition zone:
A9: Wetted surface, calculated if S = 0 | B9: (m^2) | C9: =IF(C8=0,0.995*(C7/C3/C6+1.9*C4*C6),C8) -> 25924.104 | G9: Lower Froude number | J9: 0.32 | K9: =IF(J9>0.32,"Too high"," ")
A10: Midship section coefficient | B10: (-) | C10: ='SHIP DATA'!D29 -> 0.98 | J10: 0.95 | K10: =IF(J10<0.9,"Too low"," ") | M10: Design speed (knots) | P10: ='SHIP DATA'!D35 -> 23
A11: Block coefficient | B11: (-) | C11: =C7/C3/C4/C5/C6 -> 0.66073419
A12: Prismatic coefficient | B12: (-) | C12: =C11/C10 -> 0.67421856 | G12: Service allowance (pct.) | K12: ='SHIP DATA'!D39 -> 15
A13: Length-displacement ratio | B13: (-) | C13: =C4/(C7/C3)^(1/3) -> 6.8466904 | G13: Water temperature (degrees Celcius) | K13: 15 | M13: Stack height | O13: =IF('SHIP DATA'!D2<500,2+(500-'SHIP DATA'!D2)/125,IF('SHIP DATA'!D2<9000,7,IF('SHIP DATA'!D2<12000,8,9))) -> 9
A14: Form fore (V : -3, N: 0, U: +3) | B14: (-) | C14: 0 | G14: Bulbous bow (0 = No, 1 = Yes) | K14: 1 | M14: Tiers above cont. | O14: =IF('SHIP DATA'!D2<2500,1.5,2) -> 2
A15: Form aft (V: -3, N: 0, U: +3) | B15: (-) | C15: 0 | G15: Ship type (1 = doub. ender, 2 = conv.) | K15: 2
A16: Normal hull (1) or twin skeg (2) | B16: (-) | C16: ='SHIP DATA'!D51 -> 1 | G16: Propeller type: | M16: Wind coefficent, Cx | O16: ='SHIP DATA'!D42 -> 0.8
A17: Number of propellers (1 - 4) | B17: (-) | C17: ='SHIP DATA'!D50 -> 1 | G17: 1 = conv. - 2 = ducted - 3 = water jet | K17: ='SHIP DATA'!D53 -> 1 | M17: Front area (m2) | O17: =C5*(('SHIP DATA'!D9-C6)+2+O13*2.6+2*O14) -> 2538.7914
A18: Propeller diameter | B18: (m) | C18: ='SHIP DATA'!D52 -> 10.01359 | D18: =C18/C6 -> 0.70560671 | E18: of draught | G18: Improved propeller efficiency (pct.) | K18: ='SHIP DATA'!D46 -> 0 | M18: Wind speed (m/s) | O18: ='SHIP DATA'!D43 -> 0
A19: Number of blades, N | B19: (-) | C19: 4 | G19: Resistance fraction in % - Default = 100 | K19: 100
A20: Resistance and power data
A21: Speed (input) | B21: (knots) | C21: =D21-0.5 -> 19 | D21: =E21-0.5 -> 19.5 | E21: =F21-0.5 -> 20 | F21: =G21-0.5 -> 20.5 | G21: =H21-0.5 -> 21 | H21: =I21-0.5 -> 21.5 | I21: =J21-0.5 -> 22 | J21: =K21-0.5 -> 22.5 | K21: =P10 -> 23 | L21: =K21+0.5 -> 23.5 | M21: =L21+0.5 -> 24 | N21: =M21+0.5 -> 24.5 | O21: =N21+0.5 -> 25 | P21: =P22*SQRT(9.81*C4)/0.5144 -> 39.462072
A22: Froude Number | B22: (-) | C22: =C21*0.5144/SQRT(9.81*$C4) -> 0.15407199 | D22: =D21*0.5144/SQRT(9.81*$C4) -> 0.15812652 | E22: =E21*0.5144/SQRT(9.81*$C4) -> 0.16218104 | F22: =F21*0.5144/SQRT(9.81*$C4) -> 0.16623557 | G22: =G21*0.5144/SQRT(9.81*$C4) -> 0.1702901 | H22: =H21*0.5144/SQRT(9.81*$C4) -> 0.17434462 | I22: =I21*0.5144/SQRT(9.81*$C4) -> 0.17839915 | J22: =J21*0.5144/SQRT(9.81*$C4) -> 0.18245367 | ... O22: =O21*0.5144/SQRT(9.81*$C4) -> 0.2027263 | P22: =J9 -> 0.32
A23: Cf x 1000 | B23: (-) | C23: =75/(LOG10(C21*0.5144*$C4*1000000/((43.4233-31.38*$C3)*($K13+20)^(1.72*$C3-2.202)+4.7478-5.779*$C3))-2)^2 -> 1.323393 | D23: =75/(LOG10(D21*0.5144*$C4*1000000/((43.4233-31.38*$C3)*($K13+20)^(1.72*$C3-2.202)+4.7478-5.779*$C3))-2)^2 -> 1.3194356 | E23: =75/(LOG10(E21*0.5144*$C4*1000000/((43.4233-31.38*$C3)*($K13+20)^(1.72*$C3-2.202)+4.7478-5.779*$C3))-2)^2 -> 1.3155955 | F23: =75/(LOG10(F21*0.5144*$C4*1000000/((43.4233-31.38*$C3)*($K13+20)^(1.72*$C3-2.202)+4.7478-5.779*$C3))-2)^2 -> 1.3118664 | G23: =75/(LOG10(G21*0.5144*$C4*1000000/((43.4233-31.38*$C3)*($K13+20)^(1.72*$C3-2.202)+4.7478-5.779*$C3))-2)^2 -> 1.3082424 | H23: =75/(LOG10(H21*0.5144*$C4*1000000/((43.4233-31.38*$C3)*($K13+20)^(1.72*$C3-2.202)+4.7478-5.779*$C3))-2)^2 -> 1.3047181 | I23: =75/(LOG10(I21*0.5144*$C4*1000000/((43.4233-31.38*$C3)*($K13+20)^(1.72*$C3-2.202)+4.7478-5.779*$C3))-2)^2 -> 1.3012886 | J23: =75/(LOG10(J21*0.5144*$C4*1000000/((43.4233-31.38*$C3)*($K13+20)^(1.72*$C3-2.202)+4.7478-5.779*$C3))-2)^2 -> 1.2979492 | ... P23: =75/(LOG10(P21*0.5144*$C4*1000000/((43.4233-31.38*$C3)*($K13+20)^(1.72*$C3-2.202)+4.7478-5.779*$C3))-2)^2 -> 1.2184718
A24: Cr x 1000 | B24: (-) | C24: =C46 -> 0.66004356 | D24: =D46 -> 0.66639946 | E24: =E46 -> 0.67317633 | F24: =F46 -> 0.68041459 | G24: =G46 -> 0.68816027 | H24: =H46 -> 0.69646607 | I24: =I46 -> 0.70539236 | J24: =J46 -> 0.71500863 | ... O24: =O46 -> 0.7767346 | P24: =P53+P55+P57+P61+P62+P63 -> 3.5507927
A25: Cr-bulbous bow x 1000 | B25: (-) | C25: =$K14*(IF($C16=2,0.52-2.6*C22,MAX(-50,(250*C22-90))/100*C24)) -> -0.33002178 | D25: =$K14*(IF($C16=2,0.52-2.6*D22,MAX(-50,(250*D22-90))/100*D24)) -> -0.33319973 | E25: =$K14*(IF($C16=2,0.52-2.6*E22,MAX(-50,(250*E22-90))/100*E24)) -> -0.3329176 | F25: =$K14*(IF($C16=2,0.52-2.6*F22,MAX(-50,(250*F22-90))/100*F24)) -> -0.32960036 | G25: =$K14*(IF($C16=2,0.52-2.6*G22,MAX(-50,(250*G22-90))/100*G24)) -> -0.32637705 | H25: =$K14*(IF($C16=2,0.52-2.6*H22,MAX(-50,(250*H22-90))/100*H24)) -> -0.32325668 | I25: =$K14*(IF($C16=2,0.52-2.6*I22,MAX(-50,(250*I22-90))/100*I24)) -> -0.32024964 | J25: =$K14*(IF($C16=2,0.52-2.6*J22,MAX(-50,(250*J22-90))/100*J24)) -> -0.31736789 | ... P25: =$K14*(IF($C16=2,0.52-2.6*P22,MAX(-50,(250*P22-90))/100*P24)) -> -0.35507927
A26: Cr-appendage x 1000 (input) | C26: =IF($C17=2,IF($C16=1,0.3,0),0) -> 0 | D26: =IF($C17=2,IF($C16=1,0.3,0),0) -> 0 | E26: =IF($C17=2,IF($C16=1,0.3,0),0) -> 0 | F26: =IF($C17=2,IF($C16=1,0.3,0),0) -> 0 | G26: =IF($C17=2,IF($C16=1,0.3,0),0) -> 0 | H26: =IF($C17=2,IF($C16=1,0.3,0),0) -> 0 | I26: =IF($C17=2,IF($C16=1,0.3,0),0) -> 0 | J26: =IF($C17=2,IF($C16=1,0.3,0),0) -> 0 | ... P26: =IF($C17=2,IF($C16=1,0.3,0),0) -> 0
A27: Air & steering corr. x 1000 (input) | B27: (-) | C27: =MAX(0.09,0.28*'SHIP DATA'!D2^(-0.126)) -> 0.09 | D27: =C27 -> 0.09 | E27: =D27 -> 0.09 | F27: =E27 -> 0.09 | G27: =F27 -> 0.09 | H27: =G27 -> 0.09 | I27: =H27 -> 0.09 | J27: =I27 -> 0.09 | K27: =J27 -> 0.09 | ... P27: =O27 -> 0.09
A28: Ca x 1000 | B28: (-) | C28: =0.5*LOG10($C7)-0.1*(LOG10($C7))^2 -> -0.18341272 | D28: =0.5*LOG10($C7)-0.1*(LOG10($C7))^2 -> -0.18341272 | E28: =0.5*LOG10($C7)-0.1*(LOG10($C7))^2 -> -0.18341272 | F28: =0.5*LOG10($C7)-0.1*(LOG10($C7))^2 -> -0.18341272 | G28: =0.5*LOG10($C7)-0.1*(LOG10($C7))^2 -> -0.18341272 | H28: =0.5*LOG10($C7)-0.1*(LOG10($C7))^2 -> -0.18341272 | I28: =0.5*LOG10($C7)-0.1*(LOG10($C7))^2 -> -0.18341272 | J28: =0.5*LOG10($C7)-0.1*(LOG10($C7))^2 -> -0.18341272 | ... P28: =0.5*LOG10($C7)-0.1*(LOG10($C7))^2 -> -0.18341272
A29: Ct x 1000 | B29: (-) | C29: =C23+C24+C25+C26+C27+C28 -> 1.560002 | D29: =D23+D24+D25+D26+D27+D28 -> 1.5592226 | E29: =E23+E24+E25+E26+E27+E28 -> 1.5624415 | F29: =F23+F24+F25+F26+F27+F28 -> 1.5692679 | G29: =G23+G24+G25+G26+G27+G28 -> 1.5766129 | H29: =H23+H24+H25+H26+H27+H28 -> 1.5845148 | I29: =I23+I24+I25+I26+I27+I28 -> 1.5930186 | J29: =J23+J24+J25+J26+J27+J28 -> 1.6021772 | ... O29: =O23+O24+O25+O26+O27+O28 -> 1.6603852 | P29: =P23+P24+P25+P27+P28 -> 4.3207726
A30: Wind resistance in head wind | B30: (kN) | C30: =0.00062*$O17*$O16*((C21*0.5144+$O18)^2-(C21*0.5144)^2) -> 0 | D30: =0.00062*$O17*$O16*((D21*0.5144+$O18)^2-(D21*0.5144)^2) -> 0 | E30: =0.00062*$O17*$O16*((E21*0.5144+$O18)^2-(E21*0.5144)^2) -> 0 | F30: =0.00062*$O17*$O16*((F21*0.5144+$O18)^2-(F21*0.5144)^2) -> 0 | G30: =0.00062*$O17*$O16*((G21*0.5144+$O18)^2-(G21*0.5144)^2) -> 0 | H30: =0.00062*$O17*$O16*((H21*0.5144+$O18)^2-(H21*0.5144)^2) -> 0 | I30: =0.00062*$O17*$O16*((I21*0.5144+$O18)^2-(I21*0.5144)^2) -> 0 | J30: =0.00062*$O17*$O16*((J21*0.5144+$O18)^2-(J21*0.5144)^2) -> 0 | ... O30: =0.00062*$O17*$O16*((O21*0.5144+$O18)^2-(O21*0.5144)^2) -> 0
A31: Wind resistance/total resistance | B31: % | C31: =C30/C32*100 -> 0 | D31: =D30/D32*100 -> 0 | E31: =E30/E32*100 -> 0 | F31: =F30/F32*100 -> 0 | G31: =G30/G32*100 -> 0 | H31: =H30/H32*100 -> 0 | I31: =I30/I32*100 -> 0 | J31: =J30/J32*100 -> 0 | ... O31: =O30/O32*100 -> 0
A32: Resistance incl. wind | B32: (kN) | C32: =($C9*$C3*C21^2*0.0001323*C29*$K19/100)+C30 -> 1979.7932 | D32: =($C9*$C3*D21^2*0.0001323*D29*$K19/100)+D30 -> 2084.322 | E32: =($C9*$C3*E21^2*0.0001323*E29*$K19/100)+E30 -> 2197.1071 | F32: =($C9*$C3*F21^2*0.0001323*F29*$K19/100)+F30 -> 2318.4208 | G32: =($C9*$C3*G21^2*0.0001323*G29*$K19/100)+G30 -> 2444.2809 | H32: =($C9*$C3*H21^2*0.0001323*H29*$K19/100)+H30 -> 2574.9018 | I32: =($C9*$C3*I21^2*0.0001323*I29*$K19/100)+I30 -> 2710.5265 | J32: =($C9*$C3*J21^2*0.0001323*J29*$K19/100)+J30 -> 2851.4322 | ... O32: =($C9*$C3*O21^2*0.0001323*O29*$K19/100)+O30 -> 3648.1807
A33: Total resistance in the analysis | B33: (kN) | C33: =($C9*$C3*C21^2*0.0001323*C29*$K19/100)*(1+$K12/100)+C30 -> 2276.7622 | D33: =($C9*$C3*D21^2*0.0001323*D29*$K19/100)*(1+$K12/100)+D30 -> 2396.9703 | E33: =($C9*$C3*E21^2*0.0001323*E29*$K19/100)*(1+$K12/100)+E30 -> 2526.6732 | F33: =($C9*$C3*F21^2*0.0001323*F29*$K19/100)*(1+$K12/100)+F30 -> 2666.1839 | G33: =($C9*$C3*G21^2*0.0001323*G29*$K19/100)*(1+$K12/100)+G30 -> 2810.923 | H33: =($C9*$C3*H21^2*0.0001323*H29*$K19/100)*(1+$K12/100)+H30 -> 2961.137 | I33: =($C9*$C3*I21^2*0.0001323*I29*$K19/100)*(1+$K12/100)+I30 -> 3117.1055 | J33: =($C9*$C3*J21^2*0.0001323*J29*$K19/100)*(1+$K12/100)+J30 -> 3279.147 | ... P33: =($C9*$C3*P21^2*0.0001323*P29*$K19/100)*(1+$K12/100)+P30 -> 27202.353
A34: Effective power | B34: (kW) | C34: =C33*C21*0.5144 -> 22252.163 | D34: =D33*D21*0.5144 -> 24043.53 | E34: =E33*E21*0.5144 -> 25994.413 | F34: =F33*F21*0.5144 -> 28115.443 | G34: =G33*G21*0.5144 -> 30364.715 | H34: =H33*H21*0.5144 -> 32748.991 | I34: =I33*I21*0.5144 -> 35275.66 | J34: =J33*J21*0.5144 -> 37952.848 | ... P34: =P33*P21*0.5144 -> 552188.45
