Workbook
Name BB: #REF!
Name BB: #REF!

Sheet SOSC-jb
B1: Undergraduate Majors
B2: Faculty of Social Sciences
B4: Study Year | C4: Major Type | G4: Head Count Enrolments
D5: 1999-00 | E5: 2000-01 | F5: 2001-02 | G5: 2002-03 | H5: 2003-04 | I5: 2004-05 | J5: 2005-06 | K5: 2006-07 | L5: 2007-08 | M5: 2008-09 | N5: 2011-12 | O5: 2012-13 | P5: 2013-14 | Q5: 2014-15 | R5: 2015-16
C6: Single | D6: 566 | E6: 560 | F6: 604 | G6: 739 | H6: 1193 | I6: 1245 | J6: 1268 | K6: 1287 | L6: 1281 | M6: 1347 | N6: 1377 | O6: 1501 | P6: 1466 | Q6: 1507 | R6: 1347
C7: Combined | D7: 23 | E7: 18 | F7: 6 | G7: 8 | H7: 12 | I7: 13 | J7: 18 | K7: 19 | L7: 15 | M7: 21 | N7: 18 | O7: 21 | P7: 14 | Q7: 15 | R7: 7
B8: Year I | C8: Sub-Total: | D8: 589 | E8: 578 | F8: 610 | G8: 747 | H8: 1205 | I8: 1258 | J8: 1286 | K8: 1306 | L8: 1296 | M8: 1368 | N8: 1395 | O8: 1522 | P8: 1480 | Q8: 1522 | R8: 1354
C9: Gen/Integ. Studies | D9: 3 | E9: 2 | F9: 0 | G9: 1 | H9: 0 | I9: 16 | K9: 270 | L9: 389 | M9: 350 | N9: 311 | O9: 300 | P9: 264 | Q9: 220 | R9: 226
C10: Total: | D10: 592 | E10: 580 | F10: 610 | G10: 748 | H10: 1205 | I10: 1274 | J10: 1286 | K10: 1576 | L10: 1685 | M10: 1718 | N10: 1706 | O10: 1822 | P10: 1744 | Q10: 1742 | R10: 1580
C11: Single | D11: 474 | E11: 572 | F11: 618 | G11: 693 | H11: 827 | I11: 1219 | J11: 1235 | K11: 1161 | L11: 1102 | M11: 1026 | N11: 1046 | O11: 1079 | P11: 1192 | Q11: 1207 | R11: 1158
C12: Combined | D12: 127 | E12: 78 | F12: 52 | G12: 65 | H12: 48 | I12: 78 | J12: 68 | K12: 68 | L12: 48 | M12: 47 | N12: 61 | O12: 56 | P12: 64 | Q12: 54 | R12: 46
B13: Year II | C13: Sub-Total: | D13: 601 | E13: 650 | F13: 670 | G13: 758 | H13: 875 | I13: 1297 | J13: 1303 | K13: 1229 | L13: 1150 | M13: 1073 | N13: 1107 | O13: 1135 | P13: 1256 | Q13: 1261 | R13: 1204
C14: Gen/Integ. Studies | D14: 1 | E14: 1 | F14: 1 | G14: 1 | H14: 0 | I14: 11 | J14: 1 | K14: 101 | L14: 144 | M14: 167 | N14: 130 | O14: 121 | P14: 126 | Q14: 104 | R14: 89
C15: Total: | D15: 602 | E15: 651 | F15: 671 | G15: 759 | H15: 875 | I15: 1308 | J15: 1304 | K15: 1330 | L15: 1294 | M15: 1240 | N15: 1237 | O15: 1256 | P15: 1382 | Q15: 1365 | R15: 1293
C16: Single | D16: 747 | E16: 685 | F16: 762 | G16: 785 | H16: 876 | I16: 806 | J16: 1128 | K16: 1132 | L16: 1023 | M16: 891 | N16: 917 | O16: 956 | P16: 922 | Q16: 1037 | R16: 1031
C17: Combined | D17: 208 | E17: 164 | F17: 161 | G17: 118 | H17: 71 | I17: 77 | J17: 88 | K17: 64 | L17: 79 | M17: 67 | N17: 69 | O17: 76 | P17: 60 | Q17: 56 | R17: 54
B18: Year III | C18: Sub-Total: | D18: 955 | E18: 849 | F18: 923 | G18: 903 | H18: 947 | I18: 883 | J18: 1216 | K18: 1196 | L18: 1102 | M18: 958 | N18: 986 | O18: 1032 | P18: 982 | Q18: 1093 | R18: 1085
C19: Gen/Integ. Studies | D19: 23 | E19: 15 | F19: 9 | G19: 6 | H19: 2 | I19: 2 | J19: 1 | K19: 92 | L19: 105 | M19: 93 | N19: 117 | O19: 88 | P19: 89 | Q19: 95 | R19: 95
C20: Total: | D20: 978 | E20: 864 | F20: 932 | G20: 909 | H20: 949 | I20: 885 | J20: 1217 | K20: 1288 | L20: 1207 | M20: 1051 | N20: 1103 | O20: 1120 | P20: 1071 | Q20: 1188 | R20: 1180
C21: Single | D21: 225 | E21: 378 | F21: 446 | G21: 440 | H21: 513 | I21: 387 | J21: 507 | K21: 767 | L21: 673 | M21: 620 | N21: 669 | O21: 584 | P21: 624 | Q21: 690 | R21: 775
C22: Combined | D22: 83 | E22: 74 | F22: 73 | G22: 84 | H22: 50 | I22: 27 | J22: 42 | K22: 74 | L22: 45 | M22: 52 | N22: 52 | O22: 39 | P22: 53 | Q22: 59 | R22: 56
B23: Year IV | C23: Sub-Total: | D23: 308 | E23: 452 | F23: 519 | G23: 524 | H23: 563 | I23: 414 | J23: 549 | K23: 841 | L23: 718 | M23: 672 | N23: 721 | O23: 623 | P23: 677 | Q23: 749 | R23: 831
C24: Gen/Integ. Studies | D24: 2 | E24: 3 | F24: 3 | G24: 1 | H24: 4 | I24: 1 | J24: 1 | K24: 3 | L24: 5 | M24: 10 | N24: 7 | O24: 9 | P24: 1 | Q24: 8 | R24: 22
C25: Total: | D25: 310 | E25: 455 | F25: 522 | G25: 525 | H25: 567 | I25: 415 | J25: 550 | K25: 844 | L25: 723 | M25: 682 | N25: 728 | O25: 632 | P25: 678 | Q25: 757 | R25: 853
C26: Single | D26: 2012 | E26: 2195 | F26: 2430 | G26: 2657 | H26: 3409 | I26: 3657 | J26: 4138 | K26: 4347 | L26: 4079 | M26: 3884 | N26: 4009 | O26: 4120 | P26: 4204 | Q26: 4441 | R26: 4311
C27: Combined | D27: 441 | E27: 334 | F27: 292 | G27: 275 | H27: 181 | I27: 195 | J27: 216 | K27: 225 | L27: 187 | M27: 187 | N27: 200 | O27: 192 | P27: 191 | Q27: 184 | R27: 163
B28: TOTAL: | C28: Sub-Total: | D28: 2453 | E28: 2529 | F28: 2722 | G28: 2932 | H28: 3590 | I28: 3852 | J28: 4354 | K28: 4572 | L28: 4266 | M28: 4071 | N28: 4209 | O28: 4312 | P28: 4395 | Q28: 4625 | R28: 4474
C29: Gen/Integ. Studies | D29: 29 | E29: 21 | F29: 13 | G29: 9 | H29: 6 | I29: 30 | J29: 3 | K29: 466 | L29: 643 | M29: 620 | N29: 565 | O29: 518 | P29: 480 | Q29: 427 | R29: 432
C30: Total: | D30: 2482 | E30: 2550 | F30: 2735 | G30: 2941 | H30: 3596 | I30: 3882 | J30: 4357 | K30: 5038 | L30: 4909 | M30: 4691 | N30: 4774 | O30: 4830 | P30: 4875 | Q30: 5052 | R30: 4906 | U30: =5052-4830 -> 222
C31: Adjusted Total: | D31: 2375 | E31: 2382 | F31: 2578 | G31: 2824 | H31: 3596 | I31: 3882 | J31: 4357 | K31: 5038 | L31: 4909 | M31: 4691
B32: Male | H32: 988 | I32: 1123 | J32: 1383 | K32: 1718 | L32: 1641 | M32: 1625 | N32: 1743 | O32: 1765 | P32: 1813 | Q32: 1809 | R32: 1768 | S32: =R32/R30 -> 0.36037505
B33: Female | H33: 2608 | I33: 2759 | J33: 2974 | K33: 3320 | L33: 3268 | M33: 3066 | N33: 3031 | O33: 3065 | P33: 3062 | Q33: 3243 | R33: 3138 | S33: =R33/R30 -> 0.63962495
B34: Full-Time | H34: 3258 | I34: 3497 | J34: 3905 | K34: 4382 | L34: 4220 | M34: 4049 | N34: 4195 | O34: 4249 | P34: 4389 | Q34: 4561 | R34: 4359 | S34: =R34/R30 -> 0.88850387
B35: Part-Time | H35: 338 | I35: 385 | J35: 452 | K35: 656 | L35: 689 | M35: 642 | N35: 579 | O35: 581 | P35: 486 | Q35: 491 | R35: 547 | S35: =R35/R30 -> 0.11149613
B61: CODES: All plus NEUR, minus ARTS

Sheet sosc sum-jb 
A1: Undergraduate Majors
A2: Faculty of Social Sciences
A3: Summary
A4: Major | B4: Head Count Enrolments (Including Coop) | U4: Data for chart:
B5: 2003-04 | C5: 2004-05 | D5: 2005-06 | E5: 2006-07 | F5: 2007-08 | G5: 2008-09 | H5: 2011-12 | I5: 2012-13 | J5: 2013-14 | K5: 2014-15 | L5: 2015-16 | U5: Year
A6: Applied Linguistics | H6: Reported under Faculty of Humanities | K6: 238 | L6: 211 | U6: APLS | Z6: 238
A7: Business Economics | B7: 114 | C7: 113 | D7: 120 | E7: 144 | F7: 154 | G7: 131 | H7: 166 | I7: 180 | J7: 182 | K7: 233 | L7: 194 | U7: BECO
A8: Child and Youth Studies | B8: 883 | C8: 751 | D8: 798 | E8: 787 | F8: 786 | G8: 768 | H8: 803 | I8: 880 | J8: 907 | K8: 882 | L8: 912 | U8: CHYS
A9: Communications, Popular Culture & Film | B9: 618 | C9: 703 | D9: 741 | E9: 675 | F9: 593 | G9: 559 | H9: 609 | I9: 668 | J9: 688 | K9: 715 | L9: 727 | U9: CPCF
A10: Economics | B10: 137 | C10: 159 | D10: 214 | E10: 217 | F10: 161 | G10: 190 | H10: 227 | I10: 227 | J10: 239 | K10: 257 | L10: 292 | U10: ECON
A11: Geography | B11: 196 | C11: 250 | D11: 330 | E11: 378 | F11: 367 | G11: 310 | H11: 255 | I11: 216 | J11: 227 | K11: 180 | L11: 172 | U11: GEOG
A12: Labour Studies | B12: 15 | C12: 22 | D12: 29 | E12: 28 | F12: 25 | G12: 23 | H12: 46 | I12: 80 | J12: 110 | K12: 118 | L12: 128 | U12: LABR
A13: Neuroscience | B13: 72 | C13: 71 | D13: 73 | E13: 73 | F13: 66 | G13: 57 | H13: 85 | I13: 91 | J13: 115 | K13: 131 | L13: 138 | U13: NEUR
A14: Political Science | B14: 325 | C14: 418 | D14: 506 | E14: 499 | F14: 495 | G14: 458 | H14: 477 | I14: 469 | J14: 419 | K14: 395 | L14: 362 | U14: POLI
A15: Psychology | B15: 696 | C15: 827 | D15: 874 | E15: 867 | F15: 799 | G15: 787 | H15: 829 | I15: 837 | J15: 839 | K15: 849 | L15: 766 | U15: PSYC
A16: Sociology | B16: 549 | C16: 619 | D16: 679 | E16: 761 | F16: 717 | G16: 703 | H16: 610 | I16: 596 | J16: 640 | K16: 601 | L16: 553 | U16: SOCI
A17: Tourism and Environment | B17: 37 | C17: 46 | D17: 47 | E17: 199 | F17: 157 | G17: 157 | H17: 167 | I17: 119 | J17: 83 | K17: 81 | L17: 76 | U17: TREN
A18: Women's Studies | B18: 27 | C18: 36 | D18: 34 | E18: 39 | F18: 31 | G18: 28 | H18: 36 | I18: 44 | J18: 46 | K18: 48 | L18: 39 | U18: WISE
A19: General Studies (Social Science) | E19: 464 | F19: 644 | G19: 617 | H19: 562 | I19: 518 | J19: 468 | K19: 418 | L19: 424 | U19: GENL
A20: Faculty Total: | E20: 5038 | F20: 4909 | G20: 4691 | H20: 4774 | I20: 4830 | J20: 4875 | K20: 5052 | L20: 4906
A21: *Combined Majors and General/Integrated Majors are counted in full in each unit if the majors are offered by two different units. In the Faculty Total, the student is counted only once if the units belong to the same Faculty.

Sheet sosc sum (COOP)
A1: Undergraduate Majors
A2: Faculty of Social Sciences
A3: Summary - COOP only
A4: Major | B4: Head Count Enrollments (Coop Only) | U4: Data for chart:
B5: 2003-04 | C5: 2004-05 | D5: 2005-06 | E5: 2006-07 | F5: 2007-08 | G5: 2008-09 | H5: 2011-12 | I5: 2012-13 | J5: 2013-14 | K5: 2014-15 | L5: 2015-16
A6: Applied Linguistics | H6: Reported under Faculty of Humanities | K6: 2 | L6: 0
A7: Business Economics | B7: Coop data not available | C7: 17 | D7: 15 | E7: 21 | F7: 31 | G7: 19 | H7: 28 | I7: 30 | J7: 55 | K7: 88 | L7: 68 | U7: BECO
A8: Child and Youth Studies | U8: CHYS
A9: Communications, Popular Culture & Film | C9: 88 | D9: 81 | E9: 61 | F9: 23 | G9: 11 | U9: CPCF
A10: Economics | C10: 1 | D10: 4 | E10: 3 | F10: 2 | G10: 4 | H10: 8 | I10: 17 | J10: 22 | K10: 19 | L10: 14 | U10: ECON
A11: Geography | F11: 9 | G11: 13 | H11: 19 | I11: 14 | J11: 24 | K11: 17 | L11: 18 | U11: GEOG
A12: Labour Studies | K12: 7 | U12: LABR
A13: Neuroscience | F13: 24 | G13: 20 | H13: 27 | I13: 33 | J13: 39 | K13: 46 | L13: 54 | U13: NEUR
A14: Political Science | C14: 16 | D14: 15 | E14: 20 | F14: 37 | G14: 43 | H14: 52 | I14: 53 | J14: 46 | K14: 56 | L14: 55 | U14: POLI
A15: Psychology | C15: 69 | D15: 61 | E15: 79 | F15: 72 | G15: 79 | H15: 119 | I15: 138 | J15: 136 | K15: 132 | L15: 131 | U15: PSYC
A16: Sociology | U16: SOCI
A17: Tourism and Environment | K17: 10 | L17: 39 | U17: TREN
A18: Women's Studies | U18: WISE
A19: General Studies (Social Science) | U19: GENL
A20: Faculty Total: | D20: 202 | E20: 184 | F20: 198 | G20: 189 | H20: 253 | I20: 285 | J20: 322 | K20: 377 | L20: 379
A21: *Combined Majors and General/Integrated Majors are counted in full in each unit if the majors are offered by two different units. In the Faculty Total, the student is counted only once if the units belong to the same Faculty.

Sheet APLS-jb
B1: Undergraduate Majors
B2: Applied Linguistics
B3: TOTAL
B4: Study Year | C4: Major Type | H4: Head Count Enrolments (Including Coop)
D5: 1999-00 | E5: 2000-01 | F5: 2001-02 | G5: 2002-03 | H5: 2003-04 | J5: 2004-05 | L5: 2005-06 | M5: 2006-07 | N5: 2007-08 | O5: 2008-09 | P5: 2011-12 | Q5: 2012-13 | R5: 2013-14 | S5: 2014-15 | T5: 2015-16
C6: Single | D6: 34 | E6: 37 | F6: 45 | G6: 57 | H6: 72 | I6: Coop data not available | J6: 73 | K6: 0 | L6: 87 | M6: 77 | N6: 77 | O6: 70 | P6: 80 | Q6: 82 | R6: 104 | S6: 75 | T6: 60
C7: Combined | D7: 0 | E7: 0 | F7: 0 | G7: 0 | H7: 1 | J7: 0 | K7: 0 | P7: 1 | S7: 1
B8: Year I | C8: Sub-Total: | D8: =D6+D7 -> 34 | E8: =E6+E7 -> 37 | F8: =F6+F7 -> 45 | G8: =G6+G7 -> 57 | H8: =H6+H7 -> 73 | J8: =J6+J7 -> 73 | K8: 0 | L8: =L6+L7 -> 87 | M8: =M6+M7 -> 77 | N8: =SUM(N6:N7) -> 77 | O8: 70 | P8: 81 | Q8: 82 | R8: 104 | S8: 76 | T8: 60
C9: Gen./Integ. Studies | D9: 0 | E9: 0 | F9: 0 | G9: 0 | H9: 0 | J9: 0 | K9: 0
C10: Total: | D10: =D8+D9 -> 34 | E10: =E8+E9 -> 37 | F10: =F8+F9 -> 45 | G10: =G8+G9 -> 57 | H10: =H8+H9 -> 73 | J10: =J8+J9 -> 73 | K10: 0 | L10: =L8+L9 -> 87 | M10: =M8+M9 -> 77 | N10: =SUM(N8:N9) -> 77 | O10: 70 | P10: 81 | Q10: 82 | R10: 104 | S10: 76 | T10: 60
C11: Single | D11: 37 | E11: 30 | F11: 35 | G11: 49 | H11: 52 | J11: 78 | K11: 0 | L11: 55 | M11: 62 | N11: 67 | O11: =54-2 -> 52 | P11: 57 | Q11: 72 | R11: 55 | S11: 65 | T11: 41
C12: Combined | D12: 8 | E12: 4 | F12: 2 | G12: 2 | H12: 3 | J12: 4 | K12: 0 | L12: 5 | M12: 1 | N12: 2 | O12: 2 | P12: 1 | Q12: 4 | R12: 6 | S12: 2 | T12: 3
B13: Year II | C13: Sub-Total: | D13: =D11+D12 -> 45 | E13: =E11+E12 -> 34 | F13: =F11+F12 -> 37 | G13: =G11+G12 -> 51 | H13: =H11+H12 -> 55 | J13: =J11+J12 -> 82 | K13: 0 | L13: =L11+L12 -> 60 | M13: =M11+M12 -> 63 | N13: =SUM(N11:N12) -> 69 | O13: 54 | P13: 58 | Q13: 76 | R13: 61 | S13: 67 | T13: 44
C14: Gen./Integ. Studies | D14: 0 | E14: 0 | F14: 0 | G14: 0 | H14: 0 | J14: 0 | K14: 0 | Q14: 1
C15: Total: | D15: =D13+D14 -> 45 | E15: =E13+E14 -> 34 | F15: =F13+F14 -> 37 | G15: =G13+G14 -> 51 | H15: =H13+H14 -> 55 | J15: =J13+J14 -> 82 | K15: 0 | L15: =L13+L14 -> 60 | M15: =M13+M14 -> 63 | N15: =SUM(N13:N14) -> 69 | O15: 54 | P15: 58 | Q15: 77 | R15: 61 | S15: 67 | T15: 44
C16: Single | D16: 52 | E16: 42 | F16: 40 | G16: =52-9 -> 43 | H16: 48 | J16: 42 | K16: 0 | L16: 67 | M16: 51 | N16: 51 | O16: =68-1-1-1-1-1 -> 63 | P16: 60 | Q16: 39 | R16: 53 | S16: 50 | T16: 61
C17: Combined | D17: 7 | E17: 9 | F17: 11 | G17: 9 | H17: 4 | J17: 4 | K17: 0 | L17: 3 | M17: 6 | N17: 4 | O17: 5 | P17: 9 | Q17: 5 | R17: 3 | S17: 6 | T17: 1
B18: Year III | C18: Sub-Total: | D18: =D16+D17 -> 59 | E18: =E16+E17 -> 51 | F18: =F16+F17 -> 51 | G18: =G16+G17 -> 52 | H18: =H16+H17 -> 52 | J18: =J16+J17 -> 46 | K18: 0 | L18: =L16+L17 -> 70 | M18: =M16+M17 -> 57 | N18: =N16+N17 -> 55 | O18: 68 | P18: 69 | Q18: 44 | R18: 56 | S18: 56 | T18: 62
C19: Gen./Integ. Studies | D19: 0 | E19: 0 | F19: 0 | G19: 0 | H19: 0 | J19: 0 | K19: 0 | R19: 1
C20: Total: | D20: =D18+D19 -> 59 | E20: =E18+E19 -> 51 | F20: =F18+F19 -> 51 | G20: =G18+G19 -> 52 | H20: =H18+H19 -> 52 | J20: =J18+J19 -> 46 | K20: 0 | L20: =L18+L19 -> 70 | M20: =M18+M19 -> 57 | N20: =N18+N19 -> 55 | O20: 68 | P20: 69 | Q20: 44 | R20: 57 | S20: 56 | T20: 62
C21: Single | D21: 21 | E21: 35 | F21: 43 | G21: =54-8 -> 46 | H21: 55 | J21: 37 | K21: 0 | L21: 34 | M21: 51 | N21: 40 | O21: =45-2 -> 43 | P21: 52 | Q21: 56 | R21: 39 | S21: 38 | T21: 42
C22: Combined | D22: 7 | E22: 3 | F22: 3 | G22: 8 | H22: 4 | J22: 1 | K22: 0 | L22: 2 | M22: 4 | N22: 3 | O22: 2 | P22: 4 | Q22: 2 | R22: 5 | S22: 1 | T22: 3
B23: Year IV | C23: Sub-Total: | D23: =D21+D22 -> 28 | E23: =E21+E22 -> 38 | F23: =F21+F22 -> 46 | G23: =G21+G22 -> 54 | H23: =H21+H22 -> 59 | J23: =J21+J22 -> 38 | K23: 0 | L23: =L21+L22 -> 36 | M23: =M21+M22 -> 55 | N23: =N21+N22 -> 43 | O23: 45 | P23: 56 | Q23: 58 | R23: 44 | S23: 39 | T23: 45
C24: Gen./Integ. Studies | D24: 0 | E24: 0 | F24: 0 | G24: 0 | H24: 0 | J24: 0 | K24: 0
C25: Total: | D25: =D23+D24 -> 28 | E25: =E23+E24 -> 38 | F25: =F23+F24 -> 46 | G25: =G23+G24 -> 54 | H25: =H23+H24 -> 59 | J25: =J23+J24 -> 38 | K25: 0 | L25: =L23+L24 -> 36 | M25: =M23+M24 -> 55 | N25: =N23+N24 -> 43 | O25: 45 | P25: 56 | Q25: 58 | R25: 44 | S25: 39 | T25: 45
C26: Single | D26: =SUM(D6,D11,D16,D21) -> 144 | E26: =SUM(E6,E11,E16,E21) -> 144 | F26: =SUM(F6,F11,F16,F21) -> 163 | G26: =SUM(G6,G11,G16,G21) -> 195 | H26: =SUM(H6,H11,H16,H21) -> 227 | J26: =SUM(J6,J11,J16,J21) -> 230 | K26: 0 | L26: =SUM(L6,L11,L16,L21) -> 243 | M26: =SUM(M6,M11,M16,M21) -> 241 | N26: =SUM(N6,N11,N16,N21) -> 235 | O26: =SUM(O6,O11,O16,O21) -> 228 | P26: 249 | Q26: 249 | R26: 251 | S26: 228 | T26: 204
C27: Combined | D27: =SUM(D7,D12,D17,D22) -> 22 | E27: =SUM(E7,E12,E17,E22) -> 16 | F27: =SUM(F7,F12,F17,F22) -> 16 | G27: =SUM(G7,G12,G17,G22) -> 19 | H27: =SUM(H7,H12,H17,H22) -> 12 | J27: =SUM(J7,J12,J17,J22) -> 9 | K27: 0 | L27: =SUM(L7,L12,L17,L22) -> 10 | M27: =SUM(M7,M12,M17,M22) -> 11 | N27: =SUM(N7,N12,N17,N22) -> 9 | O27: =SUM(O7,O12,O17,O22) -> 9 | P27: 15 | Q27: 11 | R27: 14 | S27: 10 | T27: 7
B28: TOTAL: | C28: Sub-Total: | D28: =D26+D27 -> 166 | E28: =E26+E27 -> 160 | F28: =F26+F27 -> 179 | G28: =G26+G27 -> 214 | H28: =H26+H27 -> 239 | J28: =J26+J27 -> 239 | K28: 0 | L28: =L26+L27 -> 253 | M28: =M26+M27 -> 252 | N28: =N26+N27 -> 244 | O28: =SUM(O26:O27) -> 237 | P28: 264 | Q28: 260 | R28: 265 | S28: 238 | T28: 211
C29: Gen./Integ. Studies | D29: =SUM(D9,D14,D19,D24) -> 0 | E29: =SUM(E9,E14,E19,E24) -> 0 | F29: =SUM(F9,F14,F19,F24) -> 0 | G29: =SUM(G9,G14,G19,G24) -> 0 | H29: =SUM(H9,H14,H19,H24) -> 0 | J29: =SUM(J9,J14,J19,J24) -> 0 | K29: 0 | Q29: 1 | R29: 1
C30: Total: | D30: =D28+D29 -> 166 | E30: =E28+E29 -> 160 | F30: =F28+F29 -> 179 | G30: =G28+G29 -> 214 | H30: =H28+H29 -> 239 | J30: =J28+J29 -> 239 | K30: 0 | L30: =L28+L29 -> 253 | M30: =M28+M29 -> 252 | N30: =N28+N29 -> 244 | O30: =SUM(O10,O15,O20,O25) -> 237 | P30: 264 | Q30: 261 | R30: 266 | S30: 238 | T30: 211
B31: Male | D31: 6 | E31: 8 | F31: 8 | G31: 15 | H31: 13 | J31: 14 | K31: 0 | L31: 19 | M31: 22 | N31: 19 | O31: 21 | P31: 17 | Q31: 15 | R31: 15 | S31: 17 | T31: 16
B32: Female | D32: 160 | E32: 152 | F32: 171 | G32: 199 | H32: 226 | J32: 225 | K32: 0 | L32: 234 | M32: 230 | N32: 225 | O32: 216 | P32: 247 | Q32: 246 | R32: 251 | S32: 221 | T32: 195
B33: Full-Time | D33: 152 | E33: 142 | F33: 164 | G33: 184 | H33: 222 | J33: 222 | K33: 0 | L33: 231 | M33: 232 | N33: 222 | O33: 212 | P33: 247 | Q33: 245 | R33: 248 | S33: 224 | T33: 194
B34: Part-Time | D34: 14 | E34: 18 | F34: 15 | G34: 30 | H34: 17 | J34: 17 | K34: 0 | L34: 22 | M34: 20 | N34: 22 | O34: 25 | P34: 17 | Q34: 16 | R34: 18 | S34: 14 | T34: 17
B55: Codes:
B56: ALTS
B57: APLI
B58: CODC
B59: HEAR
B60: HESC
B61: LICD
B62: LING
B63: LISL
B64: LITE
B65: SLPC
B66: SLSC
... B70: TESL

Sheet APLS (COOP)-jb
B1: Undergraduate Majors
B2: Applied Linguistics
B3: COOP
B4: Study Year | C4: Major Type | D4: Head Count Enrolments
D5: 2005-06 | E5: 2006-07 | F5: 2007-08 | G5: 2008-09 | H5: 2011-12 | I5: 2012-13 | J5: 2013-14 | K5: 2014-15 | L5: 2015-16
C6: Single
C7: Combined
B8: Year I | C8: Sub-Total:
C9: Gen./Integ. Studies
C10: Total:
C11: Single | F11: 1 | G11: =1 -> 1 | I11: 1 | K11: 1
C12: Combined
B13: Year II | C13: Sub-Total: | F13: =SUM(F11:F12) -> 1 | G13: 1 | I13: 1 | K13: 1
C14: Gen./Integ. Studies
C15: Total: | F15: =SUM(F13:F14) -> 1 | G15: 1 | I15: 1 | K15: 1
C16: Single | J16: 1
C17: Combined
B18: Year III | C18: Sub-Total: | J18: 1
C19: Gen./Integ. Studies
C20: Total: | J20: 1
C21: Single | K21: 1
C22: Combined
B23: Year IV | C23: Sub-Total: | K23: 1
C24: Gen./Integ. Studies
C25: Total: | K25: 1
C26: Single | F26: =SUM(F6,F11,F16,F21) -> 1 | G26: =SUM(G6,G11,G16,G21) -> 1 | I26: 1 | K26: 2
C27: Combined
B28: TOTAL: | C28: Sub-Total: | F28: =F26+F27 -> 1 | G28: =G26+G27 -> 1 | I28: 1 | K28: 2
C29: Gen./Integ. Studies
C30: Total: | D30: 0 | E30: 0 | F30: =F28+F29 -> 1 | G30: =G28+G29 -> 1 | H30: 0 | I30: 1 | J30: 1 | K30: 2 | L30: 0
B31: Male
B32: Female | F32: 1 | G32: 1 | I32: 1 | J32: 1 | K32: 2
B33: Full-Time | F33: 1 | G33: 1 | I33: 1 | J33: 1 | K33: 1
B34: Part-Time | K34: 1
B35: Note: Prior to 2014-15 APLS enrolment was reported under the Faculty of Humanities.
B64: Codes:
B65: ALTS
B66: APLI
B67: CODC
B68: HEAR
B69: HESC
B70: LICD
B71: LING
B72: LISL
B73: LITE
B74: SLPC
... B79: TESL

Sheet BECO-jb
B1: Undergraduate Majors
B2: Business Economics
B3: TOTAL
B4: Study Year | C4: Major Type | D4: Head Count Enrolments (Including Coop)
D5: 2003-04 | E5: 2004-05 | F5: 2005-06 | G5: 2006-07 | H5: 2007-08 | I5: 2008-09 | J5: 2011-12 | K5: 2012-13 | L5: 2013-14 | M5: 2014-15 | N5: 2015-16
C6: Single | D6: 49 | E6: 54 | F6: 49 | G6: 74 | H6: 84 | I6: 78 | J6: 100 | K6: 96 | L6: 102 | M6: 138 | N6: 101
C7: Combined | D7: 0 | E7: 0
B8: Year I | C8: Sub-Total: | D8: =D6+D7 -> 49 | E8: =E6+E7 -> 54 | F8: =F6+F7 -> 49 | G8: =G6+G7 -> 74 | H8: =H6+H7 -> 84 | I8: =I6+I7 -> 78 | J8: 100 | K8: 96 | L8: 102 | M8: 138 | N8: 101
C9: Gen/Integ. Studies | D9: 0 | E9: 0
C10: Total: | D10: =D8+D9 -> 49 | E10: =E8+E9 -> 54 | F10: =F8+F9 -> 49 | G10: =G8+G9 -> 74 | H10: =H8+H9 -> 84 | I10: =I8+I9 -> 78 | J10: 100 | K10: 96 | L10: 102 | M10: 138 | N10: 101
C11: Single | D11: 20 | E11: 35 | F11: 31 | G11: 19 | H11: 31 | I11: 17 | J11: 36 | K11: 32 | L11: 26 | M11: 35 | N11: 36
C12: Combined | D12: 0 | E12: 0
B13: Year II | C13: Sub-Total: | D13: =D11+D12 -> 20 | E13: =E11+E12 -> 35 | F13: =F11+F12 -> 31 | G13: =G11+G12 -> 19 | H13: =H11+H12 -> 31 | I13: =I11+I12 -> 17 | J13: 36 | K13: 32 | L13: 26 | M13: 35 | N13: 36
C14: Gen/Integ. Studies | D14: 0 | E14: 0
C15: Total: | D15: =D13+D14 -> 20 | E15: =E13+E14 -> 35 | F15: =F13+F14 -> 31 | G15: =G13+G14 -> 19 | H15: =H13+H14 -> 31 | I15: =I13+I14 -> 17 | J15: 36 | K15: 32 | L15: 26 | M15: 35 | N15: 36
C16: Single | D16: 18 | E16: 11 | F16: 29 | G16: 24 | H16: 17 | I16: 23 | J16: 14 | K16: 32 | L16: 30 | M16: 30 | N16: 30
C17: Combined | D17: 0 | E17: 0
B18: Year III | C18: Sub-Total: | D18: =D16+D17 -> 18 | E18: =E16+E17 -> 11 | F18: =F16+F17 -> 29 | G18: =G16+G17 -> 24 | H18: =H16+H17 -> 17 | I18: =I16+I17 -> 23 | J18: 14 | K18: 32 | L18: 30 | M18: 30 | N18: 30
C19: Gen/Integ. Studies | D19: 0 | E19: 0
C20: Total: | D20: =D18+D19 -> 18 | E20: =E18+E19 -> 11 | F20: =F18+F19 -> 29 | G20: =G18+G19 -> 24 | H20: =H18+H19 -> 17 | I20: =I18+I19 -> 23 | J20: 14 | K20: 32 | L20: 30 | M20: 30 | N20: 30
C21: Single | D21: 27 | E21: 13 | F21: 11 | G21: 27 | H21: 22 | I21: 13 | J21: 16 | K21: 20 | L21: 24 | M21: 30 | N21: 27
C22: Combined | D22: 0 | E22: 0
B23: Year IV | C23: Sub-Total: | D23: =D21+D22 -> 27 | E23: =E21+E22 -> 13 | F23: =F21+F22 -> 11 | G23: =G21+G22 -> 27 | H23: =H21+H22 -> 22 | I23: =I21+I22 -> 13 | J23: 16 | K23: 20 | L23: 24 | M23: 30 | N23: 27
C24: Gen/Integ. Studies | D24: 0 | E24: 0
C25: Total: | D25: =D23+D24 -> 27 | E25: =E23+E24 -> 13 | F25: =F23+F24 -> 11 | G25: =G23+G24 -> 27 | H25: =H23+H24 -> 22 | I25: =I23+I24 -> 13 | J25: 16 | K25: 20 | L25: 24 | M25: 30 | N25: 27
C26: Single | D26: =SUM(D6,D11,D16,D21) -> 114 | E26: =SUM(E6,E11,E16,E21) -> 113 | F26: =SUM(F6,F11,F16,F21) -> 120 | G26: =SUM(G6,G11,G16,G21) -> 144 | H26: =SUM(H6,H11,H16,H21) -> 154 | I26: =SUM(I6,I11,I16,I21) -> 131 | J26: 166 | K26: 180 | L26: 182 | M26: 233 | N26: 194
C27: Combined | D27: =SUM(D7,D12,D17,D22) -> 0 | E27: =SUM(E7,E12,E17,E22) -> 0
B28: TOTAL: | C28: Sub-Total: | D28: =D26+D27 -> 114 | E28: =E26+E27 -> 113 | F28: =F26+F27 -> 120 | G28: =G26+G27 -> 144 | H28: =H26+H27 -> 154 | I28: =I26+I27 -> 131 | J28: 166 | K28: 180 | L28: 182 | M28: 233 | N28: 194
C29: Gen/Integ. Studies | D29: =SUM(D9,D14,D19,D24) -> 0 | E29: =SUM(E9,E14,E19,E24) -> 0
C30: Total: | D30: =D28+D29 -> 114 | E30: =E28+E29 -> 113 | F30: =F28+F29 -> 120 | G30: =G28+G29 -> 144 | H30: =H28+H29 -> 154 | I30: =I28+I29 -> 131 | J30: 166 | K30: 180 | L30: 182 | M30: 233 | N30: 194
B31: Male | D31: 79 | E31: 76 | F31: 81 | G31: 104 | H31: 111 | I31: 91 | J31: 114 | K31: 129 | L31: 138 | M31: 163 | N31: 135 | O31: =N31/N30 -> 0.69587629
B32: Female | D32: 35 | E32: 37 | F32: 39 | G32: 40 | H32: 43 | I32: 40 | J32: 52 | K32: 51 | L32: 44 | M32: 70 | N32: 59 | O32: =N32/N30 -> 0.30412371
B33: Full-Time | D33: 99 | E33: 99 | F33: 105 | G33: 127 | H33: 135 | I33: 108 | J33: 153 | K33: 161 | L33: 160 | M33: 212 | N33: 179 | O33: =N33/N30 -> 0.92268041
B34: Part-Time | D34: 15 | E34: 14 | F34: 15 | G34: 17 | H34: 19 | I34: 23 | J34: 13 | K34: 19 | L34: 22 | M34: 21 | N34: 15 | O34: =N34/N30 -> 0.077319588
B54: Codes: | C54: BECE, BECH, BEFE

Sheet BECO (COOP)-jb
B1: Undergraduate Majors
B2: Business Economics
B3: COOP
B4: Study Year | C4: Major Type | D4: Head Count Enrollments (Coop Only)
D5: 2003-04- | E5: 2004-05 | F5: 2005-06 | G5: 2006-07 | H5: 2007-08 | I5: 2008-09 | J5: 2011-12 | K5: 2012-13 | L5: 2013-14 | M5: 2014-15 | N5: 2015-16
C6: Single | D6: Coop data not available | E6: 5 | F6: 4 | G6: 10 | H6: 16 | I6: 5 | J6: 13 | K6: 19 | L6: 40 | M6: 69 | N6: 42
C7: Combined | E7: 0
B8: Year I | C8: Sub-Total: | E8: 5 | F8: 4 | G8: 10 | H8: =H6+H7 -> 16 | I8: =I6+I7 -> 5 | J8: 13 | K8: 19 | L8: 40 | M8: 69 | N8: 42
C9: Gen/Integ. Studies | E9: 0
C10: Total: | E10: 5 | F10: 4 | G10: 10 | H10: =H8+H9 -> 16 | I10: =I8+I9 -> 5 | J10: 13 | K10: 19 | L10: 40 | M10: 69 | N10: 42
C11: Single | E11: 7 | F11: 4 | G11: 2 | H11: 7 | I11: 4 | J11: 7 | K11: 4 | L11: 7 | M11: 7 | N11: 16
C12: Combined | E12: 0
B13: Year II | C13: Sub-Total: | E13: 7 | F13: 4 | G13: 2 | H13: =H11+H12 -> 7 | I13: =I11+I12 -> 4 | J13: 7 | K13: 4 | L13: 7 | M13: 7 | N13: 16
C14: Gen/Integ. Studies | E14: 0
C15: Total: | E15: 7 | F15: 4 | G15: 2 | H15: =H13+H14 -> 7 | I15: =I13+I14 -> 4 | J15: 7 | K15: 4 | L15: 7 | M15: 7 | N15: 16
C16: Single | E16: 3 | F16: 5 | G16: 4 | H16: 4 | I16: 6 | J16: 2 | K16: 4 | L16: 5 | M16: 9 | N16: 7
C17: Combined | E17: 0
B18: Year III | C18: Sub-Total: | E18: 3 | F18: 5 | G18: 4 | H18: =H16+H17 -> 4 | I18: =I16+I17 -> 6 | J18: 2 | K18: 4 | L18: 5 | M18: 9 | N18: 7
C19: Gen/Integ. Studies | E19: 0
C20: Total: | E20: 3 | F20: 5 | G20: 4 | H20: =H18+H19 -> 4 | I20: =I18+I19 -> 6 | J20: 2 | K20: 4 | L20: 5 | M20: 9 | N20: 7
C21: Single | E21: 2 | F21: 2 | G21: 5 | H21: 4 | I21: 4 | J21: 6 | K21: 3 | L21: 3 | M21: 3 | N21: 3
C22: Combined | E22: 0
B23: Year IV | C23: Sub-Total: | E23: 2 | F23: 2 | G23: 5 | H23: =H21+H22 -> 4 | I23: =I21+I22 -> 4 | J23: 6 | K23: 3 | L23: 3 | M23: 3 | N23: 3
C24: Gen/Integ. Studies | E24: 0
C25: Total: | E25: 2 | F25: 2 | G25: 5 | H25: =H23+H24 -> 4 | I25: =I23+I24 -> 4 | J25: 6 | K25: 3 | L25: 3 | M25: 3 | N25: 3
C26: Single | E26: =SUM(E6,E11,E16,E21) -> 17 | F26: =SUM(F6,F11,F16,F21) -> 15 | G26: =SUM(G6,G11,G16,G21) -> 21 | H26: =SUM(H6,H11,H16,H21) -> 31 | I26: =SUM(I6,I11,I16,I21) -> 19 | J26: 28 | K26: 30 | L26: 55 | M26: 88 | N26: 68
C27: Combined | E27: 0
B28: TOTAL: | C28: Sub-Total: | E28: =SUM(E8,E13,E18,E23) -> 17 | F28: =SUM(F8,F13,F18,F23) -> 15 | G28: =SUM(G8,G13,G18,G23) -> 21 | H28: =SUM(H8,H13,H18,H23) -> 31 | I28: =SUM(I8,I13,I18,I23) -> 19 | J28: 28 | K28: 30 | L28: 55 | M28: 88 | N28: 68
C29: Gen/Integ. Studies | E29: 0
C30: Total: | E30: =SUM(E10,E15,E20,E25) -> 17 | F30: =SUM(F10,F15,F20,F25) -> 15 | G30: =SUM(G10,G15,G20,G25) -> 21 | H30: =SUM(H10,H15,H20,H25) -> 31 | I30: =SUM(I10,I15,I20,I25) -> 19 | J30: 28 | K30: 30 | L30: 55 | M30: 88 | N30: 68
B31: Male | E31: 14 | F31: 13 | G31: 18 | H31: 24 | I31: 14 | J31: 22 | K31: 20 | L31: 44 | M31: 63 | N31: 51 | O31: =N31/N30 -> 0.75
B32: Female | E32: 3 | F32: 2 | G32: 3 | H32: 7 | I32: 5 | J32: 6 | K32: 10 | L32: 11 | M32: 25 | N32: 17 | O32: =N32/N30 -> 0.25
B33: Full-Time | E33: 14 | F33: 13 | G33: 14 | H33: 25 | I33: 11 | J33: 25 | K33: 26 | L33: 52 | M33: 83 | N33: 66 | O33: =N33/N30 -> 0.97058824
B34: Part-Time | E34: 3 | F34: 2 | G34: 7 | H34: 6 | I34: 8 | J34: 3 | K34: 4 | L34: 3 | M34: 5 | N34: 2 | O34: =N34/N30 -> 0.029411765
B54: Codes: | C54: BECE, BECH, BEFE

Sheet CHYS-jb
B1: Undergraduate Majors
B2: Child and Youth Studies
B4: Study Year | C4: Major Type | H4: Head Count Enrolments
D5: 1999-00 | E5: 2000-01 | F5: 2001-02 | G5: 2002-03 | H5: 2003-04 | I5: 2004-05 | J5: 2005-06 | K5: 2006-07 | L5: 2007-08 | M5: 2008-09 | N5: 2011-12 | O5: 2012-13 | P5: 2013-14 | Q5: 2014-15 | R5: 2015-16
C6: Single | D6: 152 | E6: 181 | F6: 171 | G6: 186 | H6: 262 | I6: 174 | J6: 204 | K6: 184 | L6: 186 | M6: =96+91 -> 187 | N6: 217 | O6: 274 | P6: 226 | Q6: 216 | R6: 251
C7: Combined | D7: 1 | E7: 0 | F7: 0 | G7: 0 | H7: 2 | I7: 0 | M7: 1 | N7: 3 | O7: 2 | P7: 1 | Q7: 2 | R7: 1
B8: Year I | C8: Sub-Total: | D8: =D6+D7 -> 153 | E8: =E6+E7 -> 181 | F8: =F6+F7 -> 171 | G8: =G6+G7 -> 186 | H8: =H6+H7 -> 264 | I8: =I6+I7 -> 174 | J8: =J6+J7 -> 204 | K8: =K6+K7 -> 184 | ... M8: =M6+M7 -> 188 | N8: 220 | O8: 276 | P8: 227 | Q8: 218 | R8: 252
C9: Gen/Integ. Studies | D9: 0 | E9: 0 | F9: 0 | G9: 0 | H9: 0 | I9: 0
C10: Total: | D10: =D8+D9 -> 153 | E10: =E8+E9 -> 181 | F10: =F8+F9 -> 171 | G10: =G8+G9 -> 186 | H10: =H8+H9 -> 264 | I10: =I8+I9 -> 174 | J10: =J8+J9 -> 204 | K10: =K8+K9 -> 184 | ... M10: =M8+M9 -> 188 | N10: 220 | O10: 276 | P10: 227 | Q10: 218 | R10: 252
C11: Single | D11: 83 | E11: 114 | F11: 139 | G11: =140+61 -> 201 | H11: =61+143 -> 204 | I11: 197 | J11: 189 | K11: 211 | L11: 202 | M11: =3+150+37 -> 190 | N11: 238 | O11: 232 | P11: 243 | Q11: 220 | R11: 228
C12: Combined | D12: 17 | E12: 7 | F12: 7 | G12: 9 | H12: 12 | I12: 21 | J12: 9 | K12: 11 | L12: 17 | M12: =1+1+1+4+9 -> 16 | N12: 11 | O12: 6 | P12: 19 | Q12: 15 | R12: 8
B13: Year II | C13: Sub-Total: | D13: =D11+D12 -> 100 | E13: =E11+E12 -> 121 | F13: =F11+F12 -> 146 | G13: =G11+G12 -> 210 | H13: =H11+H12 -> 216 | I13: =I11+I12 -> 218 | J13: =J11+J12 -> 198 | K13: =K11+K12 -> 222 | ... M13: =M11+M12 -> 206 | N13: 249 | O13: 238 | P13: 262 | Q13: 235 | R13: 236
C14: Gen/Integ. Studies | D14: 0 | E14: 0 | F14: 0 | G14: 0 | H14: 0 | I14: 0 | J14: 1 | P14: 1
C15: Total: | D15: =D13+D14 -> 100 | E15: =E13+E14 -> 121 | F15: =F13+F14 -> 146 | G15: =G13+G14 -> 210 | H15: =H13+H14 -> 216 | I15: =I13+I14 -> 218 | J15: =J13+J14 -> 199 | K15: =K13+K14 -> 222 | ... M15: =M13+M14 -> 206 | N15: 249 | O15: 238 | P15: 263 | Q15: 235 | R15: 236
C16: Single | D16: 95 | E16: 161 | F16: 192 | G16: =165+65 -> 230 | H16: 231 | I16: 195 | J16: 212 | K16: 173 | L16: 194 | M16: =40+125 -> 165 | N16: 159 | O16: 198 | P16: 206 | Q16: 215 | R16: 187
C17: Combined | D17: 24 | E17: 29 | F17: 27 | G17: =7+13 -> 20 | H17: 18 | I17: 17 | J17: 25 | K17: 12 | L17: 18 | M17: =1+1+16+5 -> 23 | N17: 14 | O17: 13 | P17: 7 | Q17: 15 | R17: 14
B18: Year III | C18: Sub-Total: | D18: =D16+D17 -> 119 | E18: =E16+E17 -> 190 | F18: =F16+F17 -> 219 | G18: =G16+G17 -> 250 | H18: =H16+H17 -> 249 | I18: =I16+I17 -> 212 | J18: =J16+J17 -> 237 | K18: =K16+K17 -> 185 | ... M18: =M16+M17 -> 188 | N18: 173 | O18: 211 | P18: 213 | Q18: 230 | R18: 201
C19: Gen/Integ. Studies | D19: 1 | E19: 0 | F19: 0 | G19: 0 | H19: 0 | I19: 0 | K19: 1 | N19: 1 | P19: 1 | Q19: 2
C20: Total: | D20: =D18+D19 -> 120 | E20: =E18+E19 -> 190 | F20: =F18+F19 -> 219 | G20: =G18+G19 -> 250 | H20: =H18+H19 -> 249 | I20: =I18+I19 -> 212 | J20: =J18+J19 -> 237 | K20: =K18+K19 -> 186 | ... M20: =M18+M19 -> 188 | N20: 174 | O20: 211 | P20: 214 | Q20: 232 | R20: 201
C21: Single | D21: 39 | E21: 129 | F21: 148 | G21: =54+53 -> 107 | H21: =60+87 -> 147 | I21: 142 | J21: 153 | K21: 182 | L21: 161 | M21: =48+123 -> 171 | N21: 149 | O21: 146 | P21: 194 | Q21: 188 | R21: 210
C22: Combined | D22: 13 | E22: 13 | F22: 11 | G22: 9 | H22: 7 | I22: 5 | J22: 5 | K22: 13 | L22: 8 | M22: =1+1+1+6+5 -> 14 | N22: 11 | O22: 9 | P22: 9 | Q22: 8 | R22: 12
B23: Year IV | C23: Sub-Total: | D23: =D21+D22 -> 52 | E23: =E21+E22 -> 142 | F23: =F21+F22 -> 159 | G23: =G21+G22 -> 116 | H23: =H21+H22 -> 154 | I23: =I21+I22 -> 147 | J23: =J21+J22 -> 158 | K23: =K21+K22 -> 195 | ... M23: =M21+M22 -> 185 | N23: 160 | O23: 155 | P23: 203 | Q23: 196 | R23: 222
C24: Gen/Integ. Studies | D24: 0 | E24: 0 | F24: 0 | G24: 0 | H24: 0 | I24: 0 | M24: 1 | Q24: 1 | R24: 1
C25: Total: | D25: =D23+D24 -> 52 | E25: =E23+E24 -> 142 | F25: =F23+F24 -> 159 | G25: =G23+G24 -> 116 | H25: =H23+H24 -> 154 | I25: =I23+I24 -> 147 | J25: =J23+J24 -> 158 | K25: =K23+K24 -> 195 | ... M25: =M23+M24 -> 186 | N25: 160 | O25: 155 | P25: 203 | Q25: 197 | R25: 223
C26: Single | D26: =SUM(D6,D11,D16,D21) -> 369 | E26: =SUM(E6,E11,E16,E21) -> 585 | F26: =SUM(F6,F11,F16,F21) -> 650 | G26: =SUM(G6,G11,G16,G21) -> 724 | H26: =SUM(H6,H11,H16,H21) -> 844 | I26: =SUM(I6,I11,I16,I21) -> 708 | J26: =SUM(J6,J11,J16,J21) -> 758 | K26: =SUM(K6,K11,K16,K21) -> 750 | ... M26: =SUM(M6,M11,M16,M21) -> 713 | N26: 763 | O26: 850 | P26: 869 | Q26: 839 | R26: 876
C27: Combined | D27: =SUM(D7,D12,D17,D22) -> 55 | E27: =SUM(E7,E12,E17,E22) -> 49 | F27: =SUM(F7,F12,F17,F22) -> 45 | G27: =SUM(G7,G12,G17,G22) -> 38 | H27: =SUM(H7,H12,H17,H22) -> 39 | I27: =SUM(I7,I12,I17,I22) -> 43 | J27: =SUM(J7,J12,J17,J22) -> 39 | K27: =SUM(K7,K12,K17,K22) -> 36 | ... M27: =SUM(M7,M12,M17,M22) -> 54 | N27: 39 | O27: 30 | P27: 36 | Q27: 40 | R27: 35
B28: TOTAL: | C28: Sub-Total: | D28: =D26+D27 -> 424 | E28: =E26+E27 -> 634 | F28: =F26+F27 -> 695 | G28: =G26+G27 -> 762 | H28: =H26+H27 -> 883 | I28: =I26+I27 -> 751 | J28: =J26+J27 -> 797 | K28: =K26+K27 -> 786 | ... M28: =M26+M27 -> 767 | N28: 802 | O28: 880 | P28: 905 | Q28: 879 | R28: 911
C29: Gen/Integ. Studies | D29: =SUM(D9,D14,D19,D24) -> 1 | E29: =SUM(E9,E14,E19,E24) -> 0 | F29: =SUM(F9,F14,F19,F24) -> 0 | G29: =SUM(G9,G14,G19,G24) -> 0 | H29: =SUM(H9,H14,H19,H24) -> 0 | I29: =SUM(I9,I14,I19,I24) -> 0 | J29: =SUM(J9,J14,J19,J24) -> 1 | K29: =SUM(K9,K14,K19,K24) -> 1 | M29: =SUM(M9,M14,M19,M24) -> 1 | N29: 1 | P29: 2 | Q29: 3 | R29: 1
C30: Total: | D30: =D28+D29 -> 425 | E30: =E28+E29 -> 634 | F30: =F28+F29 -> 695 | G30: =G28+G29 -> 762 | H30: =H28+H29 -> 883 | I30: =I28+I29 -> 751 | J30: =J28+J29 -> 798 | K30: =K28+K29 -> 787 | ... M30: =M28+M29 -> 768 | N30: 803 | O30: 880 | P30: 907 | Q30: 882 | R30: 912
B31: Male | D31: 13 | E31: 18 | F31: 19 | G31: 17 | H31: 19 | I31: 16 | J31: 13 | K31: 19 | L31: 21 | M31: 18 | N31: 23 | O31: 34 | P31: 48 | Q31: 49 | R31: 49 | S31: =R31/R30 -> 0.05372807
B32: Female | D32: 412 | E32: 616 | F32: 676 | G32: 745 | H32: 864 | I32: 735 | J32: 785 | K32: 768 | L32: 765 | M32: 750 | N32: 780 | O32: 846 | P32: 859 | Q32: 833 | R32: 863 | S32: =R32/R30 -> 0.94627193
B33: Full-Time | D33: 413 | E33: 614 | F33: 677 | G33: 736 | H33: 851 | I33: 712 | J33: 757 | K33: 754 | L33: 733 | M33: 717 | N33: 770 | O33: 846 | P33: 876 | Q33: 853 | R33: 880 | S33: =R33/R30 -> 0.96491228
B34: Part-Time | D34: 12 | E34: 20 | F34: 18 | G34: 26 | H34: 32 | I34: 39 | J34: 41 | K34: 33 | L34: 53 | M34: 51 | N34: 33 | O34: 34 | P34: 31 | Q34: 29 | R34: 32 | S34: =R34/R30 -> 0.035087719
B54: Codes: | C54: CHED
C55: CHLD
C56: CHYN
C57: CHYS
C58: CYED

Sheet CPCF-jb
B1: Undergraduate Majors
B2: Communications, Popular Culture and Film
B4: Study Year | C4: Major Type | D4: Head Count Enrolments (Including Coop)
D5: 2003-04 | E5: 2004-05 | F5: 2005-06 | G5: 2006-07 | H5: 2007-08 | I5: 2008-09 | J5: 2011-12 | K5: 2012-13 | L5: 2013-14 | M5: 2014-15 | N5: 2015-16
C6: Single | D6: =SUM('COMM-jb'!H6,'FILM-jb'!H6,'PCUL-jb'!H6) -> 203 | E6: =SUM('COMM-jb'!I6,'FILM-jb'!I6,'PCUL-jb'!I6) -> 250 | F6: 238 | G6: 213 | H6: 194 | I6: 209 | J6: 217 | K6: 295 | L6: 307 | M6: 303 | N6: 268
C7: Combined | D7: =SUM('COMM-jb'!H7,'FILM-jb'!H7,'PCUL-jb'!H7) -> 1 | E7: =SUM('COMM-jb'!I7,'FILM-jb'!I7,'PCUL-jb'!I7) -> 1 | G7: 1 | H7: 1 | N7: 1
B8: Year I | C8: Sub-Total: | D8: =D6+D7 -> 204 | E8: =E6+E7 -> 251 | F8: =F6+F7 -> 238 | G8: =G6+G7 -> 214 | H8: =H6+H7 -> 195 | I8: =I6+I7 -> 209 | J8: 217 | K8: 295 | L8: 307 | M8: 303 | N8: 269
C9: Gen/Integ. Studies | D9: =SUM('COMM-jb'!H9,'FILM-jb'!H9,'PCUL-jb'!H9) -> 0 | E9: =SUM('COMM-jb'!I9,'FILM-jb'!I9,'PCUL-jb'!I9) -> 0
C10: Total: | D10: =D8+D9 -> 204 | E10: =E8+E9 -> 251 | F10: =F8+F9 -> 238 | G10: =G8+G9 -> 214 | H10: =H8+H9 -> 195 | I10: =I8+I9 -> 209 | J10: 217 | K10: 295 | L10: 307 | M10: 303 | N10: 269
C11: Single | D11: =SUM('COMM-jb'!H11,'FILM-jb'!H11,'PCUL-jb'!H11) -> 158 | E11: =SUM('COMM-jb'!I11,'FILM-jb'!I11,'PCUL-jb'!I11) -> 244 | F11: 200 | G11: 193 | H11: 166 | I11: 153 | J11: 172 | K11: 150 | L11: 199 | M11: 183 | N11: 206
C12: Combined | D12: 6 | E12: ='COMM-jb'!I12+'FILM-jb'!I12+'PCUL-jb'!I12 -> 9 | F12: 6 | G12: 2 | H12: 2 | I12: 1 | J12: 1 | K12: 2 | L12: 1 | M12: 1 | N12: 1
B13: Year II | C13: Sub-Total: | D13: =D11+D12 -> 164 | E13: =E11+E12 -> 253 | F13: =F11+F12 -> 206 | G13: =G11+G12 -> 195 | H13: =H11+H12 -> 168 | I13: =I11+I12 -> 154 | J13: 173 | K13: 152 | L13: 200 | M13: 184 | N13: 207
C14: Gen/Integ. Studies | D14: =SUM('COMM-jb'!H14,'FILM-jb'!H14,'PCUL-jb'!H14) -> 0 | E14: =SUM('COMM-jb'!I14,'FILM-jb'!I14,'PCUL-jb'!I14) -> 0
C15: Total: | D15: =D13+D14 -> 164 | E15: =E13+E14 -> 253 | F15: =F13+F14 -> 206 | G15: =G13+G14 -> 195 | H15: =H13+H14 -> 168 | I15: =I13+I14 -> 154 | J15: 173 | K15: 152 | L15: 200 | M15: 184 | N15: 207
C16: Single | D16: =SUM('COMM-jb'!H16,'FILM-jb'!H16,'PCUL-jb'!H16) -> 141 | E16: =SUM('COMM-jb'!I16,'FILM-jb'!I16,'PCUL-jb'!I16) -> 140 | F16: 193 | G16: 168 | H16: 153 | I16: 125 | J16: 140 | K16: 150 | L16: 119 | M16: 153 | N16: 147
C17: Combined | D17: =SUM('COMM-jb'!H17,'FILM-jb'!H17,'PCUL-jb'!H17) -> 6 | E17: =SUM('COMM-jb'!I17,'FILM-jb'!I17,'PCUL-jb'!I17) -> 11 | F17: 6 | G17: 5 | H17: 2 | I17: 1 | J17: 2 | K17: 2 | L17: 2 | M17: 1
B18: Year III | C18: Sub-Total: | D18: =D16+D17 -> 147 | E18: =E16+E17 -> 151 | F18: =F16+F17 -> 199 | G18: =G16+G17 -> 173 | H18: =H16+H17 -> 155 | I18: =I16+I17 -> 126 | J18: 142 | K18: 152 | L18: 121 | M18: 154 | N18: 147
C19: Gen/Integ. Studies | D19: =SUM('COMM-jb'!H19,'FILM-jb'!H19,'PCUL-jb'!H19) -> 0 | E19: =SUM('COMM-jb'!I19,'FILM-jb'!I19,'PCUL-jb'!I19) -> 1
C20: Total: | D20: =D18+D19 -> 147 | E20: =E18+E19 -> 152 | F20: =F18+F19 -> 199 | G20: =G18+G19 -> 173 | H20: =H18+H19 -> 155 | I20: =I18+I19 -> 126 | J20: 142 | K20: 152 | L20: 121 | M20: 154 | N20: 147
C21: Single | D21: =SUM('COMM-jb'!H21,'FILM-jb'!H21,'PCUL-jb'!H21) -> 93 | E21: =SUM('COMM-jb'!I21,'FILM-jb'!I21,'PCUL-jb'!I21) -> 45 | F21: 89 | G21: 87 | H21: 72 | I21: 68 | J21: 76 | K21: 66 | L21: 60 | M21: 72 | N21: 103
C22: Combined | D22: =SUM('COMM-jb'!H22,'FILM-jb'!H22,'PCUL-jb'!H22) -> 10 | E22: =SUM('COMM-jb'!I22,'FILM-jb'!I22,'PCUL-jb'!I22) -> 2 | F22: 9 | G22: 6 | H22: 3 | I22: 2 | J22: 1 | K22: 3 | M22: 2 | N22: 1
B23: Year IV | C23: Sub-Total: | D23: =D21+D22 -> 103 | E23: =E21+E22 -> 47 | F23: =F21+F22 -> 98 | G23: =G21+G22 -> 93 | H23: =H21+H22 -> 75 | I23: =I21+I22 -> 70 | J23: 77 | K23: 69 | L23: 60 | M23: 74 | N23: 104
C24: Gen/Integ. Studies | D24: =SUM('COMM-jb'!H24,'FILM-jb'!H24,'PCUL-jb'!H24) -> 0 | E24: =SUM('COMM-jb'!I24,'FILM-jb'!I24,'PCUL-jb'!I24) -> 0
C25: Total: | D25: =D23+D24 -> 103 | E25: =E23+E24 -> 47 | F25: =F23+F24 -> 98 | G25: =G23+G24 -> 93 | H25: =H23+H24 -> 75 | I25: =I23+I24 -> 70 | J25: 77 | K25: 69 | L25: 60 | M25: 74 | N25: 104
C26: Single | D26: =SUM(D6,D11,D16,D21) -> 595 | E26: =SUM(E6,E11,E16,E21) -> 679 | F26: =SUM(F6,F11,F16,F21) -> 720 | G26: =SUM(G6,G11,G16,G21) -> 661 | H26: =SUM(H6,H11,H16,H21) -> 585 | I26: =SUM(I6,I11,I16,I21) -> 555 | J26: 605 | K26: 661 | L26: 685 | M26: 711 | N26: 724
C27: Combined | D27: =SUM(D7,D12,D17,D22) -> 23 | E27: =SUM(E7,E12,E17,E22) -> 23 | F27: =SUM(F7,F12,F17,F22) -> 21 | G27: =SUM(G7,G12,G17,G22) -> 14 | H27: =SUM(H7,H12,H17,H22) -> 8 | I27: =SUM(I7,I12,I17,I22) -> 4 | J27: 4 | K27: 7 | L27: 3 | M27: 4 | N27: 3
B28: TOTAL: | C28: Sub-Total: | D28: =SUM(D8,D13,D18,D23) -> 618 | E28: =SUM(E8,E13,E18,E23) -> 702 | F28: =SUM(F8,F13,F18,F23) -> 741 | G28: =SUM(G8,G13,G18,G23) -> 675 | H28: =SUM(H8,H13,H18,H23) -> 593 | I28: =SUM(I8,I13,I18,I23) -> 559 | J28: 609 | K28: 668 | L28: 688 | M28: 715 | N28: 727
C29: Gen/Integ. Studies | D29: =SUM(D9,D14,D19,D24) -> 0 | E29: =SUM(E9,E14,E19,E24) -> 1
C30: Total: | D30: =SUM(D10,D15,D20,D25) -> 618 | E30: =SUM(E10,E15,E20,E25) -> 703 | F30: =SUM(F10,F15,F20,F25) -> 741 | G30: =SUM(G10,G15,G20,G25) -> 675 | H30: =SUM(H10,H15,H20,H25) -> 593 | I30: =SUM(I10,I15,I20,I25) -> 559 | J30: 609 | K30: 668 | L30: 688 | M30: 715 | N30: 727
B31: Male | D31: 222 | E31: 274 | F31: 305 | G31: 288 | H31: 220 | I31: 231 | J31: 286 | K31: 313 | L31: 328 | M31: 349 | N31: 342 | O31: =N31/N30 -> 0.47042641
B32: Female | D32: 396 | E32: 429 | F32: 436 | G32: 387 | H32: 373 | I32: 328 | J32: 323 | K32: 355 | L32: 360 | M32: 366 | N32: 385 | O32: =N32/N30 -> 0.52957359
B33: Full-Time | D33: 560 | E33: 643 | F33: 675 | G33: 616 | H33: 537 | I33: 514 | J33: 552 | K33: 599 | L33: 641 | M33: 667 | N33: 685 | O33: =N33/N30 -> 0.94222834
B34: Part-Time | D34: 58 | E34: 60 | F34: 66 | G34: 59 | H34: 56 | I34: 45 | J34: 57 | K34: 69 | L34: 47 | M34: 48 | N34: 42 | O34: =N34/N30 -> 0.057771664
B35: *Coop not offered to new students starting in 2007-08. No students were registered in the coop option starting in 2011-12.

Sheet CPCF (COOP)-jb
B1: Undergraduate Majors
B2: Communications, Popular Culture and Film
B3: COOP
B4: Study Year | C4: Major Type | D4: Head Count Enrollments (Coop Only)
D5: 2003-04 | E5: 2004-05 | F5: 2005-06 | G5: 2006-07 | H5: 2007-08 | I5: 2008-09 | J5: 2011-12 | K5: 2012-13 | L5: 2013-14 | M5: 2014-15 | N5: 2015-16
C6: Single | D6: Coop data not available | E6: 41 | F6: 46 | G6: 34 | H6: 1
C7: Combined | E7: 0
B8: Year I | C8: Sub-Total: | E8: 41 | F8: 46 | G8: 34 | H8: =H6+H7 -> 1
C9: Gen/Integ. Studies | E9: 0
C10: Total: | E10: 41 | F10: 46 | G10: 34 | H10: =H8+H9 -> 1
C11: Single | E11: 18 | F11: 15 | G11: 12 | H11: 7 | I11: 1
C12: Combined | E12: 0
B13: Year II | C13: Sub-Total: | E13: 18 | F13: 15 | G13: 12 | H13: =H11+H12 -> 7 | I13: =I11+I12 -> 1
C14: Gen/Integ. Studies | E14: 0
C15: Total: | E15: 18 | F15: 15 | G15: 12 | H15: =H13+H14 -> 7 | I15: =I13+I14 -> 1
C16: Single | E16: 18 | F16: 7 | G16: 13 | H16: 12 | I16: 6
C17: Combined | E17: 0
B18: Year III | C18: Sub-Total: | E18: 18 | F18: 7 | G18: 13 | H18: =H16+H17 -> 12 | I18: =I16+I17 -> 6
C19: Gen/Integ. Studies | E19: 0
C20: Total: | E20: 18 | F20: 7 | G20: 13 | H20: =H18+H19 -> 12 | I20: =I18+I19 -> 6
C21: Single | E21: 11 | F21: 13 | G21: 2 | H21: 3 | I21: 4
C22: Combined | E22: 0
B23: Year IV | C23: Sub-Total: | E23: 11 | F23: 13 | G23: 2 | H23: =H21+H22 -> 3 | I23: =I21+I22 -> 4
C24: Gen/Integ. Studies | E24: 0
C25: Total: | E25: 11 | F25: 13 | G25: 2 | H25: =H23+H24 -> 3 | I25: =I23+I24 -> 4
C26: Single | E26: =SUM(E6,E11,E16,E21) -> 88 | F26: =SUM(F6,F11,F16,F21) -> 81 | G26: =SUM(G6,G11,G16,G21) -> 61 | H26: =SUM(H6,H11,H16,H21) -> 23 | I26: =SUM(I6,I11,I16,I21) -> 11
C27: Combined | E27: 0
B28: TOTAL: | C28: Sub-Total: | E28: =SUM(E8,E13,E18,E23) -> 88 | F28: =SUM(F8,F13,F18,F23) -> 81 | G28: =SUM(G8,G13,G18,G23) -> 61 | H28: =SUM(H8,H13,H18,H23) -> 23 | I28: =SUM(I8,I13,I18,I23) -> 11
C29: Gen/Integ. Studies | E29: 0
C30: Total: | E30: =SUM(E10,E15,E20,E25) -> 88 | F30: =SUM(F10,F15,F20,F25) -> 81 | G30: =SUM(G10,G15,G20,G25) -> 61 | H30: =SUM(H10,H15,H20,H25) -> 23 | I30: =SUM(I10,I15,I20,I25) -> 11
B31: Male | E31: 17 | F31: 22 | G31: 14 | H31: 8 | I31: 5
B32: Female | E32: 71 | F32: 59 | G32: 47 | H32: 15 | I32: 6
B33: Full-Time | E33: 74 | F33: 73 | G33: 52 | H33: 15 | I33: 7
B34: Part-Time | E34: 14 | F34: 8 | G34: 9 | H34: 8 | I34: 4
B35: *Coop not offered to new students starting in 2007-08. No students were registered in the coop option starting in 2011-12.

Sheet COMM-jb
B1: Undergraduate Majors
B2: [Communication Studies]
B4: Study Year | C4: Major Type | H4: Head Count Enrolments
D5: 1999-00 | E5: 2000-01 | F5: 2001-02 | G5: 2002-03 | H5: 2003-04 | I5: 2004-05 | J5: 2005-06 | K5: 2006-07 | L5: 2007-08 | M5: 2008-09 | N5: 2011-12 | O5: 2012-13 | P5: 2013-14 | Q5: 2014-15 | R5: 2015-16
C6: Single | D6: =81+2 -> 83 | E6: =1+65 -> 66 | F6: =53+13+28 -> 94 | G6: =43+48 -> 91 | H6: =49+46+7 -> 102 | I6: 162 | J6: 146 | K6: 137 | L6: 132 | M6: =72+4+53 -> 129 | N6: 142 | O6: 211 | P6: 242 | Q6: 261 | R6: 228
C7: Combined | D7: 0 | E7: 1 | F7: 1 | G7: 1 | H7: 0 | I7: 0
B8: Year I | C8: Sub-Total: | D8: =D6+D7 -> 83 | E8: =E6+E7 -> 67 | F8: =F6+F7 -> 95 | G8: =G6+G7 -> 92 | H8: =H6+H7 -> 102 | I8: =I6+I7 -> 162 | J8: =J6+J7 -> 146 | K8: =K6+K7 -> 137 | ... M8: =M6+M7 -> 129 | N8: 142 | O8: 211 | P8: 242 | Q8: 261 | R8: 228
C9: Gen/Integ. Studies | D9: 0 | E9: 0 | F9: 0 | G9: 0 | H9: 0 | I9: 0
C10: Total: | D10: =D8+D9 -> 83 | E10: =E8+E9 -> 67 | F10: =F8+F9 -> 95 | G10: =G8+G9 -> 92 | H10: =H8+H9 -> 102 | I10: =I8+I9 -> 162 | J10: =J8+J9 -> 146 | K10: =K8+K9 -> 137 | ... M10: =M8+M9 -> 129 | N10: 142 | O10: 211 | P10: 242 | Q10: 261 | R10: 228
C11: Single | D11: =94+0 -> 94 | E11: =1+100 -> 101 | F11: =76+40 -> 116 | G11: =56+37+5 -> 98 | H11: =67+42+1 -> 110 | I11: 146 | J11: 118 | K11: 125 | L11: 104 | M11: =60+3+37 -> 100 | N11: 131 | O11: 106 | P11: 143 | Q11: 144 | R11: 172
C12: Combined | D12: 3 | E12: 8 | F12: 5 | G12: 4 | H12: 3 | I12: 0
B13: Year II | C13: Sub-Total: | D13: =D11+D12 -> 97 | E13: =E11+E12 -> 109 | F13: =F11+F12 -> 121 | G13: =G11+G12 -> 102 | H13: =H11+H12 -> 113 | I13: =I11+I12 -> 146 | J13: =J11+J12 -> 118 | K13: =K11+K12 -> 125 | ... M13: =M11+M12 -> 100 | N13: 131 | O13: 106 | P13: 143 | Q13: 144 | R13: 172
C14: Gen/Integ. Studies | D14: 0 | E14: 0 | F14: 0 | G14: 0 | H14: 0 | I14: 0
C15: Total: | D15: =D13+D14 -> 97 | E15: =E13+E14 -> 109 | F15: =F13+F14 -> 121 | G15: =G13+G14 -> 102 | H15: =H13+H14 -> 113 | I15: =I13+I14 -> 146 | J15: =J13+J14 -> 118 | K15: =K13+K14 -> 125 | ... M15: =M13+M14 -> 100 | N15: 131 | O15: 106 | P15: 143 | Q15: 144 | R15: 172
C16: Single | D16: 131 | E16: =0+107 -> 107 | F16: =75+48 -> 123 | G16: =68+47+4 -> 119 | H16: =66+48 -> 114 | I16: 109 | J16: 118 | K16: 104 | L16: 99 | M16: =47+5+27 -> 79 | N16: 93 | O16: 115 | P16: 87 | Q16: 109 | R16: 118
C17: Combined | D17: 12 | E17: 3 | F17: 8 | G17: 4 | H17: 4 | I17: 7 | J17: 3
B18: Year III | C18: Sub-Total: | D18: =D16+D17 -> 143 | E18: =E16+E17 -> 110 | F18: =F16+F17 -> 131 | G18: =G16+G17 -> 123 | H18: =H16+H17 -> 118 | I18: =I16+I17 -> 116 | J18: =J16+J17 -> 121 | K18: =K16+K17 -> 104 | ... M18: =M16+M17 -> 79 | N18: 93 | O18: 115 | P18: 87 | Q18: 109 | R18: 118
C19: Gen/Integ. Studies | D19: 0 | E19: 0 | F19: 0 | G19: 0 | H19: 0 | I19: 0
C20: Total: | D20: =D18+D19 -> 143 | E20: =E18+E19 -> 110 | F20: =F18+F19 -> 131 | G20: =G18+G19 -> 123 | H20: =H18+H19 -> 118 | I20: =I18+I19 -> 116 | J20: =J18+J19 -> 121 | K20: =K18+K19 -> 104 | ... M20: =M18+M19 -> 79 | N20: 93 | O20: 115 | P20: 87 | Q20: 109 | R20: 118
C21: Single | D21: 32 | E21: =0+49 -> 49 | F21: =42+26 -> 68 | G21: =49+19+8 -> 76 | H21: =51+24 -> 75 | I21: 37 | J21: 73 | K21: 59 | L21: 51 | M21: =31+2+13 -> 46 | N21: 54 | O21: 44 | P21: 45 | Q21: 46 | R21: 72
C22: Combined | D22: 4 | E22: 6 | F22: 3 | G22: 7 | H22: 6 | I22: 1 | J22: 6 | K22: 3 | L22: 1 | M22: 1
B23: Year IV | C23: Sub-Total: | D23: =D21+D22 -> 36 | E23: =E21+E22 -> 55 | F23: =F21+F22 -> 71 | G23: =G21+G22 -> 83 | H23: =H21+H22 -> 81 | I23: =I21+I22 -> 38 | J23: =J21+J22 -> 79 | K23: =K21+K22 -> 62 | ... M23: =M21+M22 -> 47 | N23: 54 | O23: 44 | P23: 45 | Q23: 46 | R23: 72
C24: Gen/Integ. Studies | D24: 0 | E24: 0 | F24: 0 | G24: 0 | H24: 0 | I24: 0
C25: Total: | D25: =D23+D24 -> 36 | E25: =E23+E24 -> 55 | F25: =F23+F24 -> 71 | G25: =G23+G24 -> 83 | H25: =H23+H24 -> 81 | I25: =I23+I24 -> 38 | J25: =J23+J24 -> 79 | K25: =K23+K24 -> 62 | ... M25: =M23+M24 -> 47 | N25: 54 | O25: 44 | P25: 45 | Q25: 46 | R25: 72
C26: Single | D26: =SUM(D6,D11,D16,D21) -> 340 | E26: =SUM(E6,E11,E16,E21) -> 323 | F26: =SUM(F6,F11,F16,F21) -> 401 | G26: =SUM(G6,G11,G16,G21) -> 384 | H26: =SUM(H6,H11,H16,H21) -> 401 | I26: =SUM(I6,I11,I16,I21) -> 454 | J26: =SUM(J6,J11,J16,J21) -> 455 | K26: =SUM(K6,K11,K16,K21) -> 425 | ... M26: =SUM(M6,M11,M16,M21) -> 354 | N26: 420 | O26: 476 | P26: 517 | Q26: 560 | R26: 590
C27: Combined | D27: =SUM(D7,D12,D17,D22) -> 19 | E27: =SUM(E7,E12,E17,E22) -> 18 | F27: =SUM(F7,F12,F17,F22) -> 17 | G27: =SUM(G7,G12,G17,G22) -> 16 | H27: =SUM(H7,H12,H17,H22) -> 13 | I27: =SUM(I7,I12,I17,I22) -> 8 | J27: =SUM(J7,J12,J17,J22) -> 9 | K27: =SUM(K7,K12,K17,K22) -> 3 | ... M27: =SUM(M7,M12,M17,M22) -> 1
B28: TOTAL: | C28: Sub-Total: | D28: =D26+D27 -> 359 | E28: =E26+E27 -> 341 | F28: =SUM(F8,F13,F18,F23) -> 418 | G28: =SUM(G8,G13,G18,G23) -> 400 | H28: =SUM(H8,H13,H18,H23) -> 414 | I28: =SUM(I8,I13,I18,I23) -> 462 | J28: =SUM(J8,J13,J18,J23) -> 464 | K28: =SUM(K8,K13,K18,K23) -> 428 | L28: =SUM(L8,L13,L18,L23) -> 387 | M28: =SUM(M8,M13,M18,M23) -> 355 | N28: 420 | O28: 476 | P28: 517 | Q28: 560 | R28: 590
C29: Gen/Integ. Studies | D29: =SUM(D9,D14,D19,D24) -> 0 | E29: =SUM(E9,E14,E19,E24) -> 0 | F29: =SUM(F9,F14,F19,F24) -> 0 | G29: =SUM(G9,G14,G19,G24) -> 0 | H29: =SUM(H9,H14,H19,H24) -> 0 | I29: =SUM(I9,I14,I19,I24) -> 0
C30: Total: | D30: =D28+D29 -> 359 | E30: =E28+E29 -> 341 | F30: =SUM(F10,F15,F20,F25) -> 418 | G30: =SUM(G10,G15,G20,G25) -> 400 | H30: =SUM(H10,H15,H20,H25) -> 414 | I30: =SUM(I10,I15,I20,I25) -> 462 | J30: =SUM(J10,J15,J20,J25) -> 464 | K30: =SUM(K10,K15,K20,K25) -> 428 | L30: =SUM(L10,L15,L20,L25) -> 387 | M30: =SUM(M10,M15,M20,M25) -> 355 | N30: 420 | O30: 476 | P30: 517 | Q30: 560 | R30: 590
B31: Male | D31: =150+9 -> 159 | E31: =10+131 -> 141 | F31: =157+9 -> 166 | G31: 142 | H31: =78+43+5 -> 126 | I31: 157 | J31: 178 | K31: 175 | L31: 129 | M31: =94+11+32+1 -> 138 | N31: 181 | O31: 218 | P31: 242 | Q31: 267 | R31: 270 | S31: =R31/R30 -> 0.45762712
B32: Female | D32: =188+12 -> 200 | E32: =10+190 -> 200 | F32: =244+8 -> 252 | G32: 258 | H32: =414-126 -> 288 | I32: 305 | J32: 286 | K32: 253 | L32: 258 | M32: =116+3+98 -> 217 | N32: 239 | O32: 258 | P32: 275 | Q32: 293 | R32: 320 | S32: =R32/R30 -> 0.54237288
B33: Full-Time | D33: =311+19 -> 330 | E33: =18+301 -> 319 | F33: =207+18+119+17+11 -> 372 | G33: =400-55 -> 345 | H33: =414-51 -> 363 | I33: 417 | J33: 419 | K33: 392 | L33: 349 | M33: =193+11+124+1 -> 329 | N33: 385 | O33: 426 | P33: 480 | Q33: 526 | R33: 559 | S33: =R33/R30 -> 0.94745763
B34: Part-Time | D34: 19 | E34: 22 | F34: 46 | G34: 55 | H34: =32+18+1 -> 51 | I34: 45 | J34: 45 | K34: 36 | L34: 38 | M34: =17+3+6 -> 26 | N34: 35 | O34: 50 | P34: 37 | Q34: 34 | R34: 31 | S34: =R34/R30 -> 0.052542373
B54: Codes: | C54: BCMN
C55: CJCM
C56: COMM
C57: COMS
C58: CSBC
C59: CSCL
C60: CSIN
C61: CSMC
C62: CSSP
C63: MCMN

Sheet FILM-jb
B1: Undergraduate Majors
B2: [Film Studies]
B4: Study Year | C4: Major Type | H4: Head Count Enrolments
D5: 1999-00 | E5: 2000-01 | F5: 2001-02 | G5: 2002-03 | H5: 2003-04 | I5: 2004-05 | J5: 2005-06 | K5: 2006-07 | L5: 2007-08 | M5: 2008-09 | N5: 2011-12 | O5: 2012-13 | P5: 2013-14 | Q5: 2014-15 | R5: 2015-16
C6: Single | D6: 34 | E6: 28 | F6: 26 | G6: 40 | H6: 61 | I6: 56 | J6: 58 | K6: 40 | L6: 32 | M6: 48 | N6: 58 | O6: 64 | P6: 54 | Q6: 34 | R6: 36
C7: Combined | D7: 0 | E7: 1 | F7: 1 | G7: 1 | H7: 1 | I7: 1 | K7: 1 | L7: 1 | R7: 1
B8: Year I | C8: Sub-Total: | D8: =D6+D7 -> 34 | E8: =E6+E7 -> 29 | F8: =F6+F7 -> 27 | G8: =G6+G7 -> 41 | H8: =H6+H7 -> 62 | I8: =I6+I7 -> 57 | J8: =J6+J7 -> 58 | K8: =K6+K7 -> 41 | ... M8: =M6+M7 -> 48 | N8: 58 | O8: 64 | P8: 54 | Q8: 34 | R8: 37
C9: Gen/Integ. Studies | D9: 0 | E9: 0 | F9: 0 | G9: 0 | H9: 0 | I9: 0
C10: Total: | D10: =D8+D9 -> 34 | E10: =E8+E9 -> 29 | F10: =F8+F9 -> 27 | G10: =G8+G9 -> 41 | H10: =H8+H9 -> 62 | I10: =I8+I9 -> 57 | J10: =J8+J9 -> 58 | K10: =K8+K9 -> 41 | ... M10: =M8+M9 -> 48 | N10: 58 | O10: 64 | P10: 54 | Q10: 34 | R10: 37
C11: Single | D11: 12 | E11: 20 | F11: 17 | G11: 20 | H11: 33 | I11: 59 | J11: 42 | K11: 30 | L11: 29 | M11: 22 | N11: 33 | O11: 28 | P11: 41 | Q11: 28 | R11: 23
C12: Combined | D12: 2 | E12: 7 | F12: 2 | G12: 4 | H12: 4 | I12: 7 | J12: 5 | K12: 2 | L12: 2 | M12: 1 | N12: 1 | O12: 2 | P12: 1 | Q12: 1 | R12: 1
B13: Year II | C13: Sub-Total: | D13: =D11+D12 -> 14 | E13: =E11+E12 -> 27 | F13: =F11+F12 -> 19 | G13: =G11+G12 -> 24 | H13: =H11+H12 -> 37 | I13: =I11+I12 -> 66 | J13: =J11+J12 -> 47 | K13: =K11+K12 -> 32 | ... M13: =M11+M12 -> 23 | N13: 34 | O13: 30 | P13: 42 | Q13: 29 | R13: 24
C14: Gen/Integ. Studies | D14: 0 | E14: 0 | F14: 0 | G14: 0 | H14: 0 | I14: 0
C15: Total: | D15: =D13+D14 -> 14 | E15: =E13+E14 -> 27 | F15: =F13+F14 -> 19 | G15: =G13+G14 -> 24 | H15: =H13+H14 -> 37 | I15: =I13+I14 -> 66 | J15: =J13+J14 -> 47 | K15: =K13+K14 -> 32 | ... M15: =M13+M14 -> 23 | N15: 34 | O15: 30 | P15: 42 | Q15: 29 | R15: 24
C16: Single | D16: 19 | E16: 11 | F16: 17 | G16: 16 | H16: 19 | I16: 21 | J16: 47 | K16: 37 | L16: 29 | M16: 24 | N16: 30 | O16: 27 | P16: 19 | Q16: 30 | R16: 21
C17: Combined | D17: 1 | E17: 5 | F17: 7 | G17: 4 | H17: 2 | I17: 3 | J17: 3 | K17: 4 | L17: 1 | M17: 1 | N17: 2 | O17: 2 | P17: 2 | Q17: 1
B18: Year III | C18: Sub-Total: | D18: =D16+D17 -> 20 | E18: =E16+E17 -> 16 | F18: =F16+F17 -> 24 | G18: =G16+G17 -> 20 | H18: =H16+H17 -> 21 | I18: =I16+I17 -> 24 | J18: =J16+J17 -> 50 | K18: =K16+K17 -> 41 | ... M18: =M16+M17 -> 25 | N18: 32 | O18: 29 | P18: 21 | Q18: 31 | R18: 21
C19: Gen/Integ. Studies | D19: 0 | E19: 0 | F19: 0 | G19: 0 | H19: 0 | I19: 1
C20: Total: | D20: =D18+D19 -> 20 | E20: =E18+E19 -> 16 | F20: =F18+F19 -> 24 | G20: =G18+G19 -> 20 | H20: =H18+H19 -> 21 | I20: =I18+I19 -> 25 | J20: =J18+J19 -> 50 | K20: =K18+K19 -> 41 | ... M20: =M18+M19 -> 25 | N20: 32 | O20: 29 | P20: 21 | Q20: 31 | R20: 21
C21: Single | D21: 0 | E21: 6 | F21: 11 | G21: 12 | H21: 10 | I21: 5 | J21: 10 | K21: 14 | L21: 16 | M21: 12 | N21: 12 | O21: 17 | P21: 8 | Q21: 15 | R21: 20
C22: Combined | D22: 2 | E22: 3 | F22: 5 | G22: 4 | H22: 4 | I22: 1 | J22: 4 | K22: 3 | L22: 2 | M22: 1 | N22: 1 | O22: 3 | Q22: 2 | R22: 1
B23: Year IV | C23: Sub-Total: | D23: =D21+D22 -> 2 | E23: =E21+E22 -> 9 | F23: =F21+F22 -> 16 | G23: =G21+G22 -> 16 | H23: =H21+H22 -> 14 | I23: =I21+I22 -> 6 | J23: =J21+J22 -> 14 | K23: =K21+K22 -> 17 | ... M23: =M21+M22 -> 13 | N23: 13 | O23: 20 | P23: 8 | Q23: 17 | R23: 21
C24: Gen/Integ. Studies | D24: 0 | E24: 0 | F24: 0 | G24: 0 | H24: 0 | I24: 0
C25: Total: | D25: =D23+D24 -> 2 | E25: =E23+E24 -> 9 | F25: =F23+F24 -> 16 | G25: =G23+G24 -> 16 | H25: =H23+H24 -> 14 | I25: =I23+I24 -> 6 | J25: =J23+J24 -> 14 | K25: =K23+K24 -> 17 | ... M25: =M23+M24 -> 13 | N25: 13 | O25: 20 | P25: 8 | Q25: 17 | R25: 21
C26: Single | D26: =SUM(D6,D11,D16,D21) -> 65 | E26: =SUM(E6,E11,E16,E21) -> 65 | F26: =SUM(F6,F11,F16,F21) -> 71 | G26: =SUM(G6,G11,G16,G21) -> 88 | H26: =SUM(H6,H11,H16,H21) -> 123 | I26: =SUM(I6,I11,I16,I21) -> 141 | J26: =SUM(J6,J11,J16,J21) -> 157 | K26: =SUM(K6,K11,K16,K21) -> 121 | ... M26: =SUM(M6,M11,M16,M21) -> 106 | N26: 133 | O26: 136 | P26: 122 | Q26: 107 | R26: 103
C27: Combined | D27: =SUM(D7,D12,D17,D22) -> 5 | E27: =SUM(E7,E12,E17,E22) -> 16 | F27: =SUM(F7,F12,F17,F22) -> 15 | G27: =SUM(G7,G12,G17,G22) -> 13 | H27: =SUM(H7,H12,H17,H22) -> 11 | I27: =SUM(I7,I12,I17,I22) -> 12 | J27: =SUM(J7,J12,J17,J22) -> 12 | K27: =SUM(K7,K12,K17,K22) -> 10 | ... M27: =SUM(M7,M12,M17,M22) -> 3 | N27: 4 | O27: 7 | P27: 3 | Q27: 4
B28: TOTAL: | C28: Sub-Total: | D28: =D26+D27 -> 70 | E28: =E26+E27 -> 81 | F28: =SUM(F8,F13,F18,F23) -> 86 | G28: =SUM(G8,G13,G18,G23) -> 101 | H28: =SUM(H8,H13,H18,H23) -> 134 | I28: =SUM(I8,I13,I18,I23) -> 153 | J28: =SUM(J8,J13,J18,J23) -> 169 | K28: =SUM(K8,K13,K18,K23) -> 131 | L28: =SUM(L8,L13,L18,L23) -> 112 | M28: =SUM(M8,M13,M18,M23) -> 109 | N28: 137 | O28: 143 | P28: 125 | Q28: 111 | R28: 103
C29: Gen/Integ. Studies | D29: =SUM(D9,D14,D19,D24) -> 0 | E29: =SUM(E9,E14,E19,E24) -> 0 | F29: =SUM(F9,F14,F19,F24) -> 0 | G29: =SUM(G9,G14,G19,G24) -> 0 | H29: =SUM(H9,H14,H19,H24) -> 0 | I29: =SUM(I9,I14,I19,I24) -> 1
C30: Total: | D30: =D28+D29 -> 70 | E30: =E28+E29 -> 81 | F30: =SUM(F10,F15,F20,F25) -> 86 | G30: =SUM(G10,G15,G20,G25) -> 101 | H30: =SUM(H10,H15,H20,H25) -> 134 | I30: =SUM(I10,I15,I20,I25) -> 154 | J30: =SUM(J10,J15,J20,J25) -> 169 | K30: =SUM(K10,K15,K20,K25) -> 131 | L30: =SUM(L10,L15,L20,L25) -> 112 | M30: =SUM(M10,M15,M20,M25) -> 109 | N30: 137 | O30: 143 | P30: 125 | Q30: 111 | R30: 103
B31: Male | D31: 45 | E31: 50 | F31: =49+9 -> 58 | G31: 62 | H31: =70+7 -> 77 | I31: 92 | J31: 102 | K31: 85 | L31: 72 | M31: =67+1 -> 68 | N31: 89 | O31: 81 | P31: 71 | Q31: 68 | R31: 59 | S31: =R31/R30 -> 0.57281553
B32: Female | D32: 25 | E32: 31 | F32: =24+4 -> 28 | G32: 39 | H32: =134-77 -> 57 | I32: 62 | J32: 67 | K32: 46 | L32: 40 | M32: =39+2 -> 41 | N32: 48 | O32: 62 | P32: 54 | Q32: 43 | R32: 44 | S32: =R32/R30 -> 0.42718447
B33: Full-Time | D33: 64 | E33: =56+8+7 -> 71 | F33: =68+14 -> 82 | G33: 90 | H33: =134-5 -> 129 | I33: 145 | J33: 159 | K33: 118 | L33: 100 | M33: =95+3 -> 98 | N33: 124 | O33: 128 | P33: 116 | Q33: 102 | R33: 97 | S33: =R33/R30 -> 0.94174757
B34: Part-Time | D34: 6 | E34: 10 | F34: 4 | G34: 11 | H34: =4+1 -> 5 | I34: 9 | J34: 10 | K34: 13 | L34: 12 | M34: 11 | N34: 13 | O34: 15 | P34: 9 | Q34: 9 | R34: 6 | S34: =R34/R30 -> 0.058252427
B54: Codes:
B55: FILM
B56: FILN

Sheet PCUL-jb
B1: Undergraduate Majors
B2: [Popular Culture]
B4: Study Year | C4: Major Type | H4: Head Count Enrolments
D5: 1999-00 | E5: 2000-01 | F5: 2001-02 | G5: 2002-03 | H5: 2003-04 | I5: 2004-05 | J5: 2005-06 | K5: 2006-07 | L5: 2007-08 | M5: 2008-09 | N5: 2011-12 | O5: 2012-13 | P5: 2013-14 | Q5: 2014-15 | R5: 2015-16
C6: Single | D6: 0 | E6: 5 | F6: 16 | G6: 24 | H6: 40 | I6: 32 | J6: 34 | K6: 36 | L6: 30 | M6: 32 | N6: 17 | O6: 20 | P6: 11 | Q6: 8 | R6: 4
C7: Combined | D7: 0 | E7: 0 | F7: 0 | G7: 0 | H7: 0 | I7: 0
B8: Year I | C8: Sub-Total: | D8: =D6+D7 -> 0 | E8: =E6+E7 -> 5 | F8: =F6+F7 -> 16 | G8: =G6+G7 -> 24 | H8: =H6+H7 -> 40 | I8: =I6+I7 -> 32 | J8: =J6+J7 -> 34 | K8: =K6+K7 -> 36 | ... M8: =M6+M7 -> 32 | N8: 17 | O8: 20 | P8: 11 | Q8: 8 | R8: 4
C9: Gen/Integ. Studies | D9: 0 | E9: 0 | F9: 0 | G9: 0 | H9: 0 | I9: 0
C10: Total: | D10: =D8+D9 -> 0 | E10: =E8+E9 -> 5 | F10: =F8+F9 -> 16 | G10: =G8+G9 -> 24 | H10: =H8+H9 -> 40 | I10: =I8+I9 -> 32 | J10: =J8+J9 -> 34 | K10: =K8+K9 -> 36 | ... M10: =M8+M9 -> 32 | N10: 17 | O10: 20 | P10: 11 | Q10: 8 | R10: 4
C11: Single | D11: 1 | E11: 3 | F11: 7 | G11: 8 | H11: 15 | I11: 39 | J11: 40 | K11: 38 | L11: 33 | M11: 31 | N11: 8 | O11: 16 | P11: 15 | Q11: 11 | R11: 11
C12: Combined | D12: 0 | E12: 0 | F12: 0 | G12: 0 | H12: 1 | I12: 2 | J12: 1
B13: Year II | C13: Sub-Total: | D13: =D11+D12 -> 1 | E13: =E11+E12 -> 3 | F13: =F11+F12 -> 7 | G13: =G11+G12 -> 8 | H13: =H11+H12 -> 16 | I13: =I11+I12 -> 41 | J13: =J11+J12 -> 41 | K13: =K11+K12 -> 38 | ... M13: =M11+M12 -> 31 | N13: 8 | O13: 16 | P13: 15 | Q13: 11 | R13: 11
C14: Gen/Integ. Studies | D14: 0 | E14: 0 | F14: 0 | G14: 0 | H14: 0 | I14: 0
C15: Total: | D15: =D13+D14 -> 1 | E15: =E13+E14 -> 3 | F15: =F13+F14 -> 7 | G15: =G13+G14 -> 8 | H15: =H13+H14 -> 16 | I15: =I13+I14 -> 41 | J15: =J13+J14 -> 41 | K15: =K13+K14 -> 38 | ... M15: =M13+M14 -> 31 | N15: 8 | O15: 16 | P15: 15 | Q15: 11 | R15: 11
C16: Single | D16: 3 | E16: 4 | F16: 2 | G16: 7 | H16: 8 | I16: 10 | J16: 28 | K16: 27 | L16: 25 | M16: 22 | N16: 17 | O16: 8 | P16: 13 | Q16: 14 | R16: 8
C17: Combined | D17: 1 | E17: 0 | F17: 0 | G17: 1 | H17: 0 | I17: 1 | J17: 2 | K17: 1 | L17: 1
B18: Year III | C18: Sub-Total: | D18: =D16+D17 -> 4 | E18: =E16+E17 -> 4 | F18: =F16+F17 -> 2 | G18: =G16+G17 -> 8 | H18: =H16+H17 -> 8 | I18: =I16+I17 -> 11 | J18: =J16+J17 -> 30 | K18: =K16+K17 -> 28 | ... M18: =M16+M17 -> 22 | N18: 17 | O18: 8 | P18: 13 | Q18: 14 | R18: 8
C19: Gen/Integ. Studies | D19: 0 | E19: 0 | F19: 0 | G19: 0 | H19: 0 | I19: 0
C20: Total: | D20: =D18+D19 -> 4 | E20: =E18+E19 -> 4 | F20: =F18+F19 -> 2 | G20: =G18+G19 -> 8 | H20: =H18+H19 -> 8 | I20: =I18+I19 -> 11 | J20: =J18+J19 -> 30 | K20: =K18+K19 -> 28 | ... M20: =M18+M19 -> 22 | N20: 17 | O20: 8 | P20: 13 | Q20: 14 | R20: 8
C21: Single | D21: 0 | E21: 2 | F21: 0 | G21: 1 | H21: 8 | I21: 3 | J21: 6 | K21: 14 | L21: 5 | M21: 10 | N21: 10 | O21: 5 | P21: 7 | Q21: 11 | R21: 11
C22: Combined | D22: 0 | E22: 1 | F22: 1 | G22: 1 | H22: 0 | I22: 0 | J22: 1
B23: Year IV | C23: Sub-Total: | D23: =D21+D22 -> 0 | E23: =E21+E22 -> 3 | F23: =F21+F22 -> 1 | G23: =G21+G22 -> 2 | H23: =H21+H22 -> 8 | I23: =I21+I22 -> 3 | J23: =J21+J22 -> 7 | K23: =K21+K22 -> 14 | ... M23: =M21+M22 -> 10 | N23: 10 | O23: 5 | P23: 7 | Q23: 11 | R23: 11
C24: Gen/Integ. Studies | D24: 0 | E24: 0 | F24: 0 | G24: 0 | H24: 0 | I24: 0
C25: Total: | D25: =D23+D24 -> 0 | E25: =E23+E24 -> 3 | F25: =F23+F24 -> 1 | G25: =G23+G24 -> 2 | H25: =H23+H24 -> 8 | I25: =I23+I24 -> 3 | J25: =J23+J24 -> 7 | K25: =K23+K24 -> 14 | ... M25: =M23+M24 -> 10 | N25: 10 | O25: 5 | P25: 7 | Q25: 11 | R25: 11
C26: Single | D26: =SUM(D6,D11,D16,D21) -> 4 | E26: =SUM(E6,E11,E16,E21) -> 14 | F26: =SUM(F6,F11,F16,F21) -> 25 | G26: =SUM(G6,G11,G16,G21) -> 40 | H26: =SUM(H6,H11,H16,H21) -> 71 | I26: =SUM(I6,I11,I16,I21) -> 84 | J26: =SUM(J6,J11,J16,J21) -> 108 | K26: =SUM(K6,K11,K16,K21) -> 115 | ... M26: =SUM(M6,M11,M16,M21) -> 95 | N26: 52 | O26: 49 | P26: 46 | Q26: 44 | R26: 34
C27: Combined | D27: =SUM(D7,D12,D17,D22) -> 1 | E27: =SUM(E7,E12,E17,E22) -> 1 | F27: =SUM(F7,F12,F17,F22) -> 1 | G27: =SUM(G7,G12,G17,G22) -> 2 | H27: =SUM(H7,H12,H17,H22) -> 1 | I27: =SUM(I7,I12,I17,I22) -> 3 | J27: =SUM(J7,J12,J17,J22) -> 4 | K27: =SUM(K7,K12,K17,K22) -> 1 | L27: =SUM(L7,L12,L17,L22) -> 1
B28: TOTAL: | C28: Sub-Total: | D28: =D26+D27 -> 5 | E28: =E26+E27 -> 15 | F28: =SUM(F8,F13,F18,F23) -> 26 | G28: =SUM(G8,G13,G18,G23) -> 42 | H28: =SUM(H8,H13,H18,H23) -> 72 | I28: =SUM(I8,I13,I18,I23) -> 87 | J28: =SUM(J8,J13,J18,J23) -> 112 | K28: =SUM(K8,K13,K18,K23) -> 116 | L28: =SUM(L8,L13,L18,L23) -> 94 | M28: =SUM(M8,M13,M18,M23) -> 95 | N28: 52 | O28: 49 | P28: 46 | Q28: 44 | R28: 34
C29: Gen/Integ. Studies | D29: =SUM(D9,D14,D19,D24) -> 0 | E29: =SUM(E9,E14,E19,E24) -> 0 | F29: =SUM(F9,F14,F19,F24) -> 0 | G29: =SUM(G9,G14,G19,G24) -> 0 | H29: =SUM(H9,H14,H19,H24) -> 0 | I29: =SUM(I9,I14,I19,I24) -> 0
C30: Total: | D30: =D28+D29 -> 5 | E30: =E28+E29 -> 15 | F30: =SUM(F10,F15,F20,F25) -> 26 | G30: =SUM(G10,G15,G20,G25) -> 42 | H30: =SUM(H10,H15,H20,H25) -> 72 | I30: =SUM(I10,I15,I20,I25) -> 87 | J30: =SUM(J10,J15,J20,J25) -> 112 | K30: =SUM(K10,K15,K20,K25) -> 116 | L30: =SUM(L10,L15,L20,L25) -> 94 | M30: =SUM(M10,M15,M20,M25) -> 95 | N30: 52 | O30: 49 | P30: 46 | Q30: 44 | R30: 34
B31: Male | D31: 3 | E31: 5 | F31: 13 | G31: 14 | H31: 20 | I31: 25 | J31: 26 | K31: 28 | L31: 19 | M31: =25 -> 25 | N31: 16 | O31: 14 | P31: 15 | Q31: 14 | R31: 13 | S31: =R31/R30 -> 0.38235294
B32: Female | D32: 2 | E32: 10 | F32: 13 | G32: 28 | H32: 52 | I32: 62 | J32: 86 | K32: 88 | L32: 75 | M32: 70 | N32: 36 | O32: 35 | P32: 31 | Q32: 30 | R32: 21 | S32: =R32/R30 -> 0.61764706
B33: Full-Time | D33: 5 | E33: 13 | F33: 26 | G33: 42 | H33: 69 | I33: 81 | J33: 101 | K33: 106 | L33: 88 | M33: 87 | N33: 43 | O33: 45 | P33: 45 | Q33: 39 | R33: 29 | S33: =R33/R30 -> 0.85294118
B34: Part-Time | D34: 0 | E34: 2 | F34: 0 | G34: 0 | H34: 3 | I34: 6 | J34: 11 | K34: 10 | L34: 6 | M34: 8 | N34: 9 | O34: 4 | P34: 1 | Q34: 5 | R34: 5 | S34: =R34/R30 -> 0.14705882
B53: Codes: | C53: PCUL

Sheet ECON-jb
B1: Undergraduate Majors
B2: Economics
B3: Total
B4: Study Year | C4: Major Type | D4: Head Count Enrolments (Including Coop)
D5: 2003-04 | E5: 2004-05 | F5: 2005-06 | G5: 2006-07 | H5: 2007-08 | I5: 2008-09 | J5: 2011-12 | K5: 2012-13 | L5: 2013-14 | M5: 2014-15 | N5: 2015-16
C6: Single | D6: 39 | E6: 58 | F6: 44 | G6: 30 | H6: 36 | I6: 56 | J6: 46 | K6: 47 | L6: 61 | M6: 62 | N6: 49
C7: Combined | D7: 2 | E7: 2 | F7: 2 | G7: 2 | H7: 5 | I7: 2 | J7: 2 | M7: 2
B8: Year I | C8: Sub-Total: | D8: =D6+D7 -> 41 | E8: =E6+E7 -> 60 | F8: =F6+F7 -> 46 | G8: =G6+G7 -> 32 | H8: =SUM(H6:H7) -> 41 | I8: =SUM(I6:I7) -> 58 | J8: 48 | K8: 47 | L8: 61 | M8: 64 | N8: 49
C9: Gen/Integ. Studies | D9: 0 | E9: 0 | I9: 1
C10: Total: | D10: =D8+D9 -> 41 | E10: =E8+E9 -> 60 | F10: =F8+F9 -> 46 | G10: =G8+G9 -> 32 | H10: =SUM(H8:H9) -> 41 | I10: =SUM(I8:I9) -> 59 | J10: 48 | K10: 47 | L10: 61 | M10: 64 | N10: 49
C11: Single | D11: 27 | E11: 39 | F11: 78 | G11: 69 | H11: 45 | I11: 53 | J11: 66 | K11: 61 | L11: 68 | M11: 87 | N11: 94
C12: Combined | D12: 2 | E12: 1 | F12: 5 | G12: 4 | H12: 2 | I12: 5 | J12: 7 | K12: 5 | L12: 4 | N12: 3
B13: Year II | C13: Sub-Total: | D13: =D11+D12 -> 29 | E13: =E11+E12 -> 40 | F13: =F11+F12 -> 83 | G13: =G11+G12 -> 73 | H13: =SUM(H11:H12) -> 47 | I13: =SUM(I11:I12) -> 58 | J13: 73 | K13: 66 | L13: 72 | M13: 88 | N13: 97
C14: Gen/Integ. Studies | D14: 0 | E14: 0 | G14: 1 | I14: 1 | L14: 1 | M14: 1
C15: Total: | D15: =D13+D14 -> 29 | E15: =E13+E14 -> 40 | F15: =F13+F14 -> 83 | G15: =G13+G14 -> 74 | H15: =SUM(H13:H14) -> 47 | I15: =SUM(I13:I14) -> 59 | J15: 73 | K15: 66 | L15: 73 | M15: 88 | N15: 97
C16: Single | D16: 27 | E16: 38 | F16: 53 | G16: 70 | H16: 52 | I16: 48 | J16: 75 | K16: 80 | L16: 67 | M16: 70 | N16: 100
C17: Combined | D17: 5 | E17: 4 | F17: 3 | G17: 4 | H17: 2 | I17: 5 | J17: 5 | K17: 4 | L17: 3 | M17: 1 | N17: 3
B18: Year III | C18: Sub-Total: | D18: =D16+D17 -> 32 | E18: =E16+E17 -> 42 | F18: =F16+F17 -> 56 | G18: =G16+G17 -> 74 | H18: =SUM(H16:H17) -> 54 | I18: =SUM(I16:I17) -> 53 | J18: 80 | K18: 84 | L18: 70 | M18: 71 | N18: 103
C19: Gen/Integ. Studies | D19: 0 | E19: 0 | J19: 1 | L19: 1 | M19: 3 | N19: 1
C20: Total: | D20: =D18+D19 -> 32 | E20: =E18+E19 -> 42 | F20: =F18+F19 -> 56 | G20: =G18+G19 -> 74 | H20: =SUM(H18:H19) -> 54 | I20: =SUM(I18:I19) -> 53 | J20: 81 | K20: 84 | L20: 71 | M20: 74 | N20: 104
C21: Single | D21: 27 | E21: 13 | F21: 23 | G21: 32 | H21: 12 | I21: 17 | J21: 20 | K21: 27 | L21: 31 | M21: 28 | N21: 38
C22: Combined | D22: 7 | E22: 2 | F22: 5 | G22: 5 | H22: 7 | I22: 2 | J22: 5 | K22: 3 | L22: 3 | M22: 3 | N22: 4
B23: Year IV | C23: Sub-Total: | D23: =D21+D22 -> 34 | E23: =E21+E22 -> 15 | F23: =F21+F22 -> 28 | G23: =G21+G22 -> 37 | H23: =SUM(H21:H22) -> 19 | I23: =SUM(I21:I22) -> 19 | J23: 25 | K23: 30 | L23: 34 | M23: 31 | N23: 42
C24: Gen/Integ. Studies | D24: 1 | E24: 2 | F24: 1
C25: Total: | D25: =D23+D24 -> 35 | E25: =E23+E24 -> 17 | F25: =F23+F24 -> 29 | G25: =G23+G24 -> 37 | H25: =SUM(H23:H24) -> 19 | I25: =SUM(I23:I24) -> 19 | J25: 25 | K25: 30 | L25: 34 | M25: 31 | N25: 42
C26: Single | D26: =SUM(D6,D11,D16,D21) -> 120 | E26: =SUM(E6,E11,E16,E21) -> 148 | F26: =SUM(F6,F11,F16,F21) -> 198 | G26: =SUM(G6,G11,G16,G21) -> 201 | H26: =SUM(H6,H11,H16,H21) -> 145 | I26: =SUM(I6,I11,I16,I21) -> 174 | J26: 207 | K26: 215 | L26: 227 | M26: 247 | N26: 281
C27: Combined | D27: =SUM(D7,D12,D17,D22) -> 16 | E27: =SUM(E7,E12,E17,E22) -> 9 | F27: =SUM(F7,F12,F17,F22) -> 15 | G27: =SUM(G7,G12,G17,G22) -> 15 | H27: =SUM(H7,H12,H17,H22) -> 16 | I27: =SUM(I7,I12,I17,I22) -> 14 | J27: 19 | K27: 12 | L27: 10 | M27: 6 | N27: 10
B28: TOTAL: | C28: Sub-Total: | D28: =D26+D27 -> 136 | E28: =E26+E27 -> 157 | F28: =F26+F27 -> 213 | G28: =G26+G27 -> 216 | H28: =H26+H27 -> 161 | I28: =I26+I27 -> 188 | J28: 226 | K28: 227 | L28: 237 | M28: 253 | N28: 291
C29: Gen/Integ. Studies | D29: =SUM(D9,D14,D19,D24) -> 1 | E29: =SUM(E9,E14,E19,E24) -> 2 | F29: =SUM(F9,F14,F19,F24) -> 1 | G29: =SUM(G9,G14,G19,G24) -> 1 | I29: =SUM(I9,I14,I19,I24) -> 2 | J29: 1 | L29: 2 | M29: 4 | N29: 1
C30: Total: | D30: =D28+D29 -> 137 | E30: =E28+E29 -> 159 | F30: =F28+F29 -> 214 | G30: =G28+G29 -> 217 | H30: =H28+H29 -> 161 | I30: =I28+I29 -> 190 | J30: 227 | K30: 227 | L30: 239 | M30: 257 | N30: 292
B31: Male | D31: 91 | E31: 102 | F31: 133 | G31: 137 | H31: 121 | I31: 134 | J31: 155 | K31: 166 | L31: 163 | M31: 172 | N31: 210 | O31: =N31/N30 -> 0.71917808
B32: Female | D32: 46 | E32: 57 | F32: 81 | G32: 80 | H32: 40 | I32: 56 | J32: 72 | K32: 61 | L32: 76 | M32: 85 | N32: 82 | O32: =N32/N30 -> 0.28082192
B33: Full-Time | D33: 111 | E33: 127 | F33: 169 | G33: 166 | H33: 128 | I33: 145 | J33: 180 | K33: 175 | L33: 197 | M33: 209 | N33: 236 | O33: =N33/N30 -> 0.80821918
B34: Part-Time | D34: 26 | E34: 32 | F34: 45 | G34: 51 | H34: 33 | I34: 45 | J34: 47 | K34: 52 | L34: 42 | M34: 48 | N34: 56 | O34: =N34/N30 -> 0.19178082
B54: Codes:
B55: ECAN
B56: ECON
B57: ENEC

Sheet ECON (COOP)-jb
B1: Undergraduate Majors
B2: Economics
B3: COOP
B4: Study Year | C4: Major Type | D4: Head Count Enrollments (Coop Only)
D5: 2003-04 | E5: 2004-05 | F5: 2005-06 | G5: 2006-07 | H5: 2007-08 | I5: 2008-09 | J5: 2011-12 | K5: 2012-13 | L5: 2013-14 | M5: 2014-15 | N5: 2015-16
C6: Single | D6: Coop data not available | E6: 0 | F6: 2 | G6: 1 | I6: 2 | J6: 4 | K6: 13 | L6: 17 | M6: 14 | N6: 8
C7: Combined | E7: 0
B8: Year I | C8: Sub-Total: | E8: 0 | F8: 2 | G8: 1 | I8: 2 | J8: 4 | K8: 13 | L8: 17 | M8: 14 | N8: 8
C9: Gen/Integ. Studies | E9: 0
C10: Total: | E10: 0 | F10: 2 | G10: 1 | I10: 2 | J10: 4 | K10: 13 | L10: 17 | M10: 14 | N10: 8
C11: Single | E11: 0 | G11: 1 | H11: 1 | I11: 1 | J11: 2 | K11: 1 | L11: 2 | M11: 3 | N11: 2
C12: Combined | E12: 0
B13: Year II | C13: Sub-Total: | E13: 0 | G13: 1 | H13: 1 | I13: 1 | J13: 2 | K13: 1 | L13: 2 | M13: 3 | N13: 2
C14: Gen/Integ. Studies | E14: 0
C15: Total: | E15: 0 | G15: 1 | H15: 1 | I15: 1 | J15: 2 | K15: 1 | L15: 2 | M15: 3 | N15: 2
C16: Single | E16: 1 | F16: 1 | G16: 1 | I16: 1 | J16: 1 | K16: 2 | L16: 1 | M16: 1 | N16: 3
C17: Combined | E17: 0
B18: Year III | C18: Sub-Total: | E18: 1 | F18: 1 | G18: 1 | I18: 1 | J18: 1 | K18: 2 | L18: 1 | M18: 1 | N18: 3
C19: Gen/Integ. Studies | E19: 0
C20: Total: | E20: 1 | F20: 1 | G20: 1 | H20: 0 | I20: 1 | J20: 1 | K20: 2 | L20: 1 | M20: 1 | N20: 3
C21: Single | E21: 0 | F21: 1 | H21: 1 | J21: 1 | K21: 1 | L21: 2 | M21: 1 | N21: 1
C22: Combined | E22: 0
B23: Year IV | C23: Sub-Total: | E23: 0 | F23: 1 | H23: 1 | J23: 1 | K23: 1 | L23: 2 | M23: 1 | N23: 1
C24: Gen/Integ. Studies | E24: 0
C25: Total: | E25: 0 | F25: 1 | H25: 1 | J25: 1 | K25: 1 | L25: 2 | M25: 1 | N25: 1
C26: Single | E26: =SUM(E6,E11,E16,E21) -> 1 | F26: =SUM(F6,F11,F16,F21) -> 4 | G26: =SUM(G6,G11,G16,G21) -> 3 | H26: =SUM(H6,H11,H16,H21) -> 2 | I26: =SUM(I6,I11,I16,I21) -> 4 | J26: 8 | K26: 17 | L26: 22 | M26: 19 | N26: 14
C27: Combined | E27: 0
B28: TOTAL: | C28: Sub-Total: | E28: =SUM(E8,E13,E18,E23) -> 1 | F28: =SUM(F8,F13,F18,F23) -> 4 | G28: =SUM(G8,G13,G18,G23) -> 3 | H28: =SUM(H8,H13,H18,H23) -> 2 | I28: =SUM(I8,I13,I18,I23) -> 4 | J28: 8 | K28: 17 | L28: 22 | M28: 19 | N28: 14
C29: Gen/Integ. Studies | E29: 0
C30: Total: | E30: =SUM(E28:E29) -> 1 | F30: =SUM(F28:F29) -> 4 | G30: =SUM(G28:G29) -> 3 | H30: =SUM(H28:H29) -> 2 | I30: =SUM(I28:I29) -> 4 | J30: 8 | K30: 17 | L30: 22 | M30: 19 | N30: 14
B31: Male | E31: 1 | F31: 3 | G31: 2 | H31: 2 | I31: 4 | J31: 7 | K31: 14 | L31: 20 | M31: 15 | N31: 14 | O31: =N31/N30 -> 1
B32: Female | E32: 0 | F32: 1 | G32: 1 | J32: 1 | K32: 3 | L32: 2 | M32: 4 | N32: 0 | O32: =N32/N30 -> 0
B33: Full-Time | E33: 0 | F33: 3 | G33: 3 | H33: 1 | I33: 2 | J33: 6 | K33: 15 | L33: 22 | M33: 16 | N33: 13 | O33: =N33/N30 -> 0.92857143
B34: Part-Time | E34: 1 | F34: 1 | H34: 1 | I34: 2 | J34: 2 | K34: 2 | M34: 3 | N34: 1 | O34: =N34/N30 -> 0.071428571
B54: Codes:
B55: ECAN
B56: ECON
B57: ENEC

Sheet GEOG-jb
B1: Undergraduate Majors
B2: Geography
B3: TOTAL
B4: Study Year | C4: Major Type | D4: Head Count Enrolments (Including Coop)
D5: 2003-04 | E5: 2004-05 | F5: 2005-06 | G5: 2006-07 | H5: 2007-08 | I5: 2008-09 | J5: 2011-12 | K5: 2012-13 | L5: 2013-14 | M5: 2014-15 | N5: 2015-16
C6: Single | D6: =35+7 -> 42 | E6: 61 | F6: 79 | G6: 80 | H6: 85 | I6: =1+66+2+3+2+2 -> 76 | J6: 70 | K6: 50 | L6: 54 | M6: 27 | N6: 30
C7: Combined | D7: 1 | E7: 2 | F7: 4 | G7: 6 | H7: 3 | I7: 2 | J7: 2 | L7: 1 | M7: 1
B8: Year I | C8: Sub-Total: | D8: =D6+D7 -> 43 | E8: =E6+E7 -> 63 | F8: =F6+F7 -> 83 | G8: =G6+G7 -> 86 | H8: =H6+H7 -> 88 | I8: =I6+I7 -> 78 | J8: 72 | K8: 50 | L8: 55 | M8: 28 | N8: 30
C9: Gen/Integ. Studies | D9: 0 | E9: 0
C10: Total: | D10: =D8+D9 -> 43 | E10: =E8+E9 -> 63 | F10: =F8+F9 -> 83 | G10: =G8+G9 -> 86 | H10: =H8+H9 -> 88 | I10: =I8+I9 -> 78 | J10: 72 | K10: 50 | L10: 55 | M10: 28 | N10: 30
C11: Single | D11: =39+4 -> 43 | E11: 93 | F11: 103 | G11: 101 | H11: 99 | I11: =1+36+17+11+3+1 -> 69 | J11: 68 | K11: 68 | L11: 69 | M11: 48 | N11: 46
C12: Combined | D12: 5 | E12: 8 | F12: 8 | G12: 9 | H12: 6 | I12: 4 | J12: 3 | K12: 3 | L12: 5 | M12: 5 | N12: 1
B13: Year II | C13: Sub-Total: | D13: =D11+D12 -> 48 | E13: =E11+E12 -> 101 | F13: =F11+F12 -> 111 | G13: =G11+G12 -> 110 | H13: =H11+H12 -> 105 | I13: =I11+I12 -> 73 | J13: 71 | K13: 71 | L13: 74 | M13: 53 | N13: 47
C14: Gen/Integ. Studies | D14: 0 | E14: 1 | F14: 1 | H14: 1 | K14: 1 | L14: 2
C15: Total: | D15: =D13+D14 -> 48 | E15: =E13+E14 -> 102 | F15: =F13+F14 -> 112 | G15: =G13+G14 -> 110 | H15: =H13+H14 -> 106 | I15: =I13+I14 -> 73 | J15: 71 | K15: 72 | L15: 76 | M15: 53 | N15: 47
C16: Single | D16: =29+19+8 -> 56 | E16: 54 | F16: 90 | G16: 100 | H16: 93 | I16: =32+31+18+3+1 -> 85 | J16: 64 | K16: 52 | L16: 55 | M16: 56 | N16: 40
C17: Combined | D17: 4 | E17: 6 | F17: 10 | G17: 8 | H17: 11 | I17: =1+1+4+1+1 -> 8 | J17: 6 | K17: 6 | L17: 4 | M17: 5 | N17: 9
B18: Year III | C18: Sub-Total: | D18: =D16+D17 -> 60 | E18: =E16+E17 -> 60 | F18: =F16+F17 -> 100 | G18: =G16+G17 -> 108 | H18: =H16+H17 -> 104 | I18: =I16+I17 -> 93 | J18: 70 | K18: 58 | L18: 59 | M18: 61 | N18: 49
C19: Gen/Integ. Studies | D19: 0 | E19: 2 | F19: 1 | G19: 1 | H19: 1 | J19: 1 | K19: 2 | L19: 3 | M19: 2 | N19: 1
C20: Total: | D20: =D18+D19 -> 60 | E20: =E18+E19 -> 62 | F20: =F18+F19 -> 101 | G20: =G18+G19 -> 109 | H20: =H18+H19 -> 105 | I20: =I18+I19 -> 93 | J20: 71 | K20: 60 | L20: 62 | M20: 63 | N20: 50
C21: Single | D21: =15+16+6 -> 37 | E21: 21 | F21: 27 | G21: 58 | H21: 63 | I21: =20+19+9+4+1+2 -> 55 | J21: 34 | K21: 32 | L21: 30 | M21: 31 | N21: 38
C22: Combined | D22: 6 | E22: 2 | F22: 6 | G22: 14 | H22: 5 | I22: =1+1+1+1+2+1+1+2 -> 10 | J22: 6 | K22: 2 | L22: 4 | M22: 5 | N22: 6
B23: Year IV | C23: Sub-Total: | D23: =D21+D22 -> 43 | E23: =E21+E22 -> 23 | F23: =F21+F22 -> 33 | G23: =G21+G22 -> 72 | H23: =H21+H22 -> 68 | I23: =I21+I22 -> 65 | J23: 40 | K23: 34 | L23: 34 | M23: 36 | N23: 44
C24: Gen/Integ. Studies | D24: 2 | E24: 0 | F24: 1 | G24: 1 | I24: 1 | J24: 1 | N24: 1
C25: Total: | D25: =D23+D24 -> 45 | E25: =E23+E24 -> 23 | F25: =F23+F24 -> 34 | G25: =G23+G24 -> 73 | H25: =H23+H24 -> 68 | I25: =I23+I24 -> 66 | J25: 41 | K25: 34 | L25: 34 | M25: 36 | N25: 45
C26: Single | D26: =SUM(D6,D11,D16,D21) -> 178 | E26: =SUM(E6,E11,E16,E21) -> 229 | F26: =SUM(F6,F11,F16,F21) -> 299 | G26: =SUM(G6,G11,G16,G21) -> 339 | H26: =SUM(H6,H11,H16,H21) -> 340 | I26: =SUM(I6,I11,I16,I21) -> 285 | J26: 236 | K26: 202 | L26: 208 | M26: 162 | N26: 154
C27: Combined | D27: =SUM(D7,D12,D17,D22) -> 16 | E27: =SUM(E7,E12,E17,E22) -> 18 | F27: =SUM(F7,F12,F17,F22) -> 28 | G27: =SUM(G7,G12,G17,G22) -> 37 | H27: =SUM(H7,H12,H17,H22) -> 25 | I27: =SUM(I7,I12,I17,I22) -> 24 | J27: 17 | K27: 11 | L27: 14 | M27: 16 | N27: 16
B28: TOTAL: | C28: Sub-Total: | D28: =D26+D27 -> 194 | E28: =E26+E27 -> 247 | F28: =F26+F27 -> 327 | G28: =G26+G27 -> 376 | H28: =H26+H27 -> 365 | I28: =I26+I27 -> 309 | J28: 253 | K28: 213 | L28: 222 | M28: 178 | N28: 170
C29: Gen/Integ. Studies | D29: =SUM(D9,D14,D19,D24) -> 2 | E29: =SUM(E9,E14,E19,E24) -> 3 | F29: =SUM(F9,F14,F19,F24) -> 3 | G29: =SUM(G9,G14,G19,G24) -> 2 | H29: =SUM(H9,H14,H19,H24) -> 2 | I29: =SUM(I9,I14,I19,I24) -> 1 | J29: 2 | K29: 3 | L29: 5 | M29: 2 | N29: 2
C30: Total: | D30: =D28+D29 -> 196 | E30: =E28+E29 -> 250 | F30: =F28+F29 -> 330 | G30: =G28+G29 -> 378 | H30: =H28+H29 -> 367 | I30: =I28+I29 -> 310 | J30: 255 | K30: 216 | L30: 227 | M30: 180 | N30: 172
B31: Male | D31: 110 | E31: 112 | F31: 152 | G31: 186 | H31: 188 | I31: 167 | J31: 149 | K31: 133 | L31: 129 | M31: 95 | N31: 90 | O31: =N31/N30 -> 0.52325581
B32: Female | D32: 86 | E32: 138 | F32: 178 | G32: 192 | H32: 179 | I32: 143 | J32: 106 | K32: 83 | L32: 98 | M32: 85 | N32: 82 | O32: =N32/N30 -> 0.47674419
B33: Full-Time | D33: 175 | E33: 228 | F33: 292 | G33: 337 | H33: 320 | I33: 262 | J33: 223 | K33: 187 | L33: 206 | M33: 164 | N33: 151 | O33: =N33/N30 -> 0.87790698
B34: Part-Time | D34: 21 | E34: 22 | F34: 38 | G34: 41 | H34: 47 | I34: 48 | J34: 32 | K34: 29 | L34: 21 | M34: 16 | N34: 21 | O34: =N34/N30 -> 0.12209302
B35: * Geography coop program started in 2007-08.
B57: Codes:
B58: CJHG
B59: GEOG
B60: GEOH
B61: GEOP
B62: GOED

Sheet GEOG (COOP)-jb
B1: Undergraduate Majors
B2: Geography
B3: COOP
B4: Study Year | C4: Major Type | D4: Head Count Enrolments (Coop Only)
D5: 2003-04 | E5: 2004-05 | F5: 2005-06 | G5: 2006-07 | H5: 2007-08 | I5: 2008-09 | J5: 2011-12 | K5: 2012-13 | L5: 2013-14 | M5: 2014-15 | N5: 2015-16
C6: Single | D6: =35+7 -> 42 | E6: 61 | H6: 9 | I6: 10 | J6: 11 | K6: 7 | L6: 19 | M6: 8 | N6: 14
C7: Combined | D7: 1 | E7: 2
B8: Year I | C8: Sub-Total: | D8: =D6+D7 -> 43 | E8: =E6+E7 -> 63 | H8: =H6+H7 -> 9 | I8: =I6+I7 -> 10 | J8: 11 | K8: 7 | L8: 19 | M8: 8 | N8: 14
C9: Gen/Integ. Studies | D9: 0 | E9: 0
C10: Total: | D10: =D8+D9 -> 43 | E10: =E8+E9 -> 63 | H10: =H8+H9 -> 9 | I10: =I8+I9 -> 10 | J10: 11 | K10: 7 | L10: 19 | M10: 8 | N10: 14
C11: Single | D11: =39+4 -> 43 | E11: 93 | I11: 3 | J11: 3 | K11: 3 | L11: 2 | M11: 7 | N11: 0
C12: Combined | D12: 5 | E12: 8
B13: Year II | C13: Sub-Total: | D13: =D11+D12 -> 48 | E13: =E11+E12 -> 101 | I13: =I11+I12 -> 3 | J13: 3 | K13: 3 | L13: 2 | M13: 7 | N13: 0
C14: Gen/Integ. Studies | D14: 0 | E14: 1
C15: Total: | D15: =D13+D14 -> 48 | E15: =E13+E14 -> 102 | I15: =I13+I14 -> 3 | J15: 3 | K15: 3 | L15: 2 | M15: 7 | N15: 0
C16: Single | D16: =29+19+8 -> 56 | E16: 54 | J16: 2 | K16: 1 | L16: 3 | M16: 2 | N16: 3
C17: Combined | D17: 4 | E17: 6
B18: Year III | C18: Sub-Total: | D18: =D16+D17 -> 60 | E18: =E16+E17 -> 60 | J18: 2 | K18: 1 | L18: 3 | M18: 2 | N18: 3
C19: Gen/Integ. Studies | D19: 0 | E19: 2
C20: Total: | D20: =D18+D19 -> 60 | E20: =E18+E19 -> 62 | J20: 2 | K20: 1 | L20: 3 | M20: 2 | N20: 3
C21: Single | D21: =15+16+6 -> 37 | E21: 21 | J21: 3 | K21: 3 | N21: 1
C22: Combined | D22: 6 | E22: 2
B23: Year IV | C23: Sub-Total: | D23: =D21+D22 -> 43 | E23: =E21+E22 -> 23 | J23: 3 | K23: 3 | L23: 0 | N23: 1
C24: Gen/Integ. Studies | D24: 2 | E24: 0
C25: Total: | D25: =D23+D24 -> 45 | E25: =E23+E24 -> 23 | J25: 3 | K25: 3 | L25: 0 | N25: 1
C26: Single | D26: =SUM(D6,D11,D16,D21) -> 178 | E26: =SUM(E6,E11,E16,E21) -> 229 | H26: =SUM(H6,H11,H16,H21) -> 9 | I26: =SUM(I6,I11,I16,I21) -> 13 | J26: 19 | K26: 14 | L26: 24 | M26: 17 | N26: 18
C27: Combined | D27: =SUM(D7,D12,D17,D22) -> 16 | E27: =SUM(E7,E12,E17,E22) -> 18
B28: TOTAL: | C28: Sub-Total: | D28: =D26+D27 -> 194 | E28: =E26+E27 -> 247 | H28: =H26+H27 -> 9 | I28: =I26+I27 -> 13 | J28: 19 | K28: 14 | L28: 24 | M28: 17 | N28: 18
C29: Gen/Integ. Studies | D29: =SUM(D9,D14,D19,D24) -> 2 | E29: =SUM(E9,E14,E19,E24) -> 3
C30: Total: | D30: =D28+D29 -> 196 | E30: =E28+E29 -> 250 | F30: =F28+F29 -> 0 | G30: =G28+G29 -> 0 | H30: =H28+H29 -> 9 | I30: =I28+I29 -> 13 | J30: 19 | K30: 14 | L30: 24 | M30: 17 | N30: 18
B31: Male | D31: 110 | E31: 112 | H31: 3 | I31: 5 | J31: 11 | K31: 7 | L31: 10 | M31: 12 | N31: 13 | O31: =N31/N30 -> 0.72222222
B32: Female | D32: 86 | E32: 138 | H32: 6 | I32: 8 | J32: 8 | K32: 7 | L32: 14 | M32: 5 | N32: 15 | O32: =N32/N30 -> 0.83333333
B33: Full-Time | D33: 175 | E33: 228 | H33: 9 | I33: 13 | J33: 18 | K33: 12 | L33: 22 | M33: 17 | N33: 16 | O33: =N33/N30 -> 0.88888889
B34: Part-Time | D34: 21 | E34: 22 | J34: 1 | K34: 2 | L34: 2 | N34: 2 | O34: =N34/N30 -> 0.11111111
B35: * Geography coop program started in 2007-08.
B57: Codes:
B58: CJHG
B59: GEOG
B60: GEOH
B61: GEOP
B62: GOED

Sheet LABR-jb
B1: Undergraduate Majors
B2: Labour Studies
B4: Study Year | C4: Major Type | H4: Head Count Enrolments
D5: 1999-00 | E5: 2000-01 | F5: 2001-02 | G5: 2002-03 | H5: 2003-04 | I5: 2004-05 | J5: 2005-06 | K5: 2006-07 | L5: 2007-08 | M5: 2008-09 | N5: 2011-12 | O5: 2012-13 | P5: 2013-14 | Q5: 2014-15 | R5: 2015-16
C6: Single | D6: 3 | E6: 1 | F6: 1 | G6: 4 | H6: 3 | I6: 1 | L6: 1 | N6: 1 | O6: 18 | P6: 27 | Q6: 23 | R6: 29
C7: Combined | D7: 4 | E7: 2 | F7: 0 | G7: 0 | H7: 0 | I7: 2 | J7: 4 | K7: 3 | L7: 4 | M7: 7 | N7: 7 | O7: 14 | P7: 8 | Q7: 4 | R7: 2
B8: Year I | C8: Sub-Total: | D8: =D6+D7 -> 7 | E8: =E6+E7 -> 3 | F8: =F6+F7 -> 1 | G8: =G6+G7 -> 4 | H8: =H6+H7 -> 3 | I8: =I6+I7 -> 3 | J8: =J6+J7 -> 4 | K8: =K6+K7 -> 3 | ... M8: =M6+M7 -> 7 | N8: 8 | O8: 32 | P8: 35 | Q8: 27 | R8: 31
C9: Gen/Integ. Studies | D9: 0 | E9: 0 | F9: 0 | G9: 0 | H9: 0 | I9: 0
C10: Total: | D10: =D8+D9 -> 7 | E10: =E8+E9 -> 3 | F10: =F8+F9 -> 1 | G10: =G8+G9 -> 4 | H10: =H8+H9 -> 3 | I10: =I8+I9 -> 3 | J10: =J8+J9 -> 4 | K10: =K8+K9 -> 3 | ... M10: =M8+M9 -> 7 | N10: 8 | O10: 32 | P10: 35 | Q10: 27 | R10: 31
C11: Single | D11: 0 | E11: 1 | F11: 0 | G11: 0 | H11: 1 | I11: 1 | N11: 5 | O11: 12 | P11: 28 | Q11: 25 | R11: 25
C12: Combined | D12: 10 | E12: 8 | F12: 4 | G12: 2 | H12: 4 | I12: 8 | J12: 8 | K12: 11 | L12: 8 | M12: 6 | N12: 9 | O12: 12 | P12: 13 | Q12: 9 | R12: 11
B13: Year II | C13: Sub-Total: | D13: =D11+D12 -> 10 | E13: =E11+E12 -> 9 | F13: =F11+F12 -> 4 | G13: =G11+G12 -> 2 | H13: =H11+H12 -> 5 | I13: =I11+I12 -> 9 | J13: =J11+J12 -> 8 | K13: =K11+K12 -> 11 | ... M13: =M11+M12 -> 6 | N13: 14 | O13: 24 | P13: 41 | Q13: 34 | R13: 36
C14: Gen/Integ. Studies | D14: 0 | E14: 0 | F14: 0 | G14: 0 | H14: 0 | I14: 0
C15: Total: | D15: =D13+D14 -> 10 | E15: =E13+E14 -> 9 | F15: =F13+F14 -> 4 | G15: =G13+G14 -> 2 | H15: =H13+H14 -> 5 | I15: =I13+I14 -> 9 | J15: =J13+J14 -> 8 | K15: =K13+K14 -> 11 | ... M15: =M13+M14 -> 6 | N15: 14 | O15: 24 | P15: 41 | Q15: 34 | R15: 36
C16: Single | D16: 0 | E16: 0 | F16: 0 | G16: 0 | H16: 0 | I16: 0 | N16: 1 | O16: 8 | P16: 10 | Q16: 28 | R16: 21
C17: Combined | D17: 20 | E17: 14 | F17: 13 | G17: 7 | H17: 3 | I17: 8 | J17: 12 | K17: 10 | L17: 9 | M17: 6 | N17: 14 | O17: 9 | P17: 14 | Q17: 15 | R17: 9
B18: Year III | C18: Sub-Total: | D18: =D16+D17 -> 20 | E18: =E16+E17 -> 14 | F18: =F16+F17 -> 13 | G18: =G16+G17 -> 7 | H18: =H16+H17 -> 3 | I18: =I16+I17 -> 8 | J18: =J16+J17 -> 12 | K18: =K16+K17 -> 10 | ... M18: =M16+M17 -> 6 | N18: 15 | O18: 17 | P18: 24 | Q18: 43 | R18: 30
C19: Gen/Integ. Studies | D19: 0 | E19: 0 | F19: 0 | G19: 0 | H19: 0 | I19: 0
C20: Total: | D20: =D18+D19 -> 20 | E20: =E18+E19 -> 14 | F20: =F18+F19 -> 13 | G20: =G18+G19 -> 7 | H20: =H18+H19 -> 3 | I20: =I18+I19 -> 8 | J20: =J18+J19 -> 12 | K20: =K18+K19 -> 10 | ... M20: =M18+M19 -> 6 | N20: 15 | O20: 17 | P20: 24 | Q20: 43 | R20: 30
C21: Single | D21: 0 | E21: 0 | F21: 0 | G21: 0 | H21: 0 | I21: 0 | P21: 6 | Q21: 6 | R21: 17
C22: Combined | D22: 0 | E22: 3 | F22: 6 | G22: 8 | H22: 4 | I22: 2 | J22: 5 | K22: 4 | L22: 3 | M22: 4 | N22: 9 | O22: 7 | P22: 4 | Q22: 8 | R22: 14
B23: Year IV | C23: Sub-Total: | D23: =D21+D22 -> 0 | E23: =E21+E22 -> 3 | F23: =F21+F22 -> 6 | G23: =G21+G22 -> 8 | H23: =H21+H22 -> 4 | I23: =I21+I22 -> 2 | J23: =J21+J22 -> 5 | K23: =K21+K22 -> 4 | ... M23: =M21+M22 -> 4 | N23: 9 | O23: 7 | P23: 10 | Q23: 14 | R23: 31
C24: Gen/Integ. Studies | D24: 0 | E24: 0 | F24: 0 | G24: 0 | H24: 0 | I24: 0
C25: Total: | D25: =D23+D24 -> 0 | E25: =E23+E24 -> 3 | F25: =F23+F24 -> 6 | G25: =G23+G24 -> 8 | H25: =H23+H24 -> 4 | I25: =I23+I24 -> 2 | J25: =J23+J24 -> 5 | K25: =K23+K24 -> 4 | ... M25: =M23+M24 -> 4 | N25: 9 | O25: 7 | P25: 10 | Q25: 14 | R25: 31
C26: Single | D26: =SUM(D6,D11,D16,D21) -> 3 | E26: =SUM(E6,E11,E16,E21) -> 2 | F26: =SUM(F6,F11,F16,F21) -> 1 | G26: =SUM(G6,G11,G16,G21) -> 4 | H26: =SUM(H6,H11,H16,H21) -> 4 | I26: =SUM(I6,I11,I16,I21) -> 2 | L26: =SUM(L6,L11,L16,L21) -> 1 | N26: 7 | O26: 38 | P26: 71 | Q26: 82 | R26: 92
C27: Combined | D27: =SUM(D7,D12,D17,D22) -> 34 | E27: =SUM(E7,E12,E17,E22) -> 27 | F27: =SUM(F7,F12,F17,F22) -> 23 | G27: =SUM(G7,G12,G17,G22) -> 17 | H27: =SUM(H7,H12,H17,H22) -> 11 | I27: =SUM(I7,I12,I17,I22) -> 20 | J27: =SUM(J7,J12,J17,J22) -> 29 | K27: =SUM(K7,K12,K17,K22) -> 28 | ... M27: =SUM(M7,M12,M17,M22) -> 23 | N27: 39 | O27: 42 | P27: 39 | Q27: 36 | R27: 36
B28: TOTAL: | C28: Sub-Total: | D28: =D26+D27 -> 37 | E28: =E26+E27 -> 29 | F28: =F26+F27 -> 24 | G28: =G26+G27 -> 21 | H28: =H26+H27 -> 15 | I28: =I26+I27 -> 22 | J28: =J26+J27 -> 29 | K28: =K26+K27 -> 28 | ... M28: =M26+M27 -> 23 | N28: 46 | O28: 80 | P28: 110 | Q28: 118 | R28: 128
C29: Gen/Integ. Studies | D29: =SUM(D9,D14,D19,D24) -> 0 | E29: =SUM(E9,E14,E19,E24) -> 0 | F29: =SUM(F9,F14,F19,F24) -> 0 | G29: =SUM(G9,G14,G19,G24) -> 0 | H29: =SUM(H9,H14,H19,H24) -> 0 | I29: =SUM(I9,I14,I19,I24) -> 0
C30: Total: | D30: =D28+D29 -> 37 | E30: =E28+E29 -> 29 | F30: =F28+F29 -> 24 | G30: =G28+G29 -> 21 | H30: =H28+H29 -> 15 | I30: =I28+I29 -> 22 | J30: =J28+J29 -> 29 | K30: =K28+K29 -> 28 | ... M30: =M28+M29 -> 23 | N30: 46 | O30: 80 | P30: 110 | Q30: 118 | R30: 128
B31: Male | D31: 19 | E31: 12 | F31: 9 | G31: 9 | H31: 5 | I31: 12 | J31: 13 | K31: 11 | L31: 13 | M31: 13 | N31: 23 | O31: 32 | P31: 40 | Q31: 51 | R31: 59 | S31: =R31/R30 -> 0.4609375
B32: Female | D32: 18 | E32: 17 | F32: 15 | G32: 12 | H32: 10 | I32: 10 | J32: 16 | K32: 17 | L32: 12 | M32: 10 | N32: 23 | O32: 48 | P32: 70 | Q32: 67 | R32: 69 | S32: =R32/R30 -> 0.5390625
B33: Full-Time | D33: 29 | E33: 22 | F33: 15 | G33: 11 | H33: 7 | I33: 14 | J33: 22 | K33: 18 | L33: 18 | M33: 21 | N33: 38 | O33: 71 | P33: 98 | Q33: 104 | R33: 103 | S33: =R33/R30 -> 0.8046875
B34: Part-Time | D34: 8 | E34: 7 | F34: 9 | G34: 10 | H34: 8 | I34: 8 | J34: 7 | K34: 10 | L34: 7 | M34: 2 | N34: 8 | O34: 9 | P34: 12 | Q34: 14 | R34: 25 | S34: =R34/R30 -> 0.1953125
B54: Codes: | C54: LABC, LABR

Sheet NEUR-jb
B1: Undergraduate Majors
B2: Neuroscience
B3: TOTAL
B4: Study Year | C4: Major Type | D4: Head Count Enrolments (Including Coop)
D5: 2003-04 | E5: 2004-05 | F5: 2005-06 | G5: 2006-07 | H5: 2007-08 | I5: 2008-09 | J5: 2011-12 | K5: 2012-13 | L5: 2013-14 | M5: 2014-15 | N5: 2015-16
C6: Single | D6: 34 | E6: 26 | F6: 22 | G6: 22 | H6: 22 | I6: 18 | J6: 31 | K6: 38 | L6: 41 | M6: 48 | N6: 51
C7: Combined | D7: 0 | E7: 0
B8: Year I | C8: Sub-Total: | D8: =D6+D7 -> 34 | E8: =E6+E7 -> 26 | F8: =F6+F7 -> 22 | G8: =G6+G7 -> 22 | H8: =H6+H7 -> 22 | I8: =I6+I7 -> 18 | J8: 31 | K8: 38 | L8: 41 | M8: 48 | N8: 51
C9: Gen/Integ Studies | D9: 0 | E9: 0
C10: Total: | D10: =D8+D9 -> 34 | E10: =E8+E9 -> 26 | F10: =F8+F9 -> 22 | G10: =G8+G9 -> 22 | H10: =H8+H9 -> 22 | I10: =I8+I9 -> 18 | J10: 31 | K10: 38 | L10: 41 | M10: 48 | N10: 51
C11: Single | D11: 16 | E11: 29 | F11: 14 | G11: 15 | H11: 15 | I11: 15 | J11: 19 | K11: 24 | L11: 30 | M11: 32 | N11: 20
C12: Combined | D12: 0 | E12: 0
B13: Year II | C13: Sub-Total: | D13: =D11+D12 -> 16 | E13: =E11+E12 -> 29 | F13: =F11+F12 -> 14 | G13: =G11+G12 -> 15 | H13: =H11+H12 -> 15 | I13: =I11+I12 -> 15 | J13: 19 | K13: 24 | L13: 30 | M13: 32 | N13: 20
C14: Gen/Integ Studies | D14: 0 | E14: 0
C15: Total: | D15: =D13+D14 -> 16 | E15: =E13+E14 -> 29 | F15: =F13+F14 -> 14 | G15: =G13+G14 -> 15 | H15: =H13+H14 -> 15 | I15: =I13+I14 -> 15 | J15: 19 | K15: 24 | L15: 30 | M15: 32 | N15: 20
C16: Single | D16: 10 | E16: 13 | F16: 24 | G16: 16 | H16: 14 | I16: 12 | J16: 13 | K16: 17 | L16: 28 | M16: 27 | N16: 34
C17: Combined | D17: 0 | E17: 0 | N17: 1
B18: Year III | C18: Sub-Total: | D18: =D16+D17 -> 10 | E18: =E16+E17 -> 13 | F18: =F16+F17 -> 24 | G18: =G16+G17 -> 16 | H18: =H16+H17 -> 14 | I18: =I16+I17 -> 12 | J18: 13 | K18: 17 | L18: 28 | M18: 27 | N18: 35
C19: Gen/Integ Studies | D19: 0 | E19: 0 | I19: 1
C20: Total: | D20: =D18+D19 -> 10 | E20: =E18+E19 -> 13 | F20: =F18+F19 -> 24 | G20: =G18+G19 -> 16 | H20: =H18+H19 -> 14 | I20: =I18+I19 -> 13 | J20: 13 | K20: 17 | L20: 28 | M20: 27 | N20: 35
C21: Single | D21: 12 | E21: 3 | F21: 13 | G21: 20 | H21: 15 | I21: 11 | J21: 22 | K21: 12 | L21: 16 | M21: 24 | N21: 31
C22: Combined | D22: 0 | E22: 0 | N22: 1
B23: Year IV | C23: Sub-Total: | D23: =D21+D22 -> 12 | E23: =E21+E22 -> 3 | F23: =F21+F22 -> 13 | G23: =G21+G22 -> 20 | H23: =H21+H22 -> 15 | I23: =I21+I22 -> 11 | J23: 22 | K23: 12 | L23: 16 | M23: 24 | N23: 32
C24: Gen/Integ Studies | D24: 0 | E24: 0
C25: Total: | D25: =D23+D24 -> 12 | E25: =E23+E24 -> 3 | F25: =F23+F24 -> 13 | G25: =G23+G24 -> 20 | H25: =H23+H24 -> 15 | I25: =I23+I24 -> 11 | J25: 22 | K25: 12 | L25: 16 | M25: 24 | N25: 32
C26: Single | D26: =SUM(D6,D11,D16,D21) -> 72 | E26: =SUM(E6,E11,E16,E21) -> 71 | F26: =SUM(F6,F11,F16,F21) -> 73 | G26: =SUM(G6,G11,G16,G21) -> 73 | H26: =SUM(H6,H11,H16,H21) -> 66 | I26: =SUM(I6,I11,I16,I21) -> 56 | J26: 85 | K26: 91 | L26: 115 | M26: 131 | N26: 136
C27: Combined | D27: =SUM(D7,D12,D17,D22) -> 0 | E27: =SUM(E7,E12,E17,E22) -> 0 | N27: 2
B28: TOTAL: | C28: Sub-Total: | D28: =D26+D27 -> 72 | E28: =E26+E27 -> 71 | F28: =F26+F27 -> 73 | G28: =G26+G27 -> 73 | H28: =H26+H27 -> 66 | I28: =I26+I27 -> 56 | J28: 85 | K28: 91 | L28: 115 | M28: 131 | N28: 138
C29: Gen/Integ Studies | D29: =SUM(D9,D14,D19,D24) -> 0 | E29: =SUM(E9,E14,E19,E24) -> 0 | I29: =SUM(I9,I14,I19,I24) -> 1
C30: Total: | D30: =D28+D29 -> 72 | E30: =E28+E29 -> 71 | F30: =F28+F29 -> 73 | G30: =G28+G29 -> 73 | H30: =H28+H29 -> 66 | I30: =I28+I29 -> 57 | J30: 85 | K30: 91 | L30: 115 | M30: 131 | N30: 138
B31: Male | D31: 26 | E31: 26 | F31: 29 | G31: 30 | H31: 28 | I31: 23 | J31: 35 | K31: 36 | L31: 46 | M31: 50 | N31: 57 | O31: =N31/N30 -> 0.41304348
B32: Female | D32: 46 | E32: 45 | F32: 44 | G32: 43 | H32: 38 | I32: 34 | J32: 50 | K32: 55 | L32: 69 | M32: 81 | N32: 81 | O32: =N32/N30 -> 0.58695652
B33: Full-Time | D33: 70 | E33: 64 | F33: 69 | G33: 70 | H33: 62 | I33: 57 | J33: 82 | K33: 87 | L33: 112 | M33: 125 | N33: 124 | O33: =N33/N30 -> 0.89855072
B34: Part-Time | D34: 2 | E34: 7 | F34: 4 | G34: 3 | H34: 4 | J34: 3 | K34: 4 | L34: 3 | M34: 6 | N34: 14 | O34: =N34/N30 -> 0.10144928
B54: Codes:
B55: NBIO
B56: NEUN
B57: NEUR
B58: NMTR
B59: NPSY

Sheet NEUR (COOP)-jb
B1: Undergraduate Majors
B2: Neuroscience
B3: COOP
B4: Study Year | C4: Major Type | D4: Head Count Enrollments (Coop Only)
D5: 2003-04 | E5: 2004-05 | F5: 2005-06 | G5: 2006-07 | H5: 2007-08 | I5: 2008-09 | J5: 2011-12 | K5: 2012-13 | L5: 2013-14 | M5: 2014-15 | N5: 2015-16
C6: Single | D6: Coop data not available | E6: 6 | F6: 8 | G6: 11 | H6: 12 | I6: 7 | J6: 17 | K6: 24 | L6: 25 | M6: 29 | N6: 33
C7: Combined | E7: 0
B8: Year I | C8: Sub-Total: | E8: 6 | F8: 8 | G8: 11 | H8: =H6+H7 -> 12 | I8: =I6+I7 -> 7 | J8: 17 | K8: 24 | L8: 25 | M8: 29 | N8: 33
C9: Gen/Integ Studies | E9: 0
C10: Total: | E10: 6 | F10: 8 | G10: 11 | H10: =H8+H9 -> 12 | I10: =I8+I9 -> 7 | J10: 17 | K10: 24 | L10: 25 | M10: 29 | N10: 33
C11: Single | E11: 10 | F11: 5 | G11: 3 | H11: 7 | I11: 5 | J11: 8 | K11: 5 | L11: 8 | M11: 13 | N11: 8
C12: Combined | E12: 0
B13: Year II | C13: Sub-Total: | E13: 10 | F13: 5 | G13: 3 | H13: =H11+H12 -> 7 | I13: =I11+I12 -> 5 | J13: 8 | K13: 5 | L13: 8 | M13: 13 | N13: 8
C14: Gen/Integ Studies | E14: 0
C15: Total: | E15: 10 | F15: 5 | G15: 3 | H15: =H13+H14 -> 7 | I15: =I13+I14 -> 5 | J15: 8 | K15: 5 | L15: 8 | M15: 13 | N15: 8
C16: Single | E16: 3 | F16: 8 | G16: 5 | H16: 1 | I16: 4 | K16: 3 | L16: 4 | M16: 4 | N16: 13
C17: Combined | E17: 0
B18: Year III | C18: Sub-Total: | E18: 3 | F18: 8 | G18: 5 | H18: =H16+H17 -> 1 | I18: =I16+I17 -> 4 | J18: 0 | K18: 3 | L18: 4 | M18: 4 | N18: 13
C19: Gen/Integ Studies | E19: 0
C20: Total: | E20: 3 | F20: 8 | G20: 5 | H20: =H18+H19 -> 1 | I20: =I18+I19 -> 4 | J20: 0 | K20: 3 | L20: 4 | M20: 4 | N20: 13
C21: Single | E21: 0 | F21: 2 | G21: 2 | H21: 4 | I21: 4 | J21: 2 | K21: 1 | L21: 2
C22: Combined | E22: 0
B23: Year IV | C23: Sub-Total: | E23: 0 | F23: 2 | G23: 2 | H23: =H21+H22 -> 4 | I23: =I21+I22 -> 4 | J23: 2 | K23: 1 | L23: 2
C24: Gen/Integ Studies | E24: 0
C25: Total: | E25: 0 | F25: 2 | G25: 2 | H25: =H23+H24 -> 4 | I25: =I23+I24 -> 4 | J25: 2 | K25: 1 | L25: 2
C26: Single | E26: =SUM(E6,E11,E16,E21) -> 19 | F26: =SUM(F6,F11,F16,F21) -> 23 | G26: =SUM(G6,G11,G16,G21) -> 21 | H26: =SUM(H6,H11,H16,H21) -> 24 | I26: =SUM(I6,I11,I16,I21) -> 20 | J26: 27 | K26: 33 | L26: 39 | M26: 46 | N26: 54
C27: Combined | E27: 0
B28: TOTAL: | C28: Sub-Total: | E28: =SUM(E8,E13,E18,E23) -> 19 | F28: =SUM(F8,F13,F18,F23) -> 23 | G28: =SUM(G8,G13,G18,G23) -> 21 | H28: =SUM(H8,H13,H18,H23) -> 24 | I28: =SUM(I8,I13,I18,I23) -> 20 | J28: 27 | K28: 33 | L28: 39 | M28: 46 | N28: 54
C29: Gen/Integ Studies | E29: 0
C30: Total: | E30: =SUM(E10,E15,E20,E25) -> 19 | F30: =SUM(F10,F15,F20,F25) -> 23 | G30: =SUM(G10,G15,G20,G25) -> 21 | H30: =SUM(H10,H15,H20,H25) -> 24 | I30: =SUM(I10,I15,I20,I25) -> 20 | J30: 27 | K30: 33 | L30: 39 | M30: 46 | N30: 54
B31: Male | E31: 5 | F31: 6 | G31: 8 | H31: 6 | I31: 4 | J31: 13 | K31: 11 | L31: 14 | M31: 17 | N31: 23 | O31: =N31/N30 -> 0.42592593
B32: Female | E32: 14 | F32: 17 | G32: 13 | H32: 18 | I32: 16 | J32: 14 | K32: 22 | L32: 25 | M32: 29 | N32: 31 | O32: =N32/N30 -> 0.57407407
B33: Full-Time | E33: 19 | F33: 21 | G33: 20 | H33: 22 | I33: 20 | J33: 27 | K33: 32 | L33: 39 | M33: 45 | N33: 52 | O33: =N33/N30 -> 0.96296296
B34: Part-Time | E34: 0 | F34: 2 | G34: 1 | H34: 2 | K34: 1 | M34: 1 | N34: 2 | O34: =N34/N30 -> 0.037037037
B54: Codes:
B55: NBIO
B56: NEUN
B57: NEUR
B58: NMTR
B59: NPSY

Sheet POLI-jb
B1: Undergraduate Majors
B2: Political Science
B3: TOTAL
B4: Study Year | C4: Major Type | D4: Head Count Enrolments (Including Coop)
D5: 2003-04 | E5: 2004-05 | F5: 2005-06 | G5: 2006-07 | H5: 2007-08 | I5: 2008-09 | J5: 2011-12 | K5: 2012-13 | L5: 2013-14 | M5: 2014-15 | N5: 2015-16
C6: Single | D6: 112 | E6: 136 | F6: 143 | G6: 107 | H6: 136 | I6: =1+1+123+22+2 -> 149 | J6: 123 | K6: 136 | L6: 105 | M6: 101 | N6: 95
C7: Combined | D7: 5 | E7: 3 | F7: 9 | G7: 6 | H7: 2 | I7: =1+1+1+5+1 -> 9 | J7: 2 | K7: 6 | L7: 7 | M7: 7 | N7: 2
B8: Year I | C8: Sub-Total: | D8: =D6+D7 -> 117 | E8: =E6+E7 -> 139 | F8: =F6+F7 -> 152 | G8: =G6+G7 -> 113 | H8: =H6+H7 -> 138 | I8: =I6+I7 -> 158 | J8: 125 | K8: 142 | L8: 112 | M8: 108 | N8: 97
C9: Gen/Integ. Studies | D9: 0 | E9: 0
C10: Total: | D10: =D8+D9 -> 117 | E10: =E8+E9 -> 139 | F10: =F8+F9 -> 152 | G10: =G8+G9 -> 113 | H10: =H8+H9 -> 138 | I10: =I8+I9 -> 158 | J10: 125 | K10: 142 | L10: 112 | M10: 108 | N10: 97
C11: Single | D11: =57+6 -> 63 | E11: 135 | F11: 157 | G11: 119 | H11: 126 | I11: =2+2+2+81+11+2 -> 100 | J11: 110 | K11: 96 | L11: 104 | M11: 92 | N11: 86
C12: Combined | D12: 9 | E12: 22 | F12: 21 | G12: 21 | H12: 12 | I12: =2+1+1+2+1+1+1 -> 9 | J12: 19 | K12: 15 | L12: 13 | M12: 18 | N12: 15
B13: Year II | C13: Sub-Total: | D13: =D11+D12 -> 72 | E13: =E11+E12 -> 157 | F13: =F11+F12 -> 178 | G13: =G11+G12 -> 140 | H13: =H11+H12 -> 138 | I13: =I11+I12 -> 109 | J13: 129 | K13: 111 | L13: 117 | M13: 110 | N13: 101
C14: Gen/Integ. Studies | D14: 0 | E14: 1
C15: Total: | D15: =D13+D14 -> 72 | E15: =E13+E14 -> 158 | F15: =F13+F14 -> 178 | G15: =G13+G14 -> 140 | H15: =H13+H14 -> 138 | I15: =I13+I14 -> 109 | J15: 129 | K15: 111 | L15: 117 | M15: 110 | N15: 101
C16: Single | D16: 68 | E16: 62 | F16: =15+86 -> 101 | G16: 134 | H16: 116 | I16: =5+82+8+3 -> 98 | J16: 105 | K16: 109 | L16: 79 | M16: 83 | N16: 67
C17: Combined | D17: 7 | E17: 12 | F17: 23 | G17: 23 | H17: 16 | I17: =1+3+2+1+1+1+3+3+1 -> 16 | J17: 23 | K17: 26 | L17: 23 | M17: 14 | N17: 19
B18: Year III | C18: Sub-Total: | D18: =D16+D17 -> 75 | E18: =E16+E17 -> 74 | F18: =F16+F17 -> 124 | G18: =G16+G17 -> 157 | H18: =H16+H17 -> 132 | I18: =I16+I17 -> 114 | J18: 128 | K18: 135 | L18: 102 | M18: 97 | N18: 86
C19: Gen/Integ. Studies | D19: 0 | E19: 0 | F19: 1 | K19: 1
C20: Total: | D20: =D18+D19 -> 75 | E20: =E18+E19 -> 74 | F20: =F18+F19 -> 125 | G20: =G18+G19 -> 157 | H20: =H18+H19 -> 132 | I20: =I18+I19 -> 114 | J20: 128 | K20: 136 | L20: 102 | M20: 97 | N20: 86
C21: Single | D21: =46+7 -> 53 | E21: 40 | F21: 38 | G21: 70 | H21: 69 | I21: =3+58+1+3 -> 65 | J21: 74 | K21: 67 | L21: 70 | M21: 59 | N21: 60
C22: Combined | D22: 7 | E22: 6 | F22: 13 | G22: 19 | H22: 18 | I22: =1+1+1+2+2+2+2+1 -> 12 | J22: 21 | K22: 13 | L22: 18 | M22: 21 | N22: 18
B23: Year IV | C23: Sub-Total: | D23: =D21+D22 -> 60 | E23: =E21+E22 -> 46 | F23: =F21+F22 -> 51 | G23: =G21+G22 -> 89 | H23: =H21+H22 -> 87 | I23: =I21+I22 -> 77 | J23: 95 | K23: 80 | L23: 88 | M23: 80 | N23: 78
C24: Gen/Integ. Studies | D24: 1 | E24: 1
C25: Total: | D25: =D23+D24 -> 61 | E25: =E23+E24 -> 47 | F25: =F23+F24 -> 51 | G25: =G23+G24 -> 89 | H25: =H23+H24 -> 87 | I25: =I23+I24 -> 77 | J25: 95 | K25: 80 | L25: 88 | M25: 80 | N25: 78
C26: Single | D26: =SUM(D6,D11,D16,D21) -> 296 | E26: =SUM(E6,E11,E16,E21) -> 373 | F26: =SUM(F6,F11,F16,F21) -> 439 | G26: =SUM(G6,G11,G16,G21) -> 430 | H26: =SUM(H6,H11,H16,H21) -> 447 | I26: =SUM(I6,I11,I16,I21) -> 412 | J26: 412 | K26: 408 | L26: 358 | M26: 335 | N26: 308
C27: Combined | D27: =SUM(D7,D12,D17,D22) -> 28 | E27: =SUM(E7,E12,E17,E22) -> 43 | F27: =SUM(F7,F12,F17,F22) -> 66 | G27: =SUM(G7,G12,G17,G22) -> 69 | H27: =SUM(H7,H12,H17,H22) -> 48 | I27: =SUM(I7,I12,I17,I22) -> 46 | J27: 65 | K27: 60 | L27: 61 | M27: 60 | N27: 54
B28: TOTAL: | C28: Sub-Total: | D28: =D26+D27 -> 324 | E28: =E26+E27 -> 416 | F28: =F26+F27 -> 505 | G28: =G26+G27 -> 499 | H28: =H26+H27 -> 495 | I28: =I26+I27 -> 458 | J28: 477 | K28: 468 | L28: 419 | M28: 395 | N28: 362
C29: Gen/Integ. Studies | D29: =SUM(D9,D14,D19,D24) -> 1 | E29: =SUM(E9,E14,E19,E24) -> 2 | F29: =SUM(F9,F14,F19,F24) -> 1 | K29: 1 | L29: 0
C30: Total: | D30: =D28+D29 -> 325 | E30: =E28+E29 -> 418 | F30: =F28+F29 -> 506 | G30: =G28+G29 -> 499 | H30: =H28+H29 -> 495 | I30: =I28+I29 -> 458 | J30: 477 | K30: 469 | L30: 419 | M30: 395 | N30: 362
B31: Male | D31: 190 | E31: 232 | F31: 306 | G31: 307 | H31: 297 | I31: 283 | J31: 269 | K31: 269 | L31: 260 | M31: 227 | N31: 209 | O31: =N31/N30 -> 0.57734807
B32: Female | D32: 135 | E32: 186 | F32: 200 | G32: 192 | H32: 198 | I32: 175 | J32: 208 | K32: 200 | L32: 159 | M32: 168 | N32: 153 | O32: =N32/N30 -> 0.42265193
B33: Full-Time | D33: 298 | E33: 380 | F33: 459 | G33: 444 | H33: 434 | I33: 394 | J33: 406 | K33: 402 | L33: 362 | M33: 346 | N33: 313 | O33: =N33/N30 -> 0.86464088
B34: Part-Time | D34: 27 | E34: 38 | F34: 47 | G34: 55 | H34: 61 | I34: 64 | J34: 71 | K34: 67 | L34: 57 | M34: 49 | N34: 49 | O34: =N34/N30 -> 0.13535912
B54: Codes:
B55: CJPO
B56: INPE
B57: LACE
B58: POLI
B59: POLS
B60: POPA

Sheet POLI (COOP)-jb
B1: Undergraduate Majors
B2: Political Science
B3: COOP
B4: Study Year | C4: Major Type | D4: Head Count Enrollments (Coop Only)
D5: 2003-04 | E5: 2004-05 | F5: 2005-06 | G5: 2006-07 | H5: 2007-08 | I5: 2008-09 | J5: 2011-12 | K5: 2012-13 | L5: 2013-14 | M5: 2014-15 | N5: 2015-16
C6: Single | D6: Coop data not available | E6: 5 | F6: 7 | G6: 10 | H6: 18 | I6: 20 | J6: 23 | K6: 29 | L6: 25 | M6: 32 | N6: 27
C7: Combined | E7: 0
B8: Year I | C8: Sub-Total: | E8: 5 | F8: 7 | G8: 10 | H8: =H6+H7 -> 18 | I8: =I6+I7 -> 20 | J8: 23 | K8: 29 | L8: 25 | M8: 32 | N8: 27
C9: Gen/Integ. Studies | E9: 0
C10: Total: | E10: 5 | F10: 7 | G10: =G8+G9 -> 10 | H10: =H8+H9 -> 18 | I10: =I8+I9 -> 20 | J10: 23 | K10: 29 | L10: 25 | M10: 32 | N10: 27
C11: Single | E11: 9 | F11: 4 | G11: 4 | H11: 10 | I11: 14 | J11: 7 | K11: 6 | L11: 10 | M11: 12 | N11: 16
C12: Combined | E12: 0
B13: Year II | C13: Sub-Total: | E13: 9 | F13: 4 | G13: 4 | H13: =H11+H12 -> 10 | I13: =I11+I12 -> 14 | J13: 7 | K13: 6 | L13: 10 | M13: 12 | N13: 16
C14: Gen/Integ. Studies | E14: 0
C15: Total: | E15: 9 | F15: 4 | G15: 4 | H15: =H13+H14 -> 10 | I15: =I13+I14 -> 14 | J15: 7 | K15: 6 | L15: 10 | M15: 12 | N15: 16
C16: Single | E16: 1 | F16: 4 | G16: 4 | H16: 4 | I16: 8 | J16: 16 | K16: 11 | L16: 4 | M16: 10 | N16: 8
C17: Combined | E17: 0
B18: Year III | C18: Sub-Total: | E18: 1 | F18: 4 | G18: 4 | H18: =H16+H17 -> 4 | I18: =I16+I17 -> 8 | J18: 16 | K18: 11 | L18: 4 | M18: 10 | N18: 8
C19: Gen/Integ. Studies | E19: 0
C20: Total: | E20: 1 | F20: 4 | G20: 4 | H20: =H18+H19 -> 4 | I20: =I18+I19 -> 8 | J20: 16 | K20: 11 | L20: 4 | M20: 10 | N20: 8
C21: Single | E21: 1 | G21: 2 | H21: 5 | I21: 1 | J21: 6 | K21: 7 | L21: 7 | M21: 2 | N21: 4
C22: Combined | E22: 0
B23: Year IV | C23: Sub-Total: | E23: 1 | G23: 2 | H23: =H21+H22 -> 5 | I23: =I21+I22 -> 1 | J23: 6 | K23: 7 | L23: 7 | M23: 2 | N23: 4
C24: Gen/Integ. Studies | E24: 0
C25: Total: | E25: 1 | G25: 2 | H25: =H23+H24 -> 5 | I25: =I23+I24 -> 1 | J25: 6 | K25: 7 | L25: 7 | M25: 2 | N25: 4
C26: Single | E26: =SUM(E6,E11,E16,E21) -> 16 | F26: =SUM(F6,F11,F16,F21) -> 15 | G26: =SUM(G6,G11,G16,G21) -> 20 | H26: =SUM(H6,H11,H16,H21) -> 37 | I26: =SUM(I6,I11,I16,I21) -> 43 | J26: 52 | K26: 53 | L26: 46 | M26: 56 | N26: 55
C27: Combined | E27: 0
B28: TOTAL: | C28: Sub-Total: | E28: =SUM(E8,E13,E18,E23) -> 16 | F28: =SUM(F8,F13,F18,F23) -> 15 | G28: =SUM(G8,G13,G18,G23) -> 20 | H28: =SUM(H8,H13,H18,H23) -> 37 | I28: =SUM(I8,I13,I18,I23) -> 43 | J28: 52 | K28: 53 | L28: 46 | M28: 56 | N28: 55
C29: Gen/Integ. Studies | E29: 0
C30: Total: | E30: =SUM(E10,E15,E20,E25) -> 16 | F30: =SUM(F10,F15,F20,F25) -> 15 | G30: =SUM(G10,G15,G20,G25) -> 20 | H30: =SUM(H10,H15,H20,H25) -> 37 | I30: =SUM(I10,I15,I20,I25) -> 43 | J30: 52 | K30: 53 | L30: 46 | M30: 56 | N30: 55
B31: Male | E31: 8 | F31: 5 | G31: 7 | H31: 10 | I31: 15 | J31: 25 | K31: 30 | L31: 28 | M31: 24 | N31: 26 | O31: =N31/N30 -> 0.47272727
B32: Female | E32: 8 | F32: 10 | G32: 13 | H32: 27 | I32: 28 | J32: 27 | K32: 23 | L32: 18 | M32: 32 | N32: 29 | O32: =N32/N30 -> 0.52727273
B33: Full-Time | E33: 15 | F33: 11 | G33: 20 | H33: 27 | I33: 34 | J33: 48 | K33: 45 | L33: 41 | M33: 55 | N33: 54 | O33: =N33/N30 -> 0.98181818
B34: Part-Time | E34: 1 | F34: 4 | G34: 0 | H34: 10 | I34: 9 | J34: 4 | K34: 8 | L34: 5 | M34: 1 | N34: 1 | O34: =N34/N30 -> 0.018181818
B54: Codes:
B55: CJPO
B56: INPE
B57: LACE
B58: POLI
B59: POLS
B60: POPA

Sheet PSYC-jb
B1: Undergraduate Majors
B2: Psychology
B3: TOTAL
B4: Study Year | C4: Major Type | D4: Head Count Enrolments (Including Coop)
D5: 2003-04 | E5: 2004-05 | F5: 2005-06 | G5: 2006-07 | H5: 2007-08 | I5: 2008-09 | J5: 2011-12 | K5: 2012-13 | L5: 2013-14 | M5: 2014-15 | N5: 2015-16
C6: Single | D6: 230 | E6: 276 | F6: 261 | G6: 256 | H6: 267 | I6: =279+6 -> 285 | J6: 319 | K6: 304 | L6: 279 | M6: 287 | N6: 230
C7: Combined | D7: 1 | E7: 2 | F7: 2 | G7: 2 | H7: 2 | I7: 3 | J7: 3 | K7: 5 | L7: 2 | M7: 3 | N7: 2
B8: Year I | C8: Sub-Total: | D8: =D6+D7 -> 231 | E8: =E6+E7 -> 278 | F8: =F6+F7 -> 263 | G8: =G6+G7 -> 258 | H8: =H6+H7 -> 269 | I8: =I6+I7 -> 288 | J8: 322 | K8: 309 | L8: 281 | M8: 290 | N8: 232
C9: Gen/Integ. Studies | D9: 0 | E9: 0
C10: Total: | D10: =D8+D9 -> 231 | E10: =E8+E9 -> 278 | F10: =F8+F9 -> 263 | G10: =G8+G9 -> 258 | H10: =H8+H9 -> 269 | I10: =I8+I9 -> 288 | J10: 322 | K10: 309 | L10: 281 | M10: 290 | N10: 232
C11: Single | D11: =162+16 -> 178 | E11: 263 | F11: 234 | G11: 193 | H11: 178 | I11: =1+4+4+145+28+1 -> 183 | J11: 170 | K11: 224 | L11: 233 | M11: 217 | N11: 197
C12: Combined | D12: 15 | E12: 18 | F12: 21 | G12: 16 | H12: 15 | I12: 10 | J12: 15 | K12: 17 | L12: 23 | M12: 18 | N12: 13
B13: Year II | C13: Sub-Total: | D13: =D11+D12 -> 193 | E13: =E11+E12 -> 281 | F13: =F11+F12 -> 255 | G13: =G11+G12 -> 209 | H13: =H11+H12 -> 193 | I13: =I11+I12 -> 193 | J13: 185 | K13: 241 | L13: 256 | M13: 235 | N13: 210
C14: Gen/Integ. Studies | D14: 0 | E14: 0 | H14: 1 | I14: 1
C15: Total: | D15: =D13+D14 -> 193 | E15: =E13+E14 -> 281 | F15: =F13+F14 -> 255 | G15: =G13+G14 -> 209 | H15: =H13+H14 -> 194 | I15: =I13+I14 -> 194 | J15: 185 | K15: 241 | L15: 256 | M15: 235 | N15: 210
C16: Single | D16: 159 | E16: 175 | F16: 236 | G16: 208 | H16: 180 | I16: =1+3+110+39+1 -> 154 | J16: 171 | K16: 153 | L16: 167 | M16: 170 | N16: 173
C17: Combined | D17: =188-158 -> 30 | E17: 26 | F17: 23 | G17: 15 | H17: 17 | I17: =3+16+1+2 -> 22 | J17: 13 | K17: 17 | L17: 16 | M17: 18 | N17: 17
B18: Year III | C18: Sub-Total: | D18: =D16+D17 -> 189 | E18: =E16+E17 -> 201 | F18: =F16+F17 -> 259 | G18: =G16+G17 -> 223 | H18: =H16+H17 -> 197 | I18: =I16+I17 -> 176 | J18: 184 | K18: 170 | L18: 183 | M18: 188 | N18: 190
C19: Gen/Integ. Studies | D19: 0 | E19: 0 | I19: 1 | J19: 3 | K19: 3 | L19: 1 | N19: 1
C20: Total: | D20: =D18+D19 -> 189 | E20: =E18+E19 -> 201 | F20: =F18+F19 -> 259 | G20: =G18+G19 -> 223 | H20: =H18+H19 -> 197 | I20: =I18+I19 -> 177 | J20: 187 | K20: 173 | L20: 184 | M20: 188 | N20: 191
C21: Single | D21: 78 | E21: 59 | F21: 90 | G21: 162 | H21: 129 | I21: =1+1+61+52 -> 115 | J21: 127 | K21: 108 | L21: 106 | M21: 121 | N21: 123
C22: Combined | D22: 5 | E22: 8 | F22: 7 | G22: 13 | H22: 9 | I22: =2+6+1+2+1+1 -> 13 | J22: 8 | K22: 6 | L22: 12 | M22: 15 | N22: 10
B23: Year IV | C23: Sub-Total: | D23: =D21+D22 -> 83 | E23: =E21+E22 -> 67 | F23: =F21+F22 -> 97 | G23: =G21+G22 -> 175 | H23: =H21+H22 -> 138 | I23: =I21+I22 -> 128 | J23: 135 | K23: 114 | L23: 118 | M23: 136 | N23: 133
C24: Gen/Integ. Studies | D24: 0 | E24: 0 | G24: 2 | H24: 1
C25: Total: | D25: =D23+D24 -> 83 | E25: =E23+E24 -> 67 | F25: =F23+F24 -> 97 | G25: =G23+G24 -> 177 | H25: =H23+H24 -> 139 | I25: =I23+I24 -> 128 | J25: 135 | K25: 114 | L25: 118 | M25: 136 | N25: 133
C26: Single | D26: =SUM(D6,D11,D16,D21) -> 645 | E26: =SUM(E6,E11,E16,E21) -> 773 | F26: =SUM(F6,F11,F16,F21) -> 821 | G26: =SUM(G6,G11,G16,G21) -> 819 | H26: =SUM(H6,H11,H16,H21) -> 754 | I26: =SUM(I6,I11,I16,I21) -> 737 | J26: 787 | K26: 789 | L26: 785 | M26: 795 | N26: 723
C27: Combined | D27: =SUM(D7,D12,D17,D22) -> 51 | E27: =SUM(E7,E12,E17,E22) -> 54 | F27: =SUM(F7,F12,F17,F22) -> 53 | G27: =SUM(G7,G12,G17,G22) -> 46 | H27: =SUM(H7,H12,H17,H22) -> 43 | I27: =SUM(I7,I12,I17,I22) -> 48 | J27: 39 | K27: 45 | L27: 53 | M27: 54 | N27: 42
B28: TOTAL: | C28: Sub-Total: | D28: =D26+D27 -> 696 | E28: =E26+E27 -> 827 | F28: =F26+F27 -> 874 | G28: =G26+G27 -> 865 | H28: =H26+H27 -> 797 | I28: =I26+I27 -> 785 | J28: 826 | K28: 834 | L28: 838 | M28: 849 | N28: 765
C29: Gen/Integ. Studies | D29: =SUM(D9,D14,D19,D24) -> 0 | E29: =SUM(E9,E14,E19,E24) -> 0 | G29: =SUM(G9,G14,G19,G24) -> 2 | H29: =SUM(H9,H14,H19,H24) -> 2 | I29: =SUM(I9,I14,I19,I24) -> 2 | J29: 3 | K29: 3 | L29: 1 | N29: 1
C30: Total: | D30: =D28+D29 -> 696 | E30: =E28+E29 -> 827 | F30: =F28+F29 -> 874 | G30: =G28+G29 -> 867 | H30: =H28+H29 -> 799 | I30: =I28+I29 -> 787 | J30: 829 | K30: 837 | L30: 839 | M30: 849 | N30: 766
B31: Male | D31: 129 | E31: 154 | F31: 172 | G31: 187 | H31: 181 | I31: 186 | J31: 209 | K31: 214 | L31: 199 | M31: 186 | N31: 170 | O31: =N31/N30 -> 0.22193211
B32: Female | D32: 567 | E32: 673 | F32: 702 | G32: 680 | H32: 618 | I32: 601 | J32: 620 | K32: 623 | L32: 640 | M32: 663 | N32: 596 | O32: =N32/N30 -> 0.77806789
B33: Full-Time | D33: 625 | E33: 739 | F33: 764 | G33: 744 | H33: 697 | I33: 690 | J33: 730 | K33: 759 | L33: 771 | M33: 785 | N33: 702 | O33: =N33/N30 -> 0.91644909
B34: Part-Time | D34: 71 | E34: 88 | F34: 110 | G34: 123 | H34: 102 | I34: 97 | J34: 99 | K34: 78 | L34: 68 | M34: 64 | N34: 64 | O34: =N34/N30 -> 0.083550914
B55: Codes:
B56: CJPS
B57: PSHS
B58: PSYC
B59: PSYN
B60: PSYT
B61: PYED

Sheet PSYC (COOP)-jb
B1: Undergraduate Majors
B2: Psychology
B3: COOP
B4: Study Year | C4: Major Type | D4: Head Count Enrollments (Coop Only)
D5: 2003-04 | E5: 2004-05 | F5: 2005-06 | G5: 2006-07 | H5: 2007-08 | I5: 2008-09 | J5: 2011-12 | K5: 2012-13 | L5: 2013-14 | M5: 2014-15 | N5: 2015-16
C6: Single | D6: Coop data not available | E6: 40 | F6: 30 | G6: 49 | H6: 47 | I6: 53 | J6: 73 | K6: 86 | L6: 68 | M6: 74 | N6: 59
C7: Combined | E7: 0
B8: Year I | C8: Sub-Total: | E8: 40 | F8: 30 | G8: 49 | H8: =H6+H7 -> 47 | I8: =I6+I7 -> 53 | J8: 73 | K8: 86 | L8: 68 | M8: 74 | N8: 59
C9: Gen/Integ. Studies | E9: 0
C10: Total: | E10: 40 | F10: 30 | G10: 49 | H10: =H8+H9 -> 47 | I10: =I8+I9 -> 53 | J10: 73 | K10: 86 | L10: 68 | M10: 74 | N10: 59
C11: Single | E11: 22 | F11: 13 | G11: 9 | H11: 11 | I11: 15 | J11: 20 | K11: 25 | L11: 45 | M11: 31 | N11: 37
C12: Combined | E12: 0
B13: Year II | C13: Sub-Total: | E13: 22 | F13: 13 | G13: 9 | H13: =H11+H12 -> 11 | I13: 15 | J13: 20 | K13: 25 | L13: 45 | M13: 31 | N13: 37
C14: Gen/Integ. Studies | E14: 0
C15: Total: | E15: 22 | F15: 13 | G15: 9 | H15: =H13+H14 -> 11 | I15: =I13+I14 -> 15 | J15: 20 | K15: 25 | L15: 45 | M15: 31 | N15: 37
C16: Single | E16: 7 | F16: 17 | G16: 16 | H16: 7 | I16: 6 | J16: 16 | K16: 16 | L16: 14 | M16: 18 | N16: 19
C17: Combined | E17: 0
B18: Year III | C18: Sub-Total: | E18: 7 | F18: 17 | G18: 16 | H18: =H16+H17 -> 7 | I18: =I16+I17 -> 6 | J18: 16 | K18: 16 | L18: 14 | M18: 18 | N18: 19
C19: Gen/Integ. Studies | E19: 0
C20: Total: | E20: 7 | F20: 17 | G20: 16 | H20: =H18+H19 -> 7 | I20: =I18+I19 -> 6 | J20: 16 | K20: 16 | L20: 14 | M20: 18 | N20: 19
C21: Single | E21: 0 | F21: 1 | G21: 5 | H21: 7 | I21: 5 | J21: 10 | K21: 11 | L21: 9 | M21: 9 | N21: 16
C22: Combined | E22: 0
B23: Year IV | C23: Sub-Total: | E23: 0 | F23: 1 | G23: 5 | H23: =H21+H22 -> 7 | I23: =I21+I22 -> 5 | J23: 10 | K23: 11 | L23: 9 | M23: 9 | N23: 16
C24: Gen/Integ. Studies | E24: 0
C25: Total: | E25: 0 | F25: 1 | G25: 5 | H25: =H23+H24 -> 7 | I25: =I23+I24 -> 5 | J25: 10 | K25: 11 | L25: 9 | M25: 9 | N25: 16
C26: Single | E26: =SUM(E6,E11,E16,E21) -> 69 | F26: =SUM(F6,F11,F16,F21) -> 61 | G26: =SUM(G6,G11,G16,G21) -> 79 | H26: =SUM(H6,H11,H16,H21) -> 72 | I26: =SUM(I6,I11,I16,I21) -> 79 | J26: 119 | K26: 138 | L26: 136 | M26: 132 | N26: 131
C27: Combined | E27: 0
B28: TOTAL: | C28: Sub-Total: | E28: =SUM(E8,E13,E18,E23) -> 69 | F28: =SUM(F8,F13,F18,F23) -> 61 | G28: =SUM(G8,G13,G18,G23) -> 79 | H28: =SUM(H8,H13,H18,H23) -> 72 | I28: =SUM(I8,I13,I18,I23) -> 79 | J28: 119 | K28: 138 | L28: 136 | M28: 132 | N28: 131
C29: Gen/Integ. Studies | E29: 0
C30: Total: | E30: =SUM(E10,E15,E20,E25) -> 69 | F30: =SUM(F10,F15,F20,F25) -> 61 | G30: =SUM(G10,G15,G20,G25) -> 79 | H30: =SUM(H10,H15,H20,H25) -> 72 | I30: =SUM(I10,I15,I20,I25) -> 79 | J30: 119 | K30: 138 | L30: 136 | M30: 132 | N30: 131
B31: Male | E31: 3 | F31: 5 | G31: 15 | H31: 6 | I31: 14 | J31: 20 | K31: 22 | L31: 17 | M31: 20 | N31: 18 | O31: =N31/N30 -> 0.13740458
B32: Female | E32: 66 | F32: 56 | G32: 64 | H32: 66 | I32: 65 | J32: 99 | K32: 116 | L32: 119 | M32: 112 | N32: 113 | O32: =N32/N30 -> 0.86259542
B33: Full-Time | E33: 64 | F33: 51 | G33: 73 | H33: 66 | I33: 76 | J33: 117 | K33: 136 | L33: 135 | M33: 131 | N33: 128 | O33: =N33/N30 -> 0.97709924
B34: Part-Time | E34: 5 | F34: 10 | G34: 6 | H34: 6 | I34: 3 | J34: 2 | K34: 2 | L34: 1 | M34: 1 | N34: 3 | O34: =N34/N30 -> 0.022900763
B55: Codes:
B56: CJPS
B57: PSHS
B58: PSYC
B59: PSYN
B60: PSYT
B61: PYED

Sheet SOCI-jb
B1: Undergraduate Majors
B2: Sociology
B4: Study Year | C4: Major Type | H4: Head Count Enrolments
D5: 1999-00 | E5: 2000-01 | F5: 2001-02 | G5: 2002-03 | H5: 2003-04 | I5: 2004-05 | J5: 2005-06 | K5: 2006-07 | L5: 2007-08 | M5: 2008-09 | N5: 2011-12 | O5: 2012-13 | P5: 2013-14 | Q5: 2014-15 | R5: 2015-16
C6: Single | D6: 67 | E6: 78 | F6: 74 | G6: 109 | H6: 201 | I6: 214 | J6: 204 | K6: 250 | L6: 220 | M6: =13+210+5+1 -> 229 | N6: 202 | O6: 198 | P6: 228 | Q6: 185 | R6: 145
C7: Combined | D7: 3 | E7: 5 | F7: 1 | G7: 0 | H7: 1 | I7: 3 | J7: 2 | K7: 3 | L7: 4 | M7: =1+1+1+2+1 -> 6 | N7: 6 | O7: 6 | P7: 4 | Q7: 3 | R7: 3
B8: Year I | C8: Sub-Total: | D8: =D6+D7 -> 70 | E8: =E6+E7 -> 83 | F8: =F6+F7 -> 75 | G8: =G6+G7 -> 109 | H8: =H6+H7 -> 202 | I8: =I6+I7 -> 217 | J8: =J6+J7 -> 206 | K8: =K6+K7 -> 253 | ... M8: =M6+M7 -> 235 | N8: 208 | O8: 204 | P8: 232 | Q8: 188 | R8: 148
C9: Gen/Integ. Studies | D9: 0 | E9: 0 | F9: 0 | G9: 0 | H9: 0 | I9: 0 | O9: 1
C10: Total: | D10: =D8+D9 -> 70 | E10: =E8+E9 -> 83 | F10: =F8+F9 -> 75 | G10: =G8+G9 -> 109 | H10: =H8+H9 -> 202 | I10: =I8+I9 -> 217 | J10: =J8+J9 -> 206 | K10: =K8+K9 -> 253 | ... M10: =M8+M9 -> 235 | N10: 208 | O10: 205 | P10: 232 | Q10: 188 | R10: 148
C11: Single | D11: 89 | E11: 117 | F11: 83 | G11: 104 | H11: 110 | I11: 191 | J11: =29+178 -> 207 | K11: 187 | L11: 190 | M11: =13+169+21+2 -> 205 | N11: 119 | O11: 142 | P11: 161 | Q11: 181 | R11: 153
C12: Combined | D12: 30 | E12: 14 | F12: 11 | G12: 16 | H12: 8 | I12: 20 | J12: 17 | K12: 17 | L12: 13 | M12: =9+1+4+1+1+2+2 -> 20 | N12: 19 | O12: 18 | P12: 19 | Q12: 12 | R12: 14
B13: Year II | C13: Sub-Total: | D13: =D11+D12 -> 119 | E13: =E11+E12 -> 131 | F13: =F11+F12 -> 94 | G13: =G11+G12 -> 120 | H13: =H11+H12 -> 118 | I13: =I11+I12 -> 211 | J13: =J11+J12 -> 224 | K13: =K11+K12 -> 204 | ... M13: =M11+M12 -> 225 | N13: 138 | O13: 160 | P13: 180 | Q13: 193 | R13: 167
C14: Gen/Integ. Studies | D14: 0 | E14: 0 | F14: 0 | G14: 0 | H14: 0 | I14: 0 | K14: 1 | L14: 1 | M14: 1 | P14: 1
C15: Total: | D15: =D13+D14 -> 119 | E15: =E13+E14 -> 131 | F15: =F13+F14 -> 94 | G15: =G13+G14 -> 120 | H15: =H13+H14 -> 118 | I15: =I13+I14 -> 211 | J15: =J13+J14 -> 224 | K15: =K13+K14 -> 205 | ... M15: =M13+M14 -> 226 | N15: 138 | O15: 160 | P15: 181 | Q15: 193 | R15: 167
C16: Single | D16: 131 | E16: 111 | F16: 134 | G16: =118+9 -> 127 | H16: =132+27 -> 159 | I16: 118 | J16: 172 | K16: 186 | L16: 160 | M16: =2+114+1+18+1+2 -> 138 | N16: 132 | O16: 117 | P16: 132 | Q16: 123 | R16: 145
C17: Combined | D17: 40 | E17: 34 | F17: 33 | G17: 21 | H17: =13+8 -> 21 | I17: 18 | J17: 24 | K17: 17 | L17: 28 | M17: =1+5+2+2+1+2+1+1 -> 15 | N17: 23 | O17: 25 | P17: 13 | Q17: 14 | R17: 12
B18: Year III | C18: Sub-Total: | D18: =D16+D17 -> 171 | E18: =E16+E17 -> 145 | F18: =F16+F17 -> 167 | G18: =G16+G17 -> 148 | H18: =H16+H17 -> 180 | I18: =I16+I17 -> 136 | J18: =J16+J17 -> 196 | K18: =K16+K17 -> 203 | ... M18: =M16+M17 -> 153 | N18: 155 | O18: 142 | P18: 145 | Q18: 137 | R18: 157
C19: Gen/Integ. Studies | D19: 6 | E19: 4 | F19: 2 | G19: 3 | H19: 1 | I19: 0 | R19: 1
C20: Total: | D20: =D18+D19 -> 177 | E20: =E18+E19 -> 149 | F20: =F18+F19 -> 169 | G20: =G18+G19 -> 151 | H20: =H18+H19 -> 181 | I20: =I18+I19 -> 136 | J20: =J18+J19 -> 196 | K20: =K18+K19 -> 203 | ... M20: =M18+M19 -> 153 | N20: 155 | O20: 142 | P20: 145 | Q20: 137 | R20: 158
C21: Single | D21: 40 | E21: 49 | F21: 48 | G21: =40+13 -> 53 | H21: =24+11 -> 35 | I21: 49 | J21: 50 | K21: 85 | L21: 94 | M21: =6+41+2+20+7 -> 76 | N21: 97 | O21: 74 | P21: 64 | Q21: 71 | R21: 68
C22: Combined | D22: 7 | E22: 14 | F22: 8 | G22: 8 | H22: 13 | I22: 6 | J22: 3 | K22: 15 | L22: 7 | M22: =5+2+1+1+1+2 -> 12 | N22: 12 | O22: 15 | P22: 18 | Q22: 12 | R22: 12
B23: Year IV | C23: Sub-Total: | D23: =D21+D22 -> 47 | E23: =E21+E22 -> 63 | F23: =F21+F22 -> 56 | G23: =G21+G22 -> 61 | H23: =H21+H22 -> 48 | I23: =I21+I22 -> 55 | J23: =J21+J22 -> 53 | K23: =K21+K22 -> 100 | ... M23: =M21+M22 -> 88 | N23: 109 | O23: 89 | P23: 82 | Q23: 83 | R23: 80
C24: Gen/Integ. Studies | D24: 1 | E24: 1 | F24: 1 | G24: 0 | H24: 0 | I24: 0 | M24: 1
C25: Total: | D25: =D23+D24 -> 48 | E25: =E23+E24 -> 64 | F25: =F23+F24 -> 57 | G25: =G23+G24 -> 61 | H25: =H23+H24 -> 48 | I25: =I23+I24 -> 55 | J25: =J23+J24 -> 53 | K25: =K23+K24 -> 100 | ... M25: =M23+M24 -> 89 | N25: 109 | O25: 89 | P25: 82 | Q25: 83 | R25: 80
C26: Single | D26: =SUM(D6,D11,D16,D21) -> 327 | E26: =SUM(E6,E11,E16,E21) -> 355 | F26: =SUM(F6,F11,F16,F21) -> 339 | G26: =SUM(G6,G11,G16,G21) -> 393 | H26: =SUM(H6,H11,H16,H21) -> 505 | I26: =SUM(I6,I11,I16,I21) -> 572 | J26: =SUM(J6,J11,J16,J21) -> 633 | K26: =SUM(K6,K11,K16,K21) -> 708 | ... M26: =SUM(M6,M11,M16,M21) -> 648 | N26: 550 | O26: 531 | P26: 585 | Q26: 560 | R26: 511
C27: Combined | D27: =SUM(D7,D12,D17,D22) -> 80 | E27: =SUM(E7,E12,E17,E22) -> 67 | F27: =SUM(F7,F12,F17,F22) -> 53 | G27: =SUM(G7,G12,G17,G22) -> 45 | H27: =SUM(H7,H12,H17,H22) -> 43 | I27: =SUM(I7,I12,I17,I22) -> 47 | J27: =SUM(J7,J12,J17,J22) -> 46 | K27: =SUM(K7,K12,K17,K22) -> 52 | ... M27: =SUM(M7,M12,M17,M22) -> 53 | N27: 60 | O27: 64 | P27: 54 | Q27: 41 | R27: 41
B28: TOTAL: | C28: Sub-Total: | D28: =D26+D27 -> 407 | E28: =E26+E27 -> 422 | F28: =F26+F27 -> 392 | G28: =G26+G27 -> 438 | H28: =H26+H27 -> 548 | I28: =I26+I27 -> 619 | J28: =J26+J27 -> 679 | K28: =K26+K27 -> 760 | ... M28: =M26+M27 -> 701 | N28: 610 | O28: 595 | P28: 639 | Q28: 601 | R28: 552
C29: Gen/Integ. Studies | D29: =SUM(D9,D14,D19,D24) -> 7 | E29: =SUM(E9,E14,E19,E24) -> 5 | F29: =SUM(F9,F14,F19,F24) -> 3 | G29: =SUM(G9,G14,G19,G24) -> 3 | H29: =SUM(H9,H14,H19,H24) -> 1 | I29: =SUM(I9,I14,I19,I24) -> 0 | K29: =SUM(K9,K14,K19,K24) -> 1 | L29: =SUM(L9,L14,L19,L24) -> 1 | M29: =SUM(M9,M14,M19,M24) -> 2 | O29: 1 | P29: 1 | R29: 1
C30: Total: | D30: =D28+D29 -> 414 | E30: =E28+E29 -> 427 | F30: =F28+F29 -> 395 | G30: =G28+G29 -> 441 | H30: =H28+H29 -> 549 | I30: =I28+I29 -> 619 | J30: =J28+J29 -> 679 | K30: =K28+K29 -> 761 | ... M30: =M28+M29 -> 703 | N30: 610 | O30: 596 | P30: 640 | Q30: 601 | R30: 553
B31: Male | D31: 81 | E31: 82 | F31: 69 | G31: 77 | H31: 108 | I31: 140 | J31: 179 | K31: 194 | L31: 177 | M31: 178 | N31: 198 | O31: 188 | P31: 232 | Q31: 220 | R31: 208 | S31: =R31/R30 -> 0.3761302
B32: Female | D32: 333 | E32: 345 | F32: 326 | G32: 364 | H32: 441 | I32: 479 | J32: 500 | K32: 567 | L32: 540 | M32: 525 | N32: 412 | O32: 408 | P32: 408 | Q32: 381 | R32: 345 | S32: =R32/R30 -> 0.6238698
B33: Full-Time | D33: 350 | E33: 354 | F33: 320 | G33: 377 | H33: 474 | I33: 535 | J33: 595 | K33: 658 | L33: 613 | M33: 617 | N33: 535 | O33: 521 | P33: 575 | Q33: 545 | R33: 488 | S33: =R33/R30 -> 0.88245931
B34: Part-Time | D34: 64 | E34: 73 | F34: 75 | G34: 64 | H34: 75 | I34: 84 | J34: 84 | K34: 103 | L34: 104 | M34: 86 | N34: 75 | O34: 75 | P34: 65 | Q34: 56 | R34: 65 | S34: =R34/R30 -> 0.11754069
B54: Codes:
B55: CJSO
B56: CRMC
B57: SOCI
B58: DADC

Sheet TREN-jb
B1: Undergraduate Majors
B2: Tourism and Environment
B4: Study Year | C4: Major Type | H4: Enrolment Headcount | I4: Head Count Enrolments (Including Coop)
H5: 2003-04 | I5: 2004-05 | J5: 2005-06 | K5: 2006-07 | L5: 2007-08 | M5: 2008-09 | N5: 2011-12 | O5: 2012-13 | P5: 2013-14 | Q5: 2014-15 | R5: 2015-16
C6: Single | D6: 1 | E6: 4 | F6: 17 | G6: 17 | H6: 17 | I6: 20 | J6: 21 | K6: 63 | L6: 45 | M6: 56 | N6: 47 | O6: 33 | P6: 24 | Q6: 29 | R6: 27
C7: Combined | D7: 4 | E7: 0 | F7: 0 | G7: 0 | H7: 0 | I7: 0
B8: Year I | C8: Sub-Total: | D8: 5 | E8: 4 | F8: 17 | G8: 17 | H8: 17 | I8: 20 | J8: 21 | K8: 63 | L8: 45 | M8: 56 | N8: 47 | O8: 33 | P8: 24 | Q8: 29 | R8: 27
C9: Gen/Integ. Studies | D9: 0 | E9: 0 | F9: 0 | G9: 0 | H9: 0 | I9: 0
C10: Total: | D10: 5 | E10: 4 | F10: 17 | G10: 17 | H10: 17 | I10: 20 | J10: 21 | K10: 63 | L10: 45 | M10: 56 | N10: 47 | O10: 33 | P10: 24 | Q10: 29 | R10: 27
C11: Single | D11: 0 | E11: 0 | F11: 12 | G11: 12 | H11: 7 | I11: 12 | J11: 9 | K11: 45 | L11: 39 | M11: 36 | N11: 35 | O11: 31 | P11: 21 | Q11: 17 | R11: 19
C12: Combined | D12: 12 | E12: 5 | F12: 1 | G12: 1 | H12: 0 | I12: 0 | J12: 1
B13: Year II | C13: Sub-Total: | D13: 12 | E13: 5 | F13: 13 | G13: 13 | H13: 7 | I13: 12 | J13: 10 | K13: 45 | L13: 39 | M13: 36 | N13: 35 | O13: 31 | P13: 21 | Q13: 17 | R13: 19
C14: Gen/Integ. Studies | D14: 0 | E14: 0 | F14: 0 | G14: 0 | H14: 0 | I14: 0
C15: Total: | D15: 12 | E15: 5 | F15: 13 | G15: 13 | H15: 7 | I15: 12 | J15: 10 | K15: 45 | L15: 39 | M15: 36 | N15: 35 | O15: 31 | P15: 21 | Q15: 17 | R15: 19
C16: Single | D16: 0 | E16: 1 | F16: 2 | G16: 2 | H16: 7 | I16: 6 | J16: 8 | K16: 46 | L16: 38 | M16: 34 | N16: 35 | O16: 30 | P16: 22 | Q16: 19 | R16: 15
C17: Combined | D17: 10 | E17: 7 | F17: 2 | G17: 2 | H17: 0 | I17: 0 | K17: 1
B18: Year III | C18: Sub-Total: | D18: 10 | E18: 8 | F18: 4 | G18: 4 | H18: 7 | I18: 6 | J18: 8 | K18: 47 | L18: 38 | M18: 34 | N18: 35 | O18: 30 | P18: 22 | Q18: 19 | R18: 15
C19: Gen/Integ. Studies | D19: 0 | E19: 1 | F19: 1 | G19: 1 | H19: 1 | I19: 0 | M19: 2
C20: Total: | D20: 10 | E20: 9 | F20: 5 | G20: 5 | H20: 8 | I20: 6 | J20: 8 | K20: 47 | L20: 38 | M20: 36 | N20: 35 | O20: 30 | P20: 22 | Q20: 19 | R20: 15
C21: Single | D21: 0 | E21: 0 | F21: 0 | G21: 0 | H21: 4 | I21: 7 | J21: 6 | K21: 42 | L21: 35 | M21: 28 | N21: 50 | O21: 25 | P21: 16 | Q21: 16 | R21: 13
C22: Combined | D22: 9 | E22: 6 | F22: 7 | G22: 7 | H22: 1 | I22: 1 | J22: 2 | K22: 2 | M22: 1 | R22: 2
B23: Year IV | C23: Sub-Total: | D23: 9 | E23: 6 | F23: 7 | G23: 7 | H23: 5 | I23: 8 | J23: 8 | K23: 44 | L23: 35 | M23: 29 | N23: 50 | O23: 25 | P23: 16 | Q23: 16 | R23: 15
C24: Gen/Integ. Studies | D24: 0 | E24: 0 | F24: 0 | G24: 0 | H24: 0 | I24: 0
C25: Total: | D25: 9 | E25: 6 | F25: 7 | G25: 7 | H25: 5 | I25: 8 | J25: 8 | K25: 44 | L25: 35 | M25: 29 | N25: 50 | O25: 25 | P25: 16 | Q25: 16 | R25: 15
C26: Single | D26: 1 | E26: 5 | F26: 31 | G26: 31 | H26: 35 | I26: 45 | J26: 44 | K26: 196 | L26: 157 | M26: 154 | N26: 167 | O26: 119 | P26: 83 | Q26: 81 | R26: 74
C27: Combined | D27: 35 | E27: 18 | F27: 10 | G27: 10 | H27: 1 | I27: 1 | J27: 3 | K27: 3 | M27: 1 | R27: 2
B28: TOTAL: | C28: Sub-Total: | D28: 36 | E28: 23 | F28: 41 | G28: 41 | H28: 36 | I28: 46 | J28: 47 | K28: 199 | L28: 157 | M28: 155 | N28: 167 | O28: 119 | P28: 83 | Q28: 81 | R28: 76
C29: Gen/Integ. Studies | D29: 0 | E29: 1 | F29: 1 | G29: 1 | H29: 1 | I29: 0 | M29: 2
C30: Total: | D30: 36 | E30: 24 | F30: 42 | G30: 42 | H30: 37 | I30: 46 | J30: 47 | K30: 199 | L30: 157 | M30: 157 | N30: 167 | O30: 119 | P30: 83 | Q30: 81 | R30: 76
B31: Male | D31: 18 | E31: 9 | F31: 19 | G31: 19 | H31: 16 | I31: 17 | J31: 21 | K31: 64 | L31: 51 | M31: 54 | N31: 47 | O31: 40 | P31: 31 | Q31: 34 | R31: 31 | S31: =R31/R30 -> 0.40789474
B32: Female | D32: 18 | E32: 15 | F32: 23 | G32: 23 | H32: 21 | I32: 29 | J32: 26 | K32: 135 | L32: 106 | M32: 103 | N32: 120 | O32: 79 | P32: 52 | Q32: 47 | R32: 45 | S32: =R32/R30 -> 0.59210526
B33: Full-Time | D33: 30 | E33: 14 | F33: 33 | G33: 33 | H33: 30 | I33: 44 | J33: 45 | K33: 180 | L33: 136 | M33: 137 | N33: 152 | O33: 108 | P33: 78 | Q33: 73 | R33: 66 | S33: =R33/R30 -> 0.86842105
B34: Part-Time | D34: 6 | E34: 10 | F34: 9 | G34: 9 | H34: 7 | I34: 2 | J34: 2 | K34: 19 | L34: 21 | M34: 20 | N34: 15 | O34: 11 | P34: 5 | Q34: 8 | R34: 10 | S34: =R34/R30 -> 0.13157895
B35: Note: TREN includes TOUR, ENVI & TREN Starting in 2006-07
B54: Codes:
B55: AEST
B56: ENBI
B57: ENCS
B58: ENCC
B59: ENES
B60: ENGO
B61: ENPO
B62: ENSO
B63: ENVI
B64: ENVP
... B79: TRNN

Sheet TREN(COOP)-hide
B1: Undergraduate Majors
B2: Tourism and Environment
B3: COOP
B4: Study Year | C4: Major Type | H4: Enrolment Headcount | I4: Head Count Enrolments
H5: 2003-04 | I5: 2004-05 | J5: 2005-06 | K5: 2006-07 | L5: 2007-08 | M5: 2008-09 | N5: 2011-12 | O5: 2012-13 | P5: 2013-14 | Q5: 2014-15 | R5: 2015-16
C6: Single | D6: 1 | E6: 4 | F6: 17 | G6: 17 | H6: 17 | I6: 20 | J6: 21 | K6: 63 | L6: 45 | M6: 56 | R6: 11
C7: Combined | D7: 4 | E7: 0 | F7: 0 | G7: 0 | H7: 0 | I7: 0
B8: Year I | C8: Sub-Total: | D8: 5 | E8: 4 | F8: 17 | G8: 17 | H8: 17 | I8: 20 | J8: 21 | K8: 63 | L8: 45 | M8: 56 | R8: 11
C9: Gen/Integ. Studies | D9: 0 | E9: 0 | F9: 0 | G9: 0 | H9: 0 | I9: 0
C10: Total: | D10: 5 | E10: 4 | F10: 17 | G10: 17 | H10: 17 | I10: 20 | J10: 21 | K10: 63 | L10: 45 | M10: 56 | R10: 11
C11: Single | D11: 0 | E11: 0 | F11: 12 | G11: 12 | H11: 7 | I11: 12 | J11: 9 | K11: 45 | L11: 39 | M11: 36 | R11: 7
C12: Combined | D12: 12 | E12: 5 | F12: 1 | G12: 1 | H12: 0 | I12: 0 | J12: 1 | R12: 1
B13: Year II | C13: Sub-Total: | D13: 12 | E13: 5 | F13: 13 | G13: 13 | H13: 7 | I13: 12 | J13: 10 | K13: 45 | L13: 39 | M13: 36 | R13: 8
C14: Gen/Integ. Studies | D14: 0 | E14: 0 | F14: 0 | G14: 0 | H14: 0 | I14: 0
C15: Total: | D15: 12 | E15: 5 | F15: 13 | G15: 13 | H15: 7 | I15: 12 | J15: 10 | K15: 45 | L15: 39 | M15: 36 | R15: 8
C16: Single | D16: 0 | E16: 1 | F16: 2 | G16: 2 | H16: 7 | I16: 6 | J16: 8 | K16: 46 | L16: 38 | M16: 34 | R16: 11
C17: Combined | D17: 10 | E17: 7 | F17: 2 | G17: 2 | H17: 0 | I17: 0 | K17: 1 | R17: 1
B18: Year III | C18: Sub-Total: | D18: 10 | E18: 8 | F18: 4 | G18: 4 | H18: 7 | I18: 6 | J18: 8 | K18: 47 | L18: 38 | M18: 34 | R18: 12
C19: Gen/Integ. Studies | D19: 0 | E19: 1 | F19: 1 | G19: 1 | H19: 1 | I19: 0 | M19: 2
C20: Total: | D20: 10 | E20: 9 | F20: 5 | G20: 5 | H20: 8 | I20: 6 | J20: 8 | K20: 47 | L20: 38 | M20: 36 | R20: 12
C21: Single | D21: 0 | E21: 0 | F21: 0 | G21: 0 | H21: 4 | I21: 7 | J21: 6 | K21: 42 | L21: 35 | M21: 28 | R21: 5
C22: Combined | D22: 9 | E22: 6 | F22: 7 | G22: 7 | H22: 1 | I22: 1 | J22: 2 | K22: 2 | M22: 1 | R22: 3
B23: Year IV | C23: Sub-Total: | D23: 9 | E23: 6 | F23: 7 | G23: 7 | H23: 5 | I23: 8 | J23: 8 | K23: 44 | L23: 35 | M23: 29 | R23: 8
C24: Gen/Integ. Studies | D24: 0 | E24: 0 | F24: 0 | G24: 0 | H24: 0 | I24: 0
C25: Total: | D25: 9 | E25: 6 | F25: 7 | G25: 7 | H25: 5 | I25: 8 | J25: 8 | K25: 44 | L25: 35 | M25: 29 | R25: 8
C26: Single | D26: 1 | E26: 5 | F26: 31 | G26: 31 | H26: 35 | I26: 45 | J26: 44 | K26: 196 | L26: 157 | M26: 154 | R26: 34
C27: Combined | D27: 35 | E27: 18 | F27: 10 | G27: 10 | H27: 1 | I27: 1 | J27: 3 | K27: 3 | M27: 1 | R27: 5
B28: TOTAL: | C28: Sub-Total: | D28: 36 | E28: 23 | F28: 41 | G28: 41 | H28: 36 | I28: 46 | J28: 47 | K28: 199 | L28: 157 | M28: 155 | R28: 39
C29: Gen/Integ. Studies | D29: 0 | E29: 1 | F29: 1 | G29: 1 | H29: 1 | I29: 0 | M29: 2
C30: Total: | D30: 36 | E30: 24 | F30: 42 | G30: 42 | H30: 37 | I30: 46 | J30: 47 | K30: 199 | L30: 157 | M30: 157 | R30: 39
B31: Male | D31: 18 | E31: 9 | F31: 19 | G31: 19 | H31: 16 | I31: 17 | J31: 21 | K31: 64 | L31: 51 | M31: 54 | R31: 1 | S31: =R31/R30 -> 0.025641026
B32: Female | D32: 18 | E32: 15 | F32: 23 | G32: 23 | H32: 21 | I32: 29 | J32: 26 | K32: 135 | L32: 106 | M32: 103 | R32: 38 | S32: =R32/R30 -> 0.97435897
B33: Full-Time | D33: 30 | E33: 14 | F33: 33 | G33: 33 | H33: 30 | I33: 44 | J33: 45 | K33: 180 | L33: 136 | M33: 137 | R33: 32 | S33: =R33/R30 -> 0.82051282
B34: Part-Time | D34: 6 | E34: 10 | F34: 9 | G34: 9 | H34: 7 | I34: 2 | J34: 2 | K34: 19 | L34: 21 | M34: 20 | R34: 7 | S34: =R34/R30 -> 0.17948718
B54: Codes:
B55: AEST
B56: ENBI
B57: ENCS
B58: ENCC
B59: ENES
B60: ENGO
B61: ENPO
B62: ENSO
B63: ENVI
B64: ENVP
B65: EVGN
... B79: TRNN

Sheet WGST-jb
B1: Undergraduate Majors
B2: Women's and Gender Studies
B4: Study Year | C4: Major Type | H4: Head Count Enrolments
D5: 1999-00 | E5: 2000-01 | F5: 2001-02 | G5: 2002-03 | H5: 2003-04 | I5: 2004-05 | J5: 2005-06 | K5: 2006-07 | L5: 2007-08 | M5: 2008-09 | N5: 2011-12 | O5: 2012-13 | P5: 2013-14 | Q5: 2014-15 | R5: 2015-16
C6: Single | D6: 0 | E6: 1 | F6: 0 | G6: 0 | H6: 1 | I6: 1 | J6: 9 | K6: 8 | L6: 3 | M6: 5 | N6: 4 | O6: 11 | P6: 12 | Q6: 13 | R6: 11
C7: Combined | D7: 0 | E7: 0 | F7: 2 | G7: 0 | H7: 0 | I7: 0
B8: Year I | C8: Sub-Total: | D8: =D6+D7 -> 0 | E8: =E6+E7 -> 1 | F8: =F6+F7 -> 2 | G8: =G6+G7 -> 0 | H8: =H6+H7 -> 1 | I8: =I6+I7 -> 1 | J8: =J6+J7 -> 9 | K8: =K6+K7 -> 8 | ... M8: =M6+M7 -> 5 | N8: 4 | O8: 11 | P8: 12 | Q8: 13 | R8: 11
C9: Gen/Integ. Studies | D9: 3 | E9: 2 | F9: 0 | G9: 0 | H9: 0 | I9: 0 | N9: 2
C10: Total: | D10: =D8+D9 -> 3 | E10: =E8+E9 -> 3 | F10: =F8+F9 -> 2 | G10: =G8+G9 -> 0 | H10: =H8+H9 -> 1 | I10: =I8+I9 -> 1 | J10: =J8+J9 -> 9 | K10: =K8+K9 -> 8 | ... M10: =M8+M9 -> 5 | N10: 6 | O10: 11 | P10: 12 | Q10: 13 | R10: 11
C11: Single | D11: 0 | E11: 0 | F11: 0 | G11: 0 | H11: 0 | I11: 11 | J11: 6 | K11: 10 | L11: 11 | M11: 5 | N11: 8 | O11: 6 | P11: 10 | Q11: 5 | R11: 7
C12: Combined | D12: 7 | E12: 5 | F12: 5 | G12: 9 | H12: 4 | I12: 6 | J12: 3 | K12: 4 | M12: 3 | N12: 6 | O12: 3 | P12: 1 | Q12: 4 | R12: 1
B13: Year II | C13: Sub-Total: | D13: =D11+D12 -> 7 | E13: =E11+E12 -> 5 | F13: =F11+F12 -> 5 | G13: =G11+G12 -> 9 | H13: =H11+H12 -> 4 | I13: =I11+I12 -> 17 | J13: =J11+J12 -> 9 | K13: =K11+K12 -> 14 | ... M13: =M11+M12 -> 8 | N13: 14 | O13: 9 | P13: 11 | Q13: 9 | R13: 8
C14: Gen/Integ. Studies | D14: 1 | E14: 1 | F14: 1 | G14: 0 | H14: 0 | I14: 0 | L14: 1
C15: Total: | D15: =D13+D14 -> 8 | E15: =E13+E14 -> 6 | F15: =F13+F14 -> 6 | G15: =G13+G14 -> 9 | H15: =H13+H14 -> 4 | I15: =I13+I14 -> 17 | J15: =J13+J14 -> 9 | K15: =K13+K14 -> 14 | ... M15: =M13+M14 -> 8 | N15: 14 | O15: 9 | P15: 11 | Q15: 9 | R15: 8
C16: Single | D16: 1 | E16: 0 | F16: 0 | G16: 0 | H16: 0 | I16: 2 | J16: 7 | K16: 7 | L16: 6 | M16: 8 | N16: 8 | O16: 9 | P16: 7 | Q16: 13 | R16: 11
C17: Combined | D17: 9 | E17: 13 | F17: 12 | G17: 14 | H17: 15 | I17: 12 | J17: 5 | K17: 2 | L17: 7 | M17: 3 | N17: 1 | O17: 8 | P17: 2 | Q17: 2 | R17: 1
B18: Year III | C18: Sub-Total: | D18: =D16+D17 -> 10 | E18: =E16+E17 -> 13 | F18: =F16+F17 -> 12 | G18: =G16+G17 -> 14 | H18: =H16+H17 -> 15 | I18: =I16+I17 -> 14 | J18: =J16+J17 -> 12 | K18: =K16+K17 -> 9 | ... M18: =M16+M17 -> 11 | N18: 9 | O18: 17 | P18: 9 | Q18: 15 | R18: 12
C19: Gen/Integ. Studies | D19: 1 | E19: 1 | F19: 0 | G19: 0 | H19: 0 | I19: 0 | M19: 1 | N19: 1 | P19: 1
C20: Total: | D20: =D18+D19 -> 11 | E20: =E18+E19 -> 14 | F20: =F18+F19 -> 12 | G20: =G18+G19 -> 14 | H20: =H18+H19 -> 15 | I20: =I18+I19 -> 14 | J20: =J18+J19 -> 12 | K20: =K18+K19 -> 9 | ... M20: =M18+M19 -> 12 | N20: 10 | O20: 17 | P20: 10 | Q20: 15 | R20: 12
C21: Single | D21: 0 | E21: 0 | F21: 0 | G21: 0 | H21: 0 | I21: 0 | J21: 2 | K21: 2 | L21: 3 | M21: 1 | N21: 4 | O21: 5 | P21: 7 | Q21: 6 | R21: 5
C22: Combined | D22: 5 | E22: 2 | F22: 5 | G22: 6 | H22: 7 | I22: 4 | J22: 2 | K22: 6 | L22: 0 | M22: 2 | N22: 2 | O22: 2 | P22: 6 | Q22: 5 | R22: 3
B23: Year IV | C23: Sub-Total: | D23: =D21+D22 -> 5 | E23: =E21+E22 -> 2 | F23: =F21+F22 -> 5 | G23: =G21+G22 -> 6 | H23: =H21+H22 -> 7 | I23: =I21+I22 -> 4 | J23: =J21+J22 -> 4 | K23: =K21+K22 -> 8 | ... M23: =M21+M22 -> 3 | N23: 6 | O23: 7 | P23: 13 | Q23: 11 | R23: 8
C24: Gen/Integ. Studies | D24: 0 | E24: 0 | F24: 0 | G24: 0 | H24: 0 | I24: 0
C25: Total: | D25: =D23+D24 -> 5 | E25: =E23+E24 -> 2 | F25: =F23+F24 -> 5 | G25: =G23+G24 -> 6 | H25: =H23+H24 -> 7 | I25: =I23+I24 -> 4 | J25: =J23+J24 -> 4 | K25: =K23+K24 -> 8 | ... M25: =M23+M24 -> 3 | N25: 6 | O25: 7 | P25: 13 | Q25: 11 | R25: 8
C26: Single | D26: =SUM(D6,D11,D16,D21) -> 1 | E26: =SUM(E6,E11,E16,E21) -> 1 | F26: =SUM(F6,F11,F16,F21) -> 0 | G26: =SUM(G6,G11,G16,G21) -> 0 | H26: =SUM(H6,H11,H16,H21) -> 1 | I26: =SUM(I6,I11,I16,I21) -> 14 | J26: =SUM(J6,J11,J16,J21) -> 24 | K26: =SUM(K6,K11,K16,K21) -> 27 | ... M26: =SUM(M6,M11,M16,M21) -> 19 | N26: 24 | O26: 31 | P26: 36 | Q26: 37 | R26: 34
C27: Combined | D27: =SUM(D7,D12,D17,D22) -> 21 | E27: =SUM(E7,E12,E17,E22) -> 20 | F27: =SUM(F7,F12,F17,F22) -> 24 | G27: =SUM(G7,G12,G17,G22) -> 29 | H27: =SUM(H7,H12,H17,H22) -> 26 | I27: =SUM(I7,I12,I17,I22) -> 22 | J27: =SUM(J7,J12,J17,J22) -> 10 | K27: =SUM(K7,K12,K17,K22) -> 12 | ... M27: =SUM(M7,M12,M17,M22) -> 8 | N27: 9 | O27: 13 | P27: 9 | Q27: 11 | R27: 5
B28: TOTAL: | C28: Sub-Total: | D28: =D26+D27 -> 22 | E28: =E26+E27 -> 21 | F28: =F26+F27 -> 24 | G28: =G26+G27 -> 29 | H28: =H26+H27 -> 27 | I28: =I26+I27 -> 36 | J28: =J26+J27 -> 34 | K28: =K26+K27 -> 39 | ... M28: =M26+M27 -> 27 | N28: 33 | O28: 44 | P28: 45 | Q28: 48 | R28: 39
C29: Gen/Integ. Studies | D29: =SUM(D9,D14,D19,D24) -> 5 | E29: =SUM(E9,E14,E19,E24) -> 4 | F29: =SUM(F9,F14,F19,F24) -> 1 | G29: =SUM(G9,G14,G19,G24) -> 0 | H29: =SUM(H9,H14,H19,H24) -> 0 | I29: =SUM(I9,I14,I19,I24) -> 0 | L29: =SUM(L9,L14,L19,L24) -> 1 | M29: =SUM(M9,M14,M19,M24) -> 1 | N29: 3 | P29: 1
C30: Total: | D30: =D28+D29 -> 27 | E30: =E28+E29 -> 25 | F30: =F28+F29 -> 25 | G30: =G28+G29 -> 29 | H30: =H28+H29 -> 27 | I30: =I28+I29 -> 36 | J30: =J28+J29 -> 34 | K30: =K28+K29 -> 39 | ... M30: =M28+M29 -> 28 | N30: 36 | O30: 44 | P30: 46 | Q30: 48 | R30: 39
B31: Male | D31: 0 | E31: 0 | F31: 0 | G31: 1 | H31: 1 | I31: 1 | J31: 0 | M31: 1 | N31: 1 | P31: 2 | Q31: 2 | R31: 1 | S31: =R31/R30 -> 0.025641026
B32: Female | D32: 28 | E32: 25 | F32: 25 | G32: 28 | H32: 26 | I32: 35 | J32: 34 | K32: 39 | L32: 31 | M32: 27 | N32: 35 | O32: 44 | P32: 44 | Q32: 46 | R32: 38 | S32: =R32/R30 -> 0.97435897
B33: Full-Time | D33: 22 | E33: 14 | F33: 13 | G33: 18 | H33: 15 | I33: 22 | J33: 28 | K33: 33 | L33: 23 | M33: 24 | N33: 27 | O33: 33 | P33: 33 | Q33: 38 | R33: 32 | S33: =R33/R30 -> 0.82051282
B34: Part-Time | D34: 6 | E34: 11 | F34: 12 | G34: 11 | H34: 12 | I34: 14 | J34: 6 | K34: 6 | L34: 8 | M34: 4 | N34: 9 | O34: 11 | P34: 13 | Q34: 10 | R34: 7 | S34: =R34/R30 -> 0.17948718
B54: Codes:
B55: WISC
B56: WISE

Sheet GeneralStudies
B1: Undergraduate Majors
B2: General Studies (Social Science)
B4: Study Year | C4: Major Type | H4: Head Count Enrolments
D5: 1999-00 | E5: 2000-01 | F5: 2001-02 | G5: 2002-03 | H5: 2003-04 | I5: 2004-05 | J5: 2005-06 | K5: 2006-07 | L5: 2007-08 | M5: 2008-09 | N5: 2011-12 | O5: 2012-13 | P5: 2013-14 | Q5: 2014-15 | R5: 2015-16
C6: Single
C7: Combined
B8: Year I | C8: Sub-Total:
C9: Gen/Integ. Studies | K9: 270 | L9: 391 | M9: =43+307 -> 350 | N9: 309 | O9: 300 | P9: 264 | Q9: 220 | R9: 226
C10: Total: | K10: =SUM(K8:K9) -> 270 | L10: =SUM(L8:L9) -> 391 | M10: =SUM(M8:M9) -> 350 | N10: 309 | O10: 300 | P10: 264 | Q10: 220 | R10: 226
C11: Single
C12: Combined
B13: Year II | C13: Sub-Total:
C14: Gen/Integ. Studies | K14: 99 | L14: 143 | M14: =50+117 -> 167 | N14: 130 | O14: 121 | P14: 121 | Q14: 103 | R14: 89
C15: Total: | K15: =SUM(K13:K14) -> 99 | L15: =SUM(L13:L14) -> 143 | M15: =SUM(M13:M14) -> 167 | N15: 130 | O15: 121 | P15: 121 | Q15: 103 | R15: 89
C16: Single
C17: Combined
B18: Year III | C18: Sub-Total:
C19: Gen/Integ. Studies | K19: 92 | L19: 105 | M19: =18+73 -> 91 | N19: 117 | O19: 88 | P19: 82 | Q19: 88 | R19: 91
C20: Total: | K20: =SUM(K18:K19) -> 92 | L20: =SUM(L18:L19) -> 105 | M20: 91 | N20: 117 | O20: 88 | P20: 82 | Q20: 88 | R20: 91
C21: Single
C22: Combined
B23: Year IV | C23: Sub-Total:
C24: Gen/Integ. Studies | K24: 3 | L24: 5 | M24: =2+7 -> 9 | N24: 6 | O24: 9 | P24: 1 | Q24: 7 | R24: 18
C25: Total: | K25: =SUM(K23:K24) -> 3 | L25: =SUM(L23:L24) -> 5 | M25: =SUM(M23:M24) -> 9 | N25: 6 | O25: 9 | P25: 1 | Q25: 7 | R25: 18
C26: Single | D26: =SUM(D6,D11,D16,D21) -> 0 | E26: =SUM(E6,E11,E16,E21) -> 0
C27: Combined | D27: =SUM(D7,D12,D17,D22) -> 0 | E27: =SUM(E7,E12,E17,E22) -> 0
B28: TOTAL: | C28: Sub-Total: | D28: =D26+D27 -> 0 | E28: =E26+E27 -> 0
C29: Gen/Integ. Studies | D29: =SUM(D9,D14,D19,D24) -> 0 | E29: =SUM(E9,E14,E19,E24) -> 0 | K29: =K24+K19+K14+K9 -> 464 | L29: =L24+L19+L14+L9 -> 644 | M29: =M24+M19+M14+M9 -> 617 | N29: 562 | O29: 518 | P29: 468 | Q29: 418 | R29: 424
C30: Total: | D30: =D28+D29 -> 0 | E30: =E28+E29 -> 0 | K30: =SUM(K28:K29) -> 464 | L30: =SUM(L28:L29) -> 644 | M30: =SUM(M28:M29) -> 617 | N30: 562 | O30: 518 | P30: 468 | Q30: 418 | R30: 424
B31: Male | K31: 217 | L31: 255 | M31: =59+210 -> 269 | N31: 259 | O31: 234 | P31: 218 | Q31: 214 | R31: 210 | S31: =R31/R30 -> 0.49528302
B32: Female | K32: 247 | L32: 389 | M32: =54+294 -> 348 | N32: 303 | O32: 284 | P32: 250 | Q32: 204 | R32: 214 | S32: =R32/R30 -> 0.50471698
B33: Full-Time | K33: 305 | L33: 455 | M33: =66+376 -> 442 | N33: 427 | O33: 381 | P33: 359 | Q33: 301 | R33: 284 | S33: =R33/R30 -> 0.66981132
B34: Part-Time | K34: 159 | L34: 189 | M34: =47+128 -> 175 | N34: 135 | O34: 137 | P34: 109 | Q34: 117 | R34: 140 | S34: =R34/R30 -> 0.33018868
B35: *Prior to 06-07, students in General Studies were reported in the Extra-Faculty section, since no differentiation was made on the Faculty with which a General Studies student was associated. In 2006, separate major codes were created to identify the affiliated Faculties. In addition, the total number of students in General Studies has increased since 2006-07, because no new student was admitted into the "Undeclared Arts" program, these students were admitted to "General Studies" affiliated with a Faculty.
B56: Code:
B57: GENL
B58: GNSS
B59: ARTS - move this code to Extra Faculty majors
